Priorita nicchia,Nicchia,Operatori a Formia,Keyword,Servizio base,Geo,Tipo geo,Fascia,Tipo keyword,Tipo pagina,Nota intento,Volume mensile,Concorrenza,CPC (EUR),Priorita finale
1,Immobiliare,3,agenzia immobiliare costo Formia,agenzia immobiliare costo,Formia,comune,core,commerciale,Pagina servizio x citta,"Confronto costi, medio intento",,,,
1,Immobiliare,3,agenzia immobiliare costo Gaeta,agenzia immobiliare costo,Gaeta,comune,core,commerciale,Pagina servizio x citta,"Confronto costi, medio intento",,,,
1,Immobiliare,3,agenzia immobiliare costo Itri,agenzia immobiliare costo,Itri,comune,core,commerciale,Pagina servizio x citta,"Confronto costi, medio intento",,,,
1,Immobiliare,3,agenzia immobiliare costo Minturno,agenzia immobiliare costo,Minturno,comune,core,commerciale,Pagina servizio x citta,"Confronto costi, medio intento",,,,
1,Immobiliare,3,agenzia immobiliare costo Scauri,agenzia immobiliare costo,Scauri,frazione,core,commerciale,Pagina servizio x citta,"Confronto costi, medio intento",,,,
1,Immobiliare,3,agenzia immobiliare prezzi Formia,agenzia immobiliare prezzi,Formia,comune,core,commerciale,Pagina servizio x citta,"Confronto costi, medio intento",,,,
1,Immobiliare,3,agenzia immobiliare prezzi Gaeta,agenzia immobiliare prezzi,Gaeta,comune,core,commerciale,Pagina servizio x citta,"Confronto costi, medio intento",,,,
1,Immobiliare,3,agenzia immobiliare prezzi Itri,agenzia immobiliare prezzi,Itri,comune,core,commerciale,Pagina servizio x citta,"Confronto costi, medio intento",,,,
1,Immobiliare,3,agenzia immobiliare prezzi Minturno,agenzia immobiliare prezzi,Minturno,comune,core,commerciale,Pagina servizio x citta,"Confronto costi, medio intento",,,,
1,Immobiliare,3,agenzia immobiliare prezzi Scauri,agenzia immobiliare prezzi,Scauri,frazione,core,commerciale,Pagina servizio x citta,"Confronto costi, medio intento",,,,
1,Immobiliare,3,appartamenti in vendita costo Formia,appartamenti in vendita costo,Formia,comune,core,commerciale,Pagina servizio x citta,"Confronto costi, medio intento",,,,
1,Immobiliare,3,appartamenti in vendita costo Gaeta,appartamenti in vendita costo,Gaeta,comune,core,commerciale,Pagina servizio x citta,"Confronto costi, medio intento",,,,
1,Immobiliare,3,appartamenti in vendita costo Itri,appartamenti in vendita costo,Itri,comune,core,commerciale,Pagina servizio x citta,"Confronto costi, medio intento",,,,
1,Immobiliare,3,appartamenti in vendita costo Minturno,appartamenti in vendita costo,Minturno,comune,core,commerciale,Pagina servizio x citta,"Confronto costi, medio intento",,,,
1,Immobiliare,3,appartamenti in vendita costo Scauri,appartamenti in vendita costo,Scauri,frazione,core,commerciale,Pagina servizio x citta,"Confronto costi, medio intento",,,,
1,Immobiliare,3,appartamenti in vendita prezzi Formia,appartamenti in vendita prezzi,Formia,comune,core,commerciale,Pagina servizio x citta,"Confronto costi, medio intento",,,,
1,Immobiliare,3,appartamenti in vendita prezzi Gaeta,appartamenti in vendita prezzi,Gaeta,comune,core,commerciale,Pagina servizio x citta,"Confronto costi, medio intento",,,,
1,Immobiliare,3,appartamenti in vendita prezzi Itri,appartamenti in vendita prezzi,Itri,comune,core,commerciale,Pagina servizio x citta,"Confronto costi, medio intento",,,,
1,Immobiliare,3,appartamenti in vendita prezzi Minturno,appartamenti in vendita prezzi,Minturno,comune,core,commerciale,Pagina servizio x citta,"Confronto costi, medio intento",,,,
1,Immobiliare,3,appartamenti in vendita prezzi Scauri,appartamenti in vendita prezzi,Scauri,frazione,core,commerciale,Pagina servizio x citta,"Confronto costi, medio intento",,,,
1,Immobiliare,3,case in affitto costo Formia,case in affitto costo,Formia,comune,core,commerciale,Pagina servizio x citta,"Confronto costi, medio intento",,,,
1,Immobiliare,3,case in affitto costo Gaeta,case in affitto costo,Gaeta,comune,core,commerciale,Pagina servizio x citta,"Confronto costi, medio intento",,,,
1,Immobiliare,3,case in affitto costo Itri,case in affitto costo,Itri,comune,core,commerciale,Pagina servizio x citta,"Confronto costi, medio intento",,,,
1,Immobiliare,3,case in affitto costo Minturno,case in affitto costo,Minturno,comune,core,commerciale,Pagina servizio x citta,"Confronto costi, medio intento",,,,
1,Immobiliare,3,case in affitto costo Scauri,case in affitto costo,Scauri,frazione,core,commerciale,Pagina servizio x citta,"Confronto costi, medio intento",,,,
1,Immobiliare,3,case in affitto prezzi Formia,case in affitto prezzi,Formia,comune,core,commerciale,Pagina servizio x citta,"Confronto costi, medio intento",,,,
1,Immobiliare,3,case in affitto prezzi Gaeta,case in affitto prezzi,Gaeta,comune,core,commerciale,Pagina servizio x citta,"Confronto costi, medio intento",,,,
1,Immobiliare,3,case in affitto prezzi Itri,case in affitto prezzi,Itri,comune,core,commerciale,Pagina servizio x citta,"Confronto costi, medio intento",,,,
1,Immobiliare,3,case in affitto prezzi Minturno,case in affitto prezzi,Minturno,comune,core,commerciale,Pagina servizio x citta,"Confronto costi, medio intento",,,,
1,Immobiliare,3,case in affitto prezzi Scauri,case in affitto prezzi,Scauri,frazione,core,commerciale,Pagina servizio x citta,"Confronto costi, medio intento",,,,
1,Immobiliare,3,case in vendita costo Formia,case in vendita costo,Formia,comune,core,commerciale,Pagina servizio x citta,"Confronto costi, medio intento",,,,
1,Immobiliare,3,case in vendita costo Gaeta,case in vendita costo,Gaeta,comune,core,commerciale,Pagina servizio x citta,"Confronto costi, medio intento",,,,
1,Immobiliare,3,case in vendita costo Itri,case in vendita costo,Itri,comune,core,commerciale,Pagina servizio x citta,"Confronto costi, medio intento",,,,
1,Immobiliare,3,case in vendita costo Minturno,case in vendita costo,Minturno,comune,core,commerciale,Pagina servizio x citta,"Confronto costi, medio intento",,,,
1,Immobiliare,3,case in vendita costo Scauri,case in vendita costo,Scauri,frazione,core,commerciale,Pagina servizio x citta,"Confronto costi, medio intento",,,,
1,Immobiliare,3,case in vendita prezzi Formia,case in vendita prezzi,Formia,comune,core,commerciale,Pagina servizio x citta,"Confronto costi, medio intento",,,,
1,Immobiliare,3,case in vendita prezzi Gaeta,case in vendita prezzi,Gaeta,comune,core,commerciale,Pagina servizio x citta,"Confronto costi, medio intento",,,,
1,Immobiliare,3,case in vendita prezzi Itri,case in vendita prezzi,Itri,comune,core,commerciale,Pagina servizio x citta,"Confronto costi, medio intento",,,,
1,Immobiliare,3,case in vendita prezzi Minturno,case in vendita prezzi,Minturno,comune,core,commerciale,Pagina servizio x citta,"Confronto costi, medio intento",,,,
1,Immobiliare,3,case in vendita prezzi Scauri,case in vendita prezzi,Scauri,frazione,core,commerciale,Pagina servizio x citta,"Confronto costi, medio intento",,,,
1,Immobiliare,3,case vacanza affitto costo Formia,case vacanza affitto costo,Formia,comune,core,commerciale,Pagina servizio x citta,"Confronto costi, medio intento",,,,
1,Immobiliare,3,case vacanza affitto costo Gaeta,case vacanza affitto costo,Gaeta,comune,core,commerciale,Pagina servizio x citta,"Confronto costi, medio intento",,,,
1,Immobiliare,3,case vacanza affitto costo Itri,case vacanza affitto costo,Itri,comune,core,commerciale,Pagina servizio x citta,"Confronto costi, medio intento",,,,
1,Immobiliare,3,case vacanza affitto costo Minturno,case vacanza affitto costo,Minturno,comune,core,commerciale,Pagina servizio x citta,"Confronto costi, medio intento",,,,
1,Immobiliare,3,case vacanza affitto costo Scauri,case vacanza affitto costo,Scauri,frazione,core,commerciale,Pagina servizio x citta,"Confronto costi, medio intento",,,,
1,Immobiliare,3,case vacanza affitto prezzi Formia,case vacanza affitto prezzi,Formia,comune,core,commerciale,Pagina servizio x citta,"Confronto costi, medio intento",,,,
1,Immobiliare,3,case vacanza affitto prezzi Gaeta,case vacanza affitto prezzi,Gaeta,comune,core,commerciale,Pagina servizio x citta,"Confronto costi, medio intento",,,,
1,Immobiliare,3,case vacanza affitto prezzi Itri,case vacanza affitto prezzi,Itri,comune,core,commerciale,Pagina servizio x citta,"Confronto costi, medio intento",,,,
1,Immobiliare,3,case vacanza affitto prezzi Minturno,case vacanza affitto prezzi,Minturno,comune,core,commerciale,Pagina servizio x citta,"Confronto costi, medio intento",,,,
1,Immobiliare,3,case vacanza affitto prezzi Scauri,case vacanza affitto prezzi,Scauri,frazione,core,commerciale,Pagina servizio x citta,"Confronto costi, medio intento",,,,
1,Immobiliare,3,preventivo agenzia immobiliare Formia,preventivo agenzia immobiliare,Formia,comune,core,commerciale,Pagina servizio x citta,Alto intento: sta chiedendo un prezzo,,,,
1,Immobiliare,3,preventivo agenzia immobiliare Gaeta,preventivo agenzia immobiliare,Gaeta,comune,core,commerciale,Pagina servizio x citta,Alto intento: sta chiedendo un prezzo,,,,
1,Immobiliare,3,preventivo agenzia immobiliare Itri,preventivo agenzia immobiliare,Itri,comune,core,commerciale,Pagina servizio x citta,Alto intento: sta chiedendo un prezzo,,,,
1,Immobiliare,3,preventivo agenzia immobiliare Minturno,preventivo agenzia immobiliare,Minturno,comune,core,commerciale,Pagina servizio x citta,Alto intento: sta chiedendo un prezzo,,,,
1,Immobiliare,3,preventivo agenzia immobiliare Scauri,preventivo agenzia immobiliare,Scauri,frazione,core,commerciale,Pagina servizio x citta,Alto intento: sta chiedendo un prezzo,,,,
1,Immobiliare,3,preventivo appartamenti in vendita Formia,preventivo appartamenti in vendita,Formia,comune,core,commerciale,Pagina servizio x citta,Alto intento: sta chiedendo un prezzo,,,,
1,Immobiliare,3,preventivo appartamenti in vendita Gaeta,preventivo appartamenti in vendita,Gaeta,comune,core,commerciale,Pagina servizio x citta,Alto intento: sta chiedendo un prezzo,,,,
1,Immobiliare,3,preventivo appartamenti in vendita Itri,preventivo appartamenti in vendita,Itri,comune,core,commerciale,Pagina servizio x citta,Alto intento: sta chiedendo un prezzo,,,,
1,Immobiliare,3,preventivo appartamenti in vendita Minturno,preventivo appartamenti in vendita,Minturno,comune,core,commerciale,Pagina servizio x citta,Alto intento: sta chiedendo un prezzo,,,,
1,Immobiliare,3,preventivo appartamenti in vendita Scauri,preventivo appartamenti in vendita,Scauri,frazione,core,commerciale,Pagina servizio x citta,Alto intento: sta chiedendo un prezzo,,,,
1,Immobiliare,3,preventivo case in affitto Formia,preventivo case in affitto,Formia,comune,core,commerciale,Pagina servizio x citta,Alto intento: sta chiedendo un prezzo,,,,
1,Immobiliare,3,preventivo case in affitto Gaeta,preventivo case in affitto,Gaeta,comune,core,commerciale,Pagina servizio x citta,Alto intento: sta chiedendo un prezzo,,,,
1,Immobiliare,3,preventivo case in affitto Itri,preventivo case in affitto,Itri,comune,core,commerciale,Pagina servizio x citta,Alto intento: sta chiedendo un prezzo,,,,
1,Immobiliare,3,preventivo case in affitto Minturno,preventivo case in affitto,Minturno,comune,core,commerciale,Pagina servizio x citta,Alto intento: sta chiedendo un prezzo,,,,
1,Immobiliare,3,preventivo case in affitto Scauri,preventivo case in affitto,Scauri,frazione,core,commerciale,Pagina servizio x citta,Alto intento: sta chiedendo un prezzo,,,,
1,Immobiliare,3,preventivo case in vendita Formia,preventivo case in vendita,Formia,comune,core,commerciale,Pagina servizio x citta,Alto intento: sta chiedendo un prezzo,,,,
1,Immobiliare,3,preventivo case in vendita Gaeta,preventivo case in vendita,Gaeta,comune,core,commerciale,Pagina servizio x citta,Alto intento: sta chiedendo un prezzo,,,,
1,Immobiliare,3,preventivo case in vendita Itri,preventivo case in vendita,Itri,comune,core,commerciale,Pagina servizio x citta,Alto intento: sta chiedendo un prezzo,,,,
1,Immobiliare,3,preventivo case in vendita Minturno,preventivo case in vendita,Minturno,comune,core,commerciale,Pagina servizio x citta,Alto intento: sta chiedendo un prezzo,,,,
1,Immobiliare,3,preventivo case in vendita Scauri,preventivo case in vendita,Scauri,frazione,core,commerciale,Pagina servizio x citta,Alto intento: sta chiedendo un prezzo,,,,
1,Immobiliare,3,preventivo case vacanza affitto Formia,preventivo case vacanza affitto,Formia,comune,core,commerciale,Pagina servizio x citta,Alto intento: sta chiedendo un prezzo,,,,
1,Immobiliare,3,preventivo case vacanza affitto Gaeta,preventivo case vacanza affitto,Gaeta,comune,core,commerciale,Pagina servizio x citta,Alto intento: sta chiedendo un prezzo,,,,
1,Immobiliare,3,preventivo case vacanza affitto Itri,preventivo case vacanza affitto,Itri,comune,core,commerciale,Pagina servizio x citta,Alto intento: sta chiedendo un prezzo,,,,
1,Immobiliare,3,preventivo case vacanza affitto Minturno,preventivo case vacanza affitto,Minturno,comune,core,commerciale,Pagina servizio x citta,Alto intento: sta chiedendo un prezzo,,,,
1,Immobiliare,3,preventivo case vacanza affitto Scauri,preventivo case vacanza affitto,Scauri,frazione,core,commerciale,Pagina servizio x citta,Alto intento: sta chiedendo un prezzo,,,,
1,Immobiliare,3,preventivo valutazione immobile Formia,preventivo valutazione immobile,Formia,comune,core,commerciale,Pagina servizio x citta,Alto intento: sta chiedendo un prezzo,,,,
1,Immobiliare,3,preventivo valutazione immobile Gaeta,preventivo valutazione immobile,Gaeta,comune,core,commerciale,Pagina servizio x citta,Alto intento: sta chiedendo un prezzo,,,,
1,Immobiliare,3,preventivo valutazione immobile Itri,preventivo valutazione immobile,Itri,comune,core,commerciale,Pagina servizio x citta,Alto intento: sta chiedendo un prezzo,,,,
1,Immobiliare,3,preventivo valutazione immobile Minturno,preventivo valutazione immobile,Minturno,comune,core,commerciale,Pagina servizio x citta,Alto intento: sta chiedendo un prezzo,,,,
1,Immobiliare,3,preventivo valutazione immobile Scauri,preventivo valutazione immobile,Scauri,frazione,core,commerciale,Pagina servizio x citta,Alto intento: sta chiedendo un prezzo,,,,
1,Immobiliare,3,preventivo vendere casa Formia,preventivo vendere casa,Formia,comune,core,commerciale,Pagina servizio x citta,Alto intento: sta chiedendo un prezzo,,,,
1,Immobiliare,3,preventivo vendere casa Gaeta,preventivo vendere casa,Gaeta,comune,core,commerciale,Pagina servizio x citta,Alto intento: sta chiedendo un prezzo,,,,
1,Immobiliare,3,preventivo vendere casa Itri,preventivo vendere casa,Itri,comune,core,commerciale,Pagina servizio x citta,Alto intento: sta chiedendo un prezzo,,,,
1,Immobiliare,3,preventivo vendere casa Minturno,preventivo vendere casa,Minturno,comune,core,commerciale,Pagina servizio x citta,Alto intento: sta chiedendo un prezzo,,,,
1,Immobiliare,3,preventivo vendere casa Scauri,preventivo vendere casa,Scauri,frazione,core,commerciale,Pagina servizio x citta,Alto intento: sta chiedendo un prezzo,,,,
1,Immobiliare,3,valutazione immobile costo Formia,valutazione immobile costo,Formia,comune,core,commerciale,Pagina servizio x citta,"Confronto costi, medio intento",,,,
1,Immobiliare,3,valutazione immobile costo Gaeta,valutazione immobile costo,Gaeta,comune,core,commerciale,Pagina servizio x citta,"Confronto costi, medio intento",,,,
1,Immobiliare,3,valutazione immobile costo Itri,valutazione immobile costo,Itri,comune,core,commerciale,Pagina servizio x citta,"Confronto costi, medio intento",,,,
1,Immobiliare,3,valutazione immobile costo Minturno,valutazione immobile costo,Minturno,comune,core,commerciale,Pagina servizio x citta,"Confronto costi, medio intento",,,,
1,Immobiliare,3,valutazione immobile costo Scauri,valutazione immobile costo,Scauri,frazione,core,commerciale,Pagina servizio x citta,"Confronto costi, medio intento",,,,
1,Immobiliare,3,valutazione immobile prezzi Formia,valutazione immobile prezzi,Formia,comune,core,commerciale,Pagina servizio x citta,"Confronto costi, medio intento",,,,
1,Immobiliare,3,valutazione immobile prezzi Gaeta,valutazione immobile prezzi,Gaeta,comune,core,commerciale,Pagina servizio x citta,"Confronto costi, medio intento",,,,
1,Immobiliare,3,valutazione immobile prezzi Itri,valutazione immobile prezzi,Itri,comune,core,commerciale,Pagina servizio x citta,"Confronto costi, medio intento",,,,
1,Immobiliare,3,valutazione immobile prezzi Minturno,valutazione immobile prezzi,Minturno,comune,core,commerciale,Pagina servizio x citta,"Confronto costi, medio intento",,,,
1,Immobiliare,3,valutazione immobile prezzi Scauri,valutazione immobile prezzi,Scauri,frazione,core,commerciale,Pagina servizio x citta,"Confronto costi, medio intento",,,,
1,Immobiliare,3,vendere casa costo Formia,vendere casa costo,Formia,comune,core,commerciale,Pagina servizio x citta,"Confronto costi, medio intento",,,,
1,Immobiliare,3,vendere casa costo Gaeta,vendere casa costo,Gaeta,comune,core,commerciale,Pagina servizio x citta,"Confronto costi, medio intento",,,,
1,Immobiliare,3,vendere casa costo Itri,vendere casa costo,Itri,comune,core,commerciale,Pagina servizio x citta,"Confronto costi, medio intento",,,,
1,Immobiliare,3,vendere casa costo Minturno,vendere casa costo,Minturno,comune,core,commerciale,Pagina servizio x citta,"Confronto costi, medio intento",,,,
1,Immobiliare,3,vendere casa costo Scauri,vendere casa costo,Scauri,frazione,core,commerciale,Pagina servizio x citta,"Confronto costi, medio intento",,,,
1,Immobiliare,3,vendere casa prezzi Formia,vendere casa prezzi,Formia,comune,core,commerciale,Pagina servizio x citta,"Confronto costi, medio intento",,,,
1,Immobiliare,3,vendere casa prezzi Gaeta,vendere casa prezzi,Gaeta,comune,core,commerciale,Pagina servizio x citta,"Confronto costi, medio intento",,,,
1,Immobiliare,3,vendere casa prezzi Itri,vendere casa prezzi,Itri,comune,core,commerciale,Pagina servizio x citta,"Confronto costi, medio intento",,,,
1,Immobiliare,3,vendere casa prezzi Minturno,vendere casa prezzi,Minturno,comune,core,commerciale,Pagina servizio x citta,"Confronto costi, medio intento",,,,
1,Immobiliare,3,vendere casa prezzi Scauri,vendere casa prezzi,Scauri,frazione,core,commerciale,Pagina servizio x citta,"Confronto costi, medio intento",,,,
1,Immobiliare,3,migliore agenzia immobiliare Formia,migliore agenzia immobiliare,Formia,comune,core,comparativo,Pagina servizio x citta,Fase di scelta del fornitore,,,,
1,Immobiliare,3,migliore agenzia immobiliare Gaeta,migliore agenzia immobiliare,Gaeta,comune,core,comparativo,Pagina servizio x citta,Fase di scelta del fornitore,,,,
1,Immobiliare,3,migliore agenzia immobiliare Itri,migliore agenzia immobiliare,Itri,comune,core,comparativo,Pagina servizio x citta,Fase di scelta del fornitore,,,,
1,Immobiliare,3,migliore agenzia immobiliare Minturno,migliore agenzia immobiliare,Minturno,comune,core,comparativo,Pagina servizio x citta,Fase di scelta del fornitore,,,,
1,Immobiliare,3,migliore agenzia immobiliare Scauri,migliore agenzia immobiliare,Scauri,frazione,core,comparativo,Pagina servizio x citta,Fase di scelta del fornitore,,,,
1,Immobiliare,3,migliore appartamenti in vendita Formia,migliore appartamenti in vendita,Formia,comune,core,comparativo,Pagina servizio x citta,Fase di scelta del fornitore,,,,
1,Immobiliare,3,migliore appartamenti in vendita Gaeta,migliore appartamenti in vendita,Gaeta,comune,core,comparativo,Pagina servizio x citta,Fase di scelta del fornitore,,,,
1,Immobiliare,3,migliore appartamenti in vendita Itri,migliore appartamenti in vendita,Itri,comune,core,comparativo,Pagina servizio x citta,Fase di scelta del fornitore,,,,
1,Immobiliare,3,migliore appartamenti in vendita Minturno,migliore appartamenti in vendita,Minturno,comune,core,comparativo,Pagina servizio x citta,Fase di scelta del fornitore,,,,
1,Immobiliare,3,migliore appartamenti in vendita Scauri,migliore appartamenti in vendita,Scauri,frazione,core,comparativo,Pagina servizio x citta,Fase di scelta del fornitore,,,,
1,Immobiliare,3,migliore case in affitto Formia,migliore case in affitto,Formia,comune,core,comparativo,Pagina servizio x citta,Fase di scelta del fornitore,,,,
1,Immobiliare,3,migliore case in affitto Gaeta,migliore case in affitto,Gaeta,comune,core,comparativo,Pagina servizio x citta,Fase di scelta del fornitore,,,,
1,Immobiliare,3,migliore case in affitto Itri,migliore case in affitto,Itri,comune,core,comparativo,Pagina servizio x citta,Fase di scelta del fornitore,,,,
1,Immobiliare,3,migliore case in affitto Minturno,migliore case in affitto,Minturno,comune,core,comparativo,Pagina servizio x citta,Fase di scelta del fornitore,,,,
1,Immobiliare,3,migliore case in affitto Scauri,migliore case in affitto,Scauri,frazione,core,comparativo,Pagina servizio x citta,Fase di scelta del fornitore,,,,
1,Immobiliare,3,migliore case in vendita Formia,migliore case in vendita,Formia,comune,core,comparativo,Pagina servizio x citta,Fase di scelta del fornitore,,,,
1,Immobiliare,3,migliore case in vendita Gaeta,migliore case in vendita,Gaeta,comune,core,comparativo,Pagina servizio x citta,Fase di scelta del fornitore,,,,
1,Immobiliare,3,migliore case in vendita Itri,migliore case in vendita,Itri,comune,core,comparativo,Pagina servizio x citta,Fase di scelta del fornitore,,,,
1,Immobiliare,3,migliore case in vendita Minturno,migliore case in vendita,Minturno,comune,core,comparativo,Pagina servizio x citta,Fase di scelta del fornitore,,,,
1,Immobiliare,3,migliore case in vendita Scauri,migliore case in vendita,Scauri,frazione,core,comparativo,Pagina servizio x citta,Fase di scelta del fornitore,,,,
1,Immobiliare,3,migliore case vacanza affitto Formia,migliore case vacanza affitto,Formia,comune,core,comparativo,Pagina servizio x citta,Fase di scelta del fornitore,,,,
1,Immobiliare,3,migliore case vacanza affitto Gaeta,migliore case vacanza affitto,Gaeta,comune,core,comparativo,Pagina servizio x citta,Fase di scelta del fornitore,,,,
1,Immobiliare,3,migliore case vacanza affitto Itri,migliore case vacanza affitto,Itri,comune,core,comparativo,Pagina servizio x citta,Fase di scelta del fornitore,,,,
1,Immobiliare,3,migliore case vacanza affitto Minturno,migliore case vacanza affitto,Minturno,comune,core,comparativo,Pagina servizio x citta,Fase di scelta del fornitore,,,,
1,Immobiliare,3,migliore case vacanza affitto Scauri,migliore case vacanza affitto,Scauri,frazione,core,comparativo,Pagina servizio x citta,Fase di scelta del fornitore,,,,
1,Immobiliare,3,migliore valutazione immobile Formia,migliore valutazione immobile,Formia,comune,core,comparativo,Pagina servizio x citta,Fase di scelta del fornitore,,,,
1,Immobiliare,3,migliore valutazione immobile Gaeta,migliore valutazione immobile,Gaeta,comune,core,comparativo,Pagina servizio x citta,Fase di scelta del fornitore,,,,
1,Immobiliare,3,migliore valutazione immobile Itri,migliore valutazione immobile,Itri,comune,core,comparativo,Pagina servizio x citta,Fase di scelta del fornitore,,,,
1,Immobiliare,3,migliore valutazione immobile Minturno,migliore valutazione immobile,Minturno,comune,core,comparativo,Pagina servizio x citta,Fase di scelta del fornitore,,,,
1,Immobiliare,3,migliore valutazione immobile Scauri,migliore valutazione immobile,Scauri,frazione,core,comparativo,Pagina servizio x citta,Fase di scelta del fornitore,,,,
1,Immobiliare,3,migliore vendere casa Formia,migliore vendere casa,Formia,comune,core,comparativo,Pagina servizio x citta,Fase di scelta del fornitore,,,,
1,Immobiliare,3,migliore vendere casa Gaeta,migliore vendere casa,Gaeta,comune,core,comparativo,Pagina servizio x citta,Fase di scelta del fornitore,,,,
1,Immobiliare,3,migliore vendere casa Itri,migliore vendere casa,Itri,comune,core,comparativo,Pagina servizio x citta,Fase di scelta del fornitore,,,,
1,Immobiliare,3,migliore vendere casa Minturno,migliore vendere casa,Minturno,comune,core,comparativo,Pagina servizio x citta,Fase di scelta del fornitore,,,,
1,Immobiliare,3,migliore vendere casa Scauri,migliore vendere casa,Scauri,frazione,core,comparativo,Pagina servizio x citta,Fase di scelta del fornitore,,,,
1,Immobiliare,3,agenzia immobiliare Castelforte,agenzia immobiliare,Castelforte,comune,espansione,core,Pagina servizio x citta,Testa: query principale della nicchia,,,,
1,Immobiliare,3,agenzia immobiliare Fondi,agenzia immobiliare,Fondi,comune,espansione,core,Pagina servizio x citta,Testa: query principale della nicchia,,,,
1,Immobiliare,3,agenzia immobiliare Formia,agenzia immobiliare,Formia,comune,core,core,Pagina servizio x citta,Testa: query principale della nicchia,,,,
1,Immobiliare,3,agenzia immobiliare Gaeta,agenzia immobiliare,Gaeta,comune,core,core,Pagina servizio x citta,Testa: query principale della nicchia,,,,
1,Immobiliare,3,agenzia immobiliare Itri,agenzia immobiliare,Itri,comune,core,core,Pagina servizio x citta,Testa: query principale della nicchia,,,,
1,Immobiliare,3,agenzia immobiliare Minturno,agenzia immobiliare,Minturno,comune,core,core,Pagina servizio x citta,Testa: query principale della nicchia,,,,
1,Immobiliare,3,agenzia immobiliare Santi Cosma e Damiano,agenzia immobiliare,Santi Cosma e Damiano,comune,espansione,core,Pagina servizio x citta,Testa: query principale della nicchia,,,,
1,Immobiliare,3,agenzia immobiliare Scauri,agenzia immobiliare,Scauri,frazione,core,core,Pagina servizio x citta,Testa: query principale della nicchia,,,,
1,Immobiliare,3,appartamenti in vendita Castelforte,appartamenti in vendita,Castelforte,comune,espansione,core,Pagina servizio x citta,Testa: query principale della nicchia,,,,
1,Immobiliare,3,appartamenti in vendita Fondi,appartamenti in vendita,Fondi,comune,espansione,core,Pagina servizio x citta,Testa: query principale della nicchia,,,,
1,Immobiliare,3,appartamenti in vendita Formia,appartamenti in vendita,Formia,comune,core,core,Pagina servizio x citta,Testa: query principale della nicchia,,,,
1,Immobiliare,3,appartamenti in vendita Gaeta,appartamenti in vendita,Gaeta,comune,core,core,Pagina servizio x citta,Testa: query principale della nicchia,,,,
1,Immobiliare,3,appartamenti in vendita Itri,appartamenti in vendita,Itri,comune,core,core,Pagina servizio x citta,Testa: query principale della nicchia,,,,
1,Immobiliare,3,appartamenti in vendita Minturno,appartamenti in vendita,Minturno,comune,core,core,Pagina servizio x citta,Testa: query principale della nicchia,,,,
1,Immobiliare,3,appartamenti in vendita Santi Cosma e Damiano,appartamenti in vendita,Santi Cosma e Damiano,comune,espansione,core,Pagina servizio x citta,Testa: query principale della nicchia,,,,
1,Immobiliare,3,appartamenti in vendita Scauri,appartamenti in vendita,Scauri,frazione,core,core,Pagina servizio x citta,Testa: query principale della nicchia,,,,
1,Immobiliare,3,case in affitto Castelforte,case in affitto,Castelforte,comune,espansione,core,Pagina servizio x citta,Testa: query principale della nicchia,,,,
1,Immobiliare,3,case in affitto Fondi,case in affitto,Fondi,comune,espansione,core,Pagina servizio x citta,Testa: query principale della nicchia,,,,
1,Immobiliare,3,case in affitto Formia,case in affitto,Formia,comune,core,core,Pagina servizio x citta,Testa: query principale della nicchia,,,,
1,Immobiliare,3,case in affitto Gaeta,case in affitto,Gaeta,comune,core,core,Pagina servizio x citta,Testa: query principale della nicchia,,,,
1,Immobiliare,3,case in affitto Itri,case in affitto,Itri,comune,core,core,Pagina servizio x citta,Testa: query principale della nicchia,,,,
1,Immobiliare,3,case in affitto Minturno,case in affitto,Minturno,comune,core,core,Pagina servizio x citta,Testa: query principale della nicchia,,,,
1,Immobiliare,3,case in affitto Santi Cosma e Damiano,case in affitto,Santi Cosma e Damiano,comune,espansione,core,Pagina servizio x citta,Testa: query principale della nicchia,,,,
1,Immobiliare,3,case in affitto Scauri,case in affitto,Scauri,frazione,core,core,Pagina servizio x citta,Testa: query principale della nicchia,,,,
1,Immobiliare,3,case in vendita Castelforte,case in vendita,Castelforte,comune,espansione,core,Pagina servizio x citta,Testa: query principale della nicchia,,,,
1,Immobiliare,3,case in vendita Fondi,case in vendita,Fondi,comune,espansione,core,Pagina servizio x citta,Testa: query principale della nicchia,,,,
1,Immobiliare,3,case in vendita Formia,case in vendita,Formia,comune,core,core,Pagina servizio x citta,Testa: query principale della nicchia,,,,
1,Immobiliare,3,case in vendita Gaeta,case in vendita,Gaeta,comune,core,core,Pagina servizio x citta,Testa: query principale della nicchia,,,,
1,Immobiliare,3,case in vendita Itri,case in vendita,Itri,comune,core,core,Pagina servizio x citta,Testa: query principale della nicchia,,,,
1,Immobiliare,3,case in vendita Minturno,case in vendita,Minturno,comune,core,core,Pagina servizio x citta,Testa: query principale della nicchia,,,,
1,Immobiliare,3,case in vendita Santi Cosma e Damiano,case in vendita,Santi Cosma e Damiano,comune,espansione,core,Pagina servizio x citta,Testa: query principale della nicchia,,,,
1,Immobiliare,3,case in vendita Scauri,case in vendita,Scauri,frazione,core,core,Pagina servizio x citta,Testa: query principale della nicchia,,,,
1,Immobiliare,3,case vacanza affitto Castelforte,case vacanza affitto,Castelforte,comune,espansione,core,Pagina servizio x citta,Testa: query principale della nicchia,,,,
1,Immobiliare,3,case vacanza affitto Fondi,case vacanza affitto,Fondi,comune,espansione,core,Pagina servizio x citta,Testa: query principale della nicchia,,,,
1,Immobiliare,3,case vacanza affitto Formia,case vacanza affitto,Formia,comune,core,core,Pagina servizio x citta,Testa: query principale della nicchia,,,,
1,Immobiliare,3,case vacanza affitto Gaeta,case vacanza affitto,Gaeta,comune,core,core,Pagina servizio x citta,Testa: query principale della nicchia,,,,
1,Immobiliare,3,case vacanza affitto Itri,case vacanza affitto,Itri,comune,core,core,Pagina servizio x citta,Testa: query principale della nicchia,,,,
1,Immobiliare,3,case vacanza affitto Minturno,case vacanza affitto,Minturno,comune,core,core,Pagina servizio x citta,Testa: query principale della nicchia,,,,
1,Immobiliare,3,case vacanza affitto Santi Cosma e Damiano,case vacanza affitto,Santi Cosma e Damiano,comune,espansione,core,Pagina servizio x citta,Testa: query principale della nicchia,,,,
1,Immobiliare,3,case vacanza affitto Scauri,case vacanza affitto,Scauri,frazione,core,core,Pagina servizio x citta,Testa: query principale della nicchia,,,,
1,Immobiliare,3,valutazione immobile Castelforte,valutazione immobile,Castelforte,comune,espansione,core,Pagina servizio x citta,Testa: query principale della nicchia,,,,
1,Immobiliare,3,valutazione immobile Fondi,valutazione immobile,Fondi,comune,espansione,core,Pagina servizio x citta,Testa: query principale della nicchia,,,,
1,Immobiliare,3,valutazione immobile Formia,valutazione immobile,Formia,comune,core,core,Pagina servizio x citta,Testa: query principale della nicchia,,,,
1,Immobiliare,3,valutazione immobile Gaeta,valutazione immobile,Gaeta,comune,core,core,Pagina servizio x citta,Testa: query principale della nicchia,,,,
1,Immobiliare,3,valutazione immobile Itri,valutazione immobile,Itri,comune,core,core,Pagina servizio x citta,Testa: query principale della nicchia,,,,
1,Immobiliare,3,valutazione immobile Minturno,valutazione immobile,Minturno,comune,core,core,Pagina servizio x citta,Testa: query principale della nicchia,,,,
1,Immobiliare,3,valutazione immobile Santi Cosma e Damiano,valutazione immobile,Santi Cosma e Damiano,comune,espansione,core,Pagina servizio x citta,Testa: query principale della nicchia,,,,
1,Immobiliare,3,valutazione immobile Scauri,valutazione immobile,Scauri,frazione,core,core,Pagina servizio x citta,Testa: query principale della nicchia,,,,
1,Immobiliare,3,vendere casa Castelforte,vendere casa,Castelforte,comune,espansione,core,Pagina servizio x citta,Testa: query principale della nicchia,,,,
1,Immobiliare,3,vendere casa Fondi,vendere casa,Fondi,comune,espansione,core,Pagina servizio x citta,Testa: query principale della nicchia,,,,
1,Immobiliare,3,vendere casa Formia,vendere casa,Formia,comune,core,core,Pagina servizio x citta,Testa: query principale della nicchia,,,,
1,Immobiliare,3,vendere casa Gaeta,vendere casa,Gaeta,comune,core,core,Pagina servizio x citta,Testa: query principale della nicchia,,,,
1,Immobiliare,3,vendere casa Itri,vendere casa,Itri,comune,core,core,Pagina servizio x citta,Testa: query principale della nicchia,,,,
1,Immobiliare,3,vendere casa Minturno,vendere casa,Minturno,comune,core,core,Pagina servizio x citta,Testa: query principale della nicchia,,,,
1,Immobiliare,3,vendere casa Santi Cosma e Damiano,vendere casa,Santi Cosma e Damiano,comune,espansione,core,Pagina servizio x citta,Testa: query principale della nicchia,,,,
1,Immobiliare,3,vendere casa Scauri,vendere casa,Scauri,frazione,core,core,Pagina servizio x citta,Testa: query principale della nicchia,,,,
1,Immobiliare,3,agenzia immobiliare urgente Formia,agenzia immobiliare urgente,Formia,comune,core,emergenza,Pagina servizio x citta,"Massimo intento, chiama subito",,,,
1,Immobiliare,3,agenzia immobiliare urgente Gaeta,agenzia immobiliare urgente,Gaeta,comune,core,emergenza,Pagina servizio x citta,"Massimo intento, chiama subito",,,,
1,Immobiliare,3,agenzia immobiliare urgente Itri,agenzia immobiliare urgente,Itri,comune,core,emergenza,Pagina servizio x citta,"Massimo intento, chiama subito",,,,
1,Immobiliare,3,agenzia immobiliare urgente Minturno,agenzia immobiliare urgente,Minturno,comune,core,emergenza,Pagina servizio x citta,"Massimo intento, chiama subito",,,,
1,Immobiliare,3,agenzia immobiliare urgente Scauri,agenzia immobiliare urgente,Scauri,frazione,core,emergenza,Pagina servizio x citta,"Massimo intento, chiama subito",,,,
1,Immobiliare,3,appartamenti in vendita urgente Formia,appartamenti in vendita urgente,Formia,comune,core,emergenza,Pagina servizio x citta,"Massimo intento, chiama subito",,,,
1,Immobiliare,3,appartamenti in vendita urgente Gaeta,appartamenti in vendita urgente,Gaeta,comune,core,emergenza,Pagina servizio x citta,"Massimo intento, chiama subito",,,,
1,Immobiliare,3,appartamenti in vendita urgente Itri,appartamenti in vendita urgente,Itri,comune,core,emergenza,Pagina servizio x citta,"Massimo intento, chiama subito",,,,
1,Immobiliare,3,appartamenti in vendita urgente Minturno,appartamenti in vendita urgente,Minturno,comune,core,emergenza,Pagina servizio x citta,"Massimo intento, chiama subito",,,,
1,Immobiliare,3,appartamenti in vendita urgente Scauri,appartamenti in vendita urgente,Scauri,frazione,core,emergenza,Pagina servizio x citta,"Massimo intento, chiama subito",,,,
1,Immobiliare,3,case in affitto urgente Formia,case in affitto urgente,Formia,comune,core,emergenza,Pagina servizio x citta,"Massimo intento, chiama subito",,,,
1,Immobiliare,3,case in affitto urgente Gaeta,case in affitto urgente,Gaeta,comune,core,emergenza,Pagina servizio x citta,"Massimo intento, chiama subito",,,,
1,Immobiliare,3,case in affitto urgente Itri,case in affitto urgente,Itri,comune,core,emergenza,Pagina servizio x citta,"Massimo intento, chiama subito",,,,
1,Immobiliare,3,case in affitto urgente Minturno,case in affitto urgente,Minturno,comune,core,emergenza,Pagina servizio x citta,"Massimo intento, chiama subito",,,,
1,Immobiliare,3,case in affitto urgente Scauri,case in affitto urgente,Scauri,frazione,core,emergenza,Pagina servizio x citta,"Massimo intento, chiama subito",,,,
1,Immobiliare,3,case in vendita urgente Formia,case in vendita urgente,Formia,comune,core,emergenza,Pagina servizio x citta,"Massimo intento, chiama subito",,,,
1,Immobiliare,3,case in vendita urgente Gaeta,case in vendita urgente,Gaeta,comune,core,emergenza,Pagina servizio x citta,"Massimo intento, chiama subito",,,,
1,Immobiliare,3,case in vendita urgente Itri,case in vendita urgente,Itri,comune,core,emergenza,Pagina servizio x citta,"Massimo intento, chiama subito",,,,
1,Immobiliare,3,case in vendita urgente Minturno,case in vendita urgente,Minturno,comune,core,emergenza,Pagina servizio x citta,"Massimo intento, chiama subito",,,,
1,Immobiliare,3,case in vendita urgente Scauri,case in vendita urgente,Scauri,frazione,core,emergenza,Pagina servizio x citta,"Massimo intento, chiama subito",,,,
1,Immobiliare,3,case vacanza affitto urgente Formia,case vacanza affitto urgente,Formia,comune,core,emergenza,Pagina servizio x citta,"Massimo intento, chiama subito",,,,
1,Immobiliare,3,case vacanza affitto urgente Gaeta,case vacanza affitto urgente,Gaeta,comune,core,emergenza,Pagina servizio x citta,"Massimo intento, chiama subito",,,,
1,Immobiliare,3,case vacanza affitto urgente Itri,case vacanza affitto urgente,Itri,comune,core,emergenza,Pagina servizio x citta,"Massimo intento, chiama subito",,,,
1,Immobiliare,3,case vacanza affitto urgente Minturno,case vacanza affitto urgente,Minturno,comune,core,emergenza,Pagina servizio x citta,"Massimo intento, chiama subito",,,,
1,Immobiliare,3,case vacanza affitto urgente Scauri,case vacanza affitto urgente,Scauri,frazione,core,emergenza,Pagina servizio x citta,"Massimo intento, chiama subito",,,,
1,Immobiliare,3,valutazione immobile urgente Formia,valutazione immobile urgente,Formia,comune,core,emergenza,Pagina servizio x citta,"Massimo intento, chiama subito",,,,
1,Immobiliare,3,valutazione immobile urgente Gaeta,valutazione immobile urgente,Gaeta,comune,core,emergenza,Pagina servizio x citta,"Massimo intento, chiama subito",,,,
1,Immobiliare,3,valutazione immobile urgente Itri,valutazione immobile urgente,Itri,comune,core,emergenza,Pagina servizio x citta,"Massimo intento, chiama subito",,,,
1,Immobiliare,3,valutazione immobile urgente Minturno,valutazione immobile urgente,Minturno,comune,core,emergenza,Pagina servizio x citta,"Massimo intento, chiama subito",,,,
1,Immobiliare,3,valutazione immobile urgente Scauri,valutazione immobile urgente,Scauri,frazione,core,emergenza,Pagina servizio x citta,"Massimo intento, chiama subito",,,,
1,Immobiliare,3,vendere casa urgente Formia,vendere casa urgente,Formia,comune,core,emergenza,Pagina servizio x citta,"Massimo intento, chiama subito",,,,
1,Immobiliare,3,vendere casa urgente Gaeta,vendere casa urgente,Gaeta,comune,core,emergenza,Pagina servizio x citta,"Massimo intento, chiama subito",,,,
1,Immobiliare,3,vendere casa urgente Itri,vendere casa urgente,Itri,comune,core,emergenza,Pagina servizio x citta,"Massimo intento, chiama subito",,,,
1,Immobiliare,3,vendere casa urgente Minturno,vendere casa urgente,Minturno,comune,core,emergenza,Pagina servizio x citta,"Massimo intento, chiama subito",,,,
1,Immobiliare,3,vendere casa urgente Scauri,vendere casa urgente,Scauri,frazione,core,emergenza,Pagina servizio x citta,"Massimo intento, chiama subito",,,,
1,Immobiliare,3,documenti per vendere casa,documenti per vendere casa,-,-,nazionale,informazionale,Articolo blog,"TOFU: traffico e autorita, non conversione diretta",,,,
1,Immobiliare,3,quanto costa vendere casa con agenzia,quanto costa vendere casa con agenzia,-,-,nazionale,informazionale,Articolo blog,"TOFU: traffico e autorita, non conversione diretta",,,,
1,Immobiliare,3,agenzia immobiliare Castellonorato,agenzia immobiliare,Castellonorato,frazione,core,iperlocale,Pagina frazione,"Coda lunga: bassa concorrenza, alto tasso conversione",,,,
1,Immobiliare,3,agenzia immobiliare Gianola,agenzia immobiliare,Gianola,frazione,core,iperlocale,Pagina frazione,"Coda lunga: bassa concorrenza, alto tasso conversione",,,,
1,Immobiliare,3,agenzia immobiliare Maranola,agenzia immobiliare,Maranola,frazione,core,iperlocale,Pagina frazione,"Coda lunga: bassa concorrenza, alto tasso conversione",,,,
1,Immobiliare,3,agenzia immobiliare Penitro,agenzia immobiliare,Penitro,frazione,core,iperlocale,Pagina frazione,"Coda lunga: bassa concorrenza, alto tasso conversione",,,,
1,Immobiliare,3,agenzia immobiliare Trivio,agenzia immobiliare,Trivio,frazione,core,iperlocale,Pagina frazione,"Coda lunga: bassa concorrenza, alto tasso conversione",,,,
1,Immobiliare,3,agenzia immobiliare Vindicio,agenzia immobiliare,Vindicio,frazione,core,iperlocale,Pagina frazione,"Coda lunga: bassa concorrenza, alto tasso conversione",,,,
1,Immobiliare,3,case in vendita Castellonorato,case in vendita,Castellonorato,frazione,core,iperlocale,Pagina frazione,"Coda lunga: bassa concorrenza, alto tasso conversione",,,,
1,Immobiliare,3,case in vendita Gianola,case in vendita,Gianola,frazione,core,iperlocale,Pagina frazione,"Coda lunga: bassa concorrenza, alto tasso conversione",,,,
1,Immobiliare,3,case in vendita Maranola,case in vendita,Maranola,frazione,core,iperlocale,Pagina frazione,"Coda lunga: bassa concorrenza, alto tasso conversione",,,,
1,Immobiliare,3,case in vendita Penitro,case in vendita,Penitro,frazione,core,iperlocale,Pagina frazione,"Coda lunga: bassa concorrenza, alto tasso conversione",,,,
1,Immobiliare,3,case in vendita Trivio,case in vendita,Trivio,frazione,core,iperlocale,Pagina frazione,"Coda lunga: bassa concorrenza, alto tasso conversione",,,,
1,Immobiliare,3,case in vendita Vindicio,case in vendita,Vindicio,frazione,core,iperlocale,Pagina frazione,"Coda lunga: bassa concorrenza, alto tasso conversione",,,,
1,Immobiliare,3,valutazione immobile Castellonorato,valutazione immobile,Castellonorato,frazione,core,iperlocale,Pagina frazione,"Coda lunga: bassa concorrenza, alto tasso conversione",,,,
1,Immobiliare,3,valutazione immobile Gianola,valutazione immobile,Gianola,frazione,core,iperlocale,Pagina frazione,"Coda lunga: bassa concorrenza, alto tasso conversione",,,,
1,Immobiliare,3,valutazione immobile Maranola,valutazione immobile,Maranola,frazione,core,iperlocale,Pagina frazione,"Coda lunga: bassa concorrenza, alto tasso conversione",,,,
1,Immobiliare,3,valutazione immobile Penitro,valutazione immobile,Penitro,frazione,core,iperlocale,Pagina frazione,"Coda lunga: bassa concorrenza, alto tasso conversione",,,,
1,Immobiliare,3,valutazione immobile Trivio,valutazione immobile,Trivio,frazione,core,iperlocale,Pagina frazione,"Coda lunga: bassa concorrenza, alto tasso conversione",,,,
1,Immobiliare,3,valutazione immobile Vindicio,valutazione immobile,Vindicio,frazione,core,iperlocale,Pagina frazione,"Coda lunga: bassa concorrenza, alto tasso conversione",,,,
1,Immobiliare,3,vendere casa Castellonorato,vendere casa,Castellonorato,frazione,core,iperlocale,Pagina frazione,"Coda lunga: bassa concorrenza, alto tasso conversione",,,,
1,Immobiliare,3,vendere casa Gianola,vendere casa,Gianola,frazione,core,iperlocale,Pagina frazione,"Coda lunga: bassa concorrenza, alto tasso conversione",,,,
1,Immobiliare,3,vendere casa Maranola,vendere casa,Maranola,frazione,core,iperlocale,Pagina frazione,"Coda lunga: bassa concorrenza, alto tasso conversione",,,,
1,Immobiliare,3,vendere casa Penitro,vendere casa,Penitro,frazione,core,iperlocale,Pagina frazione,"Coda lunga: bassa concorrenza, alto tasso conversione",,,,
1,Immobiliare,3,vendere casa Trivio,vendere casa,Trivio,frazione,core,iperlocale,Pagina frazione,"Coda lunga: bassa concorrenza, alto tasso conversione",,,,
1,Immobiliare,3,vendere casa Vindicio,vendere casa,Vindicio,frazione,core,iperlocale,Pagina frazione,"Coda lunga: bassa concorrenza, alto tasso conversione",,,,
1,Ristrutturazioni,12,ampliamento casa costo Formia,ampliamento casa costo,Formia,comune,core,commerciale,Pagina servizio x citta,"Confronto costi, medio intento",,,,
1,Ristrutturazioni,12,ampliamento casa costo Gaeta,ampliamento casa costo,Gaeta,comune,core,commerciale,Pagina servizio x citta,"Confronto costi, medio intento",,,,
1,Ristrutturazioni,12,ampliamento casa costo Itri,ampliamento casa costo,Itri,comune,core,commerciale,Pagina servizio x citta,"Confronto costi, medio intento",,,,
1,Ristrutturazioni,12,ampliamento casa costo Minturno,ampliamento casa costo,Minturno,comune,core,commerciale,Pagina servizio x citta,"Confronto costi, medio intento",,,,
1,Ristrutturazioni,12,ampliamento casa costo Scauri,ampliamento casa costo,Scauri,frazione,core,commerciale,Pagina servizio x citta,"Confronto costi, medio intento",,,,
1,Ristrutturazioni,12,ampliamento casa prezzi Formia,ampliamento casa prezzi,Formia,comune,core,commerciale,Pagina servizio x citta,"Confronto costi, medio intento",,,,
1,Ristrutturazioni,12,ampliamento casa prezzi Gaeta,ampliamento casa prezzi,Gaeta,comune,core,commerciale,Pagina servizio x citta,"Confronto costi, medio intento",,,,
1,Ristrutturazioni,12,ampliamento casa prezzi Itri,ampliamento casa prezzi,Itri,comune,core,commerciale,Pagina servizio x citta,"Confronto costi, medio intento",,,,
1,Ristrutturazioni,12,ampliamento casa prezzi Minturno,ampliamento casa prezzi,Minturno,comune,core,commerciale,Pagina servizio x citta,"Confronto costi, medio intento",,,,
1,Ristrutturazioni,12,ampliamento casa prezzi Scauri,ampliamento casa prezzi,Scauri,frazione,core,commerciale,Pagina servizio x citta,"Confronto costi, medio intento",,,,
1,Ristrutturazioni,12,cappotto termico costo Formia,cappotto termico costo,Formia,comune,core,commerciale,Pagina servizio x citta,"Confronto costi, medio intento",,,,
1,Ristrutturazioni,12,cappotto termico costo Gaeta,cappotto termico costo,Gaeta,comune,core,commerciale,Pagina servizio x citta,"Confronto costi, medio intento",,,,
1,Ristrutturazioni,12,cappotto termico costo Itri,cappotto termico costo,Itri,comune,core,commerciale,Pagina servizio x citta,"Confronto costi, medio intento",,,,
1,Ristrutturazioni,12,cappotto termico costo Minturno,cappotto termico costo,Minturno,comune,core,commerciale,Pagina servizio x citta,"Confronto costi, medio intento",,,,
1,Ristrutturazioni,12,cappotto termico costo Scauri,cappotto termico costo,Scauri,frazione,core,commerciale,Pagina servizio x citta,"Confronto costi, medio intento",,,,
1,Ristrutturazioni,12,cappotto termico prezzi Formia,cappotto termico prezzi,Formia,comune,core,commerciale,Pagina servizio x citta,"Confronto costi, medio intento",,,,
1,Ristrutturazioni,12,cappotto termico prezzi Gaeta,cappotto termico prezzi,Gaeta,comune,core,commerciale,Pagina servizio x citta,"Confronto costi, medio intento",,,,
1,Ristrutturazioni,12,cappotto termico prezzi Itri,cappotto termico prezzi,Itri,comune,core,commerciale,Pagina servizio x citta,"Confronto costi, medio intento",,,,
1,Ristrutturazioni,12,cappotto termico prezzi Minturno,cappotto termico prezzi,Minturno,comune,core,commerciale,Pagina servizio x citta,"Confronto costi, medio intento",,,,
1,Ristrutturazioni,12,cappotto termico prezzi Scauri,cappotto termico prezzi,Scauri,frazione,core,commerciale,Pagina servizio x citta,"Confronto costi, medio intento",,,,
1,Ristrutturazioni,12,impresa edile costo Formia,impresa edile costo,Formia,comune,core,commerciale,Pagina servizio x citta,"Confronto costi, medio intento",,,,
1,Ristrutturazioni,12,impresa edile costo Gaeta,impresa edile costo,Gaeta,comune,core,commerciale,Pagina servizio x citta,"Confronto costi, medio intento",,,,
1,Ristrutturazioni,12,impresa edile costo Itri,impresa edile costo,Itri,comune,core,commerciale,Pagina servizio x citta,"Confronto costi, medio intento",,,,
1,Ristrutturazioni,12,impresa edile costo Minturno,impresa edile costo,Minturno,comune,core,commerciale,Pagina servizio x citta,"Confronto costi, medio intento",,,,
1,Ristrutturazioni,12,impresa edile costo Scauri,impresa edile costo,Scauri,frazione,core,commerciale,Pagina servizio x citta,"Confronto costi, medio intento",,,,
1,Ristrutturazioni,12,impresa edile prezzi Formia,impresa edile prezzi,Formia,comune,core,commerciale,Pagina servizio x citta,"Confronto costi, medio intento",,,,
1,Ristrutturazioni,12,impresa edile prezzi Gaeta,impresa edile prezzi,Gaeta,comune,core,commerciale,Pagina servizio x citta,"Confronto costi, medio intento",,,,
1,Ristrutturazioni,12,impresa edile prezzi Itri,impresa edile prezzi,Itri,comune,core,commerciale,Pagina servizio x citta,"Confronto costi, medio intento",,,,
1,Ristrutturazioni,12,impresa edile prezzi Minturno,impresa edile prezzi,Minturno,comune,core,commerciale,Pagina servizio x citta,"Confronto costi, medio intento",,,,
1,Ristrutturazioni,12,impresa edile prezzi Scauri,impresa edile prezzi,Scauri,frazione,core,commerciale,Pagina servizio x citta,"Confronto costi, medio intento",,,,
1,Ristrutturazioni,12,manutenzione straordinaria condominio costo Formia,manutenzione straordinaria condominio costo,Formia,comune,core,commerciale,Pagina servizio x citta,"Confronto costi, medio intento",,,,
1,Ristrutturazioni,12,manutenzione straordinaria condominio costo Gaeta,manutenzione straordinaria condominio costo,Gaeta,comune,core,commerciale,Pagina servizio x citta,"Confronto costi, medio intento",,,,
1,Ristrutturazioni,12,manutenzione straordinaria condominio costo Itri,manutenzione straordinaria condominio costo,Itri,comune,core,commerciale,Pagina servizio x citta,"Confronto costi, medio intento",,,,
1,Ristrutturazioni,12,manutenzione straordinaria condominio costo Minturno,manutenzione straordinaria condominio costo,Minturno,comune,core,commerciale,Pagina servizio x citta,"Confronto costi, medio intento",,,,
1,Ristrutturazioni,12,manutenzione straordinaria condominio costo Scauri,manutenzione straordinaria condominio costo,Scauri,frazione,core,commerciale,Pagina servizio x citta,"Confronto costi, medio intento",,,,
1,Ristrutturazioni,12,manutenzione straordinaria condominio prezzi Formia,manutenzione straordinaria condominio prezzi,Formia,comune,core,commerciale,Pagina servizio x citta,"Confronto costi, medio intento",,,,
1,Ristrutturazioni,12,manutenzione straordinaria condominio prezzi Gaeta,manutenzione straordinaria condominio prezzi,Gaeta,comune,core,commerciale,Pagina servizio x citta,"Confronto costi, medio intento",,,,
1,Ristrutturazioni,12,manutenzione straordinaria condominio prezzi Itri,manutenzione straordinaria condominio prezzi,Itri,comune,core,commerciale,Pagina servizio x citta,"Confronto costi, medio intento",,,,
1,Ristrutturazioni,12,manutenzione straordinaria condominio prezzi Minturno,manutenzione straordinaria condominio prezzi,Minturno,comune,core,commerciale,Pagina servizio x citta,"Confronto costi, medio intento",,,,
1,Ristrutturazioni,12,manutenzione straordinaria condominio prezzi Scauri,manutenzione straordinaria condominio prezzi,Scauri,frazione,core,commerciale,Pagina servizio x citta,"Confronto costi, medio intento",,,,
1,Ristrutturazioni,12,massetto e pavimentazione costo Formia,massetto e pavimentazione costo,Formia,comune,core,commerciale,Pagina servizio x citta,"Confronto costi, medio intento",,,,
1,Ristrutturazioni,12,massetto e pavimentazione costo Gaeta,massetto e pavimentazione costo,Gaeta,comune,core,commerciale,Pagina servizio x citta,"Confronto costi, medio intento",,,,
1,Ristrutturazioni,12,massetto e pavimentazione costo Itri,massetto e pavimentazione costo,Itri,comune,core,commerciale,Pagina servizio x citta,"Confronto costi, medio intento",,,,
1,Ristrutturazioni,12,massetto e pavimentazione costo Minturno,massetto e pavimentazione costo,Minturno,comune,core,commerciale,Pagina servizio x citta,"Confronto costi, medio intento",,,,
1,Ristrutturazioni,12,massetto e pavimentazione costo Scauri,massetto e pavimentazione costo,Scauri,frazione,core,commerciale,Pagina servizio x citta,"Confronto costi, medio intento",,,,
1,Ristrutturazioni,12,massetto e pavimentazione prezzi Formia,massetto e pavimentazione prezzi,Formia,comune,core,commerciale,Pagina servizio x citta,"Confronto costi, medio intento",,,,
1,Ristrutturazioni,12,massetto e pavimentazione prezzi Gaeta,massetto e pavimentazione prezzi,Gaeta,comune,core,commerciale,Pagina servizio x citta,"Confronto costi, medio intento",,,,
1,Ristrutturazioni,12,massetto e pavimentazione prezzi Itri,massetto e pavimentazione prezzi,Itri,comune,core,commerciale,Pagina servizio x citta,"Confronto costi, medio intento",,,,
1,Ristrutturazioni,12,massetto e pavimentazione prezzi Minturno,massetto e pavimentazione prezzi,Minturno,comune,core,commerciale,Pagina servizio x citta,"Confronto costi, medio intento",,,,
1,Ristrutturazioni,12,massetto e pavimentazione prezzi Scauri,massetto e pavimentazione prezzi,Scauri,frazione,core,commerciale,Pagina servizio x citta,"Confronto costi, medio intento",,,,
1,Ristrutturazioni,12,preventivo ampliamento casa Formia,preventivo ampliamento casa,Formia,comune,core,commerciale,Pagina servizio x citta,Alto intento: sta chiedendo un prezzo,,,,
1,Ristrutturazioni,12,preventivo ampliamento casa Gaeta,preventivo ampliamento casa,Gaeta,comune,core,commerciale,Pagina servizio x citta,Alto intento: sta chiedendo un prezzo,,,,
1,Ristrutturazioni,12,preventivo ampliamento casa Itri,preventivo ampliamento casa,Itri,comune,core,commerciale,Pagina servizio x citta,Alto intento: sta chiedendo un prezzo,,,,
1,Ristrutturazioni,12,preventivo ampliamento casa Minturno,preventivo ampliamento casa,Minturno,comune,core,commerciale,Pagina servizio x citta,Alto intento: sta chiedendo un prezzo,,,,
1,Ristrutturazioni,12,preventivo ampliamento casa Scauri,preventivo ampliamento casa,Scauri,frazione,core,commerciale,Pagina servizio x citta,Alto intento: sta chiedendo un prezzo,,,,
1,Ristrutturazioni,12,preventivo cappotto termico Formia,preventivo cappotto termico,Formia,comune,core,commerciale,Pagina servizio x citta,Alto intento: sta chiedendo un prezzo,,,,
1,Ristrutturazioni,12,preventivo cappotto termico Gaeta,preventivo cappotto termico,Gaeta,comune,core,commerciale,Pagina servizio x citta,Alto intento: sta chiedendo un prezzo,,,,
1,Ristrutturazioni,12,preventivo cappotto termico Itri,preventivo cappotto termico,Itri,comune,core,commerciale,Pagina servizio x citta,Alto intento: sta chiedendo un prezzo,,,,
1,Ristrutturazioni,12,preventivo cappotto termico Minturno,preventivo cappotto termico,Minturno,comune,core,commerciale,Pagina servizio x citta,Alto intento: sta chiedendo un prezzo,,,,
1,Ristrutturazioni,12,preventivo cappotto termico Scauri,preventivo cappotto termico,Scauri,frazione,core,commerciale,Pagina servizio x citta,Alto intento: sta chiedendo un prezzo,,,,
1,Ristrutturazioni,12,preventivo impresa edile Formia,preventivo impresa edile,Formia,comune,core,commerciale,Pagina servizio x citta,Alto intento: sta chiedendo un prezzo,,,,
1,Ristrutturazioni,12,preventivo impresa edile Gaeta,preventivo impresa edile,Gaeta,comune,core,commerciale,Pagina servizio x citta,Alto intento: sta chiedendo un prezzo,,,,
1,Ristrutturazioni,12,preventivo impresa edile Itri,preventivo impresa edile,Itri,comune,core,commerciale,Pagina servizio x citta,Alto intento: sta chiedendo un prezzo,,,,
1,Ristrutturazioni,12,preventivo impresa edile Minturno,preventivo impresa edile,Minturno,comune,core,commerciale,Pagina servizio x citta,Alto intento: sta chiedendo un prezzo,,,,
1,Ristrutturazioni,12,preventivo impresa edile Scauri,preventivo impresa edile,Scauri,frazione,core,commerciale,Pagina servizio x citta,Alto intento: sta chiedendo un prezzo,,,,
1,Ristrutturazioni,12,preventivo manutenzione straordinaria condominio Formia,preventivo manutenzione straordinaria condominio,Formia,comune,core,commerciale,Pagina servizio x citta,Alto intento: sta chiedendo un prezzo,,,,
1,Ristrutturazioni,12,preventivo manutenzione straordinaria condominio Gaeta,preventivo manutenzione straordinaria condominio,Gaeta,comune,core,commerciale,Pagina servizio x citta,Alto intento: sta chiedendo un prezzo,,,,
1,Ristrutturazioni,12,preventivo manutenzione straordinaria condominio Itri,preventivo manutenzione straordinaria condominio,Itri,comune,core,commerciale,Pagina servizio x citta,Alto intento: sta chiedendo un prezzo,,,,
1,Ristrutturazioni,12,preventivo manutenzione straordinaria condominio Minturno,preventivo manutenzione straordinaria condominio,Minturno,comune,core,commerciale,Pagina servizio x citta,Alto intento: sta chiedendo un prezzo,,,,
1,Ristrutturazioni,12,preventivo manutenzione straordinaria condominio Scauri,preventivo manutenzione straordinaria condominio,Scauri,frazione,core,commerciale,Pagina servizio x citta,Alto intento: sta chiedendo un prezzo,,,,
1,Ristrutturazioni,12,preventivo massetto e pavimentazione Formia,preventivo massetto e pavimentazione,Formia,comune,core,commerciale,Pagina servizio x citta,Alto intento: sta chiedendo un prezzo,,,,
1,Ristrutturazioni,12,preventivo massetto e pavimentazione Gaeta,preventivo massetto e pavimentazione,Gaeta,comune,core,commerciale,Pagina servizio x citta,Alto intento: sta chiedendo un prezzo,,,,
1,Ristrutturazioni,12,preventivo massetto e pavimentazione Itri,preventivo massetto e pavimentazione,Itri,comune,core,commerciale,Pagina servizio x citta,Alto intento: sta chiedendo un prezzo,,,,
1,Ristrutturazioni,12,preventivo massetto e pavimentazione Minturno,preventivo massetto e pavimentazione,Minturno,comune,core,commerciale,Pagina servizio x citta,Alto intento: sta chiedendo un prezzo,,,,
1,Ristrutturazioni,12,preventivo massetto e pavimentazione Scauri,preventivo massetto e pavimentazione,Scauri,frazione,core,commerciale,Pagina servizio x citta,Alto intento: sta chiedendo un prezzo,,,,
1,Ristrutturazioni,12,preventivo rifacimento tetto Formia,preventivo rifacimento tetto,Formia,comune,core,commerciale,Pagina servizio x citta,Alto intento: sta chiedendo un prezzo,,,,
1,Ristrutturazioni,12,preventivo rifacimento tetto Gaeta,preventivo rifacimento tetto,Gaeta,comune,core,commerciale,Pagina servizio x citta,Alto intento: sta chiedendo un prezzo,,,,
1,Ristrutturazioni,12,preventivo rifacimento tetto Itri,preventivo rifacimento tetto,Itri,comune,core,commerciale,Pagina servizio x citta,Alto intento: sta chiedendo un prezzo,,,,
1,Ristrutturazioni,12,preventivo rifacimento tetto Minturno,preventivo rifacimento tetto,Minturno,comune,core,commerciale,Pagina servizio x citta,Alto intento: sta chiedendo un prezzo,,,,
1,Ristrutturazioni,12,preventivo rifacimento tetto Scauri,preventivo rifacimento tetto,Scauri,frazione,core,commerciale,Pagina servizio x citta,Alto intento: sta chiedendo un prezzo,,,,
1,Ristrutturazioni,12,preventivo ristrutturazione appartamento Formia,preventivo ristrutturazione appartamento,Formia,comune,core,commerciale,Pagina servizio x citta,Alto intento: sta chiedendo un prezzo,,,,
1,Ristrutturazioni,12,preventivo ristrutturazione appartamento Gaeta,preventivo ristrutturazione appartamento,Gaeta,comune,core,commerciale,Pagina servizio x citta,Alto intento: sta chiedendo un prezzo,,,,
1,Ristrutturazioni,12,preventivo ristrutturazione appartamento Itri,preventivo ristrutturazione appartamento,Itri,comune,core,commerciale,Pagina servizio x citta,Alto intento: sta chiedendo un prezzo,,,,
1,Ristrutturazioni,12,preventivo ristrutturazione appartamento Minturno,preventivo ristrutturazione appartamento,Minturno,comune,core,commerciale,Pagina servizio x citta,Alto intento: sta chiedendo un prezzo,,,,
1,Ristrutturazioni,12,preventivo ristrutturazione appartamento Scauri,preventivo ristrutturazione appartamento,Scauri,frazione,core,commerciale,Pagina servizio x citta,Alto intento: sta chiedendo un prezzo,,,,
1,Ristrutturazioni,12,preventivo ristrutturazione bagno Formia,preventivo ristrutturazione bagno,Formia,comune,core,commerciale,Pagina servizio x citta,Alto intento: sta chiedendo un prezzo,,,,
1,Ristrutturazioni,12,preventivo ristrutturazione bagno Gaeta,preventivo ristrutturazione bagno,Gaeta,comune,core,commerciale,Pagina servizio x citta,Alto intento: sta chiedendo un prezzo,,,,
1,Ristrutturazioni,12,preventivo ristrutturazione bagno Itri,preventivo ristrutturazione bagno,Itri,comune,core,commerciale,Pagina servizio x citta,Alto intento: sta chiedendo un prezzo,,,,
1,Ristrutturazioni,12,preventivo ristrutturazione bagno Minturno,preventivo ristrutturazione bagno,Minturno,comune,core,commerciale,Pagina servizio x citta,Alto intento: sta chiedendo un prezzo,,,,
1,Ristrutturazioni,12,preventivo ristrutturazione bagno Scauri,preventivo ristrutturazione bagno,Scauri,frazione,core,commerciale,Pagina servizio x citta,Alto intento: sta chiedendo un prezzo,,,,
1,Ristrutturazioni,12,preventivo ristrutturazione casa Formia,preventivo ristrutturazione casa,Formia,comune,core,commerciale,Pagina servizio x citta,Alto intento: sta chiedendo un prezzo,,,,
1,Ristrutturazioni,12,preventivo ristrutturazione casa Gaeta,preventivo ristrutturazione casa,Gaeta,comune,core,commerciale,Pagina servizio x citta,Alto intento: sta chiedendo un prezzo,,,,
1,Ristrutturazioni,12,preventivo ristrutturazione casa Itri,preventivo ristrutturazione casa,Itri,comune,core,commerciale,Pagina servizio x citta,Alto intento: sta chiedendo un prezzo,,,,
1,Ristrutturazioni,12,preventivo ristrutturazione casa Minturno,preventivo ristrutturazione casa,Minturno,comune,core,commerciale,Pagina servizio x citta,Alto intento: sta chiedendo un prezzo,,,,
1,Ristrutturazioni,12,preventivo ristrutturazione casa Scauri,preventivo ristrutturazione casa,Scauri,frazione,core,commerciale,Pagina servizio x citta,Alto intento: sta chiedendo un prezzo,,,,
1,Ristrutturazioni,12,preventivo ristrutturazione chiavi in mano Formia,preventivo ristrutturazione chiavi in mano,Formia,comune,core,commerciale,Pagina servizio x citta,Alto intento: sta chiedendo un prezzo,,,,
1,Ristrutturazioni,12,preventivo ristrutturazione chiavi in mano Gaeta,preventivo ristrutturazione chiavi in mano,Gaeta,comune,core,commerciale,Pagina servizio x citta,Alto intento: sta chiedendo un prezzo,,,,
1,Ristrutturazioni,12,preventivo ristrutturazione chiavi in mano Itri,preventivo ristrutturazione chiavi in mano,Itri,comune,core,commerciale,Pagina servizio x citta,Alto intento: sta chiedendo un prezzo,,,,
1,Ristrutturazioni,12,preventivo ristrutturazione chiavi in mano Minturno,preventivo ristrutturazione chiavi in mano,Minturno,comune,core,commerciale,Pagina servizio x citta,Alto intento: sta chiedendo un prezzo,,,,
1,Ristrutturazioni,12,preventivo ristrutturazione chiavi in mano Scauri,preventivo ristrutturazione chiavi in mano,Scauri,frazione,core,commerciale,Pagina servizio x citta,Alto intento: sta chiedendo un prezzo,,,,
1,Ristrutturazioni,12,preventivo ristrutturazione cucina Formia,preventivo ristrutturazione cucina,Formia,comune,core,commerciale,Pagina servizio x citta,Alto intento: sta chiedendo un prezzo,,,,
1,Ristrutturazioni,12,preventivo ristrutturazione cucina Gaeta,preventivo ristrutturazione cucina,Gaeta,comune,core,commerciale,Pagina servizio x citta,Alto intento: sta chiedendo un prezzo,,,,
1,Ristrutturazioni,12,preventivo ristrutturazione cucina Itri,preventivo ristrutturazione cucina,Itri,comune,core,commerciale,Pagina servizio x citta,Alto intento: sta chiedendo un prezzo,,,,
1,Ristrutturazioni,12,preventivo ristrutturazione cucina Minturno,preventivo ristrutturazione cucina,Minturno,comune,core,commerciale,Pagina servizio x citta,Alto intento: sta chiedendo un prezzo,,,,
1,Ristrutturazioni,12,preventivo ristrutturazione cucina Scauri,preventivo ristrutturazione cucina,Scauri,frazione,core,commerciale,Pagina servizio x citta,Alto intento: sta chiedendo un prezzo,,,,
1,Ristrutturazioni,12,preventivo ristrutturazione villa Formia,preventivo ristrutturazione villa,Formia,comune,core,commerciale,Pagina servizio x citta,Alto intento: sta chiedendo un prezzo,,,,
1,Ristrutturazioni,12,preventivo ristrutturazione villa Gaeta,preventivo ristrutturazione villa,Gaeta,comune,core,commerciale,Pagina servizio x citta,Alto intento: sta chiedendo un prezzo,,,,
1,Ristrutturazioni,12,preventivo ristrutturazione villa Itri,preventivo ristrutturazione villa,Itri,comune,core,commerciale,Pagina servizio x citta,Alto intento: sta chiedendo un prezzo,,,,
1,Ristrutturazioni,12,preventivo ristrutturazione villa Minturno,preventivo ristrutturazione villa,Minturno,comune,core,commerciale,Pagina servizio x citta,Alto intento: sta chiedendo un prezzo,,,,
1,Ristrutturazioni,12,preventivo ristrutturazione villa Scauri,preventivo ristrutturazione villa,Scauri,frazione,core,commerciale,Pagina servizio x citta,Alto intento: sta chiedendo un prezzo,,,,
1,Ristrutturazioni,12,rifacimento tetto costo Formia,rifacimento tetto costo,Formia,comune,core,commerciale,Pagina servizio x citta,"Confronto costi, medio intento",,,,
1,Ristrutturazioni,12,rifacimento tetto costo Gaeta,rifacimento tetto costo,Gaeta,comune,core,commerciale,Pagina servizio x citta,"Confronto costi, medio intento",,,,
1,Ristrutturazioni,12,rifacimento tetto costo Itri,rifacimento tetto costo,Itri,comune,core,commerciale,Pagina servizio x citta,"Confronto costi, medio intento",,,,
1,Ristrutturazioni,12,rifacimento tetto costo Minturno,rifacimento tetto costo,Minturno,comune,core,commerciale,Pagina servizio x citta,"Confronto costi, medio intento",,,,
1,Ristrutturazioni,12,rifacimento tetto costo Scauri,rifacimento tetto costo,Scauri,frazione,core,commerciale,Pagina servizio x citta,"Confronto costi, medio intento",,,,
1,Ristrutturazioni,12,rifacimento tetto prezzi Formia,rifacimento tetto prezzi,Formia,comune,core,commerciale,Pagina servizio x citta,"Confronto costi, medio intento",,,,
1,Ristrutturazioni,12,rifacimento tetto prezzi Gaeta,rifacimento tetto prezzi,Gaeta,comune,core,commerciale,Pagina servizio x citta,"Confronto costi, medio intento",,,,
1,Ristrutturazioni,12,rifacimento tetto prezzi Itri,rifacimento tetto prezzi,Itri,comune,core,commerciale,Pagina servizio x citta,"Confronto costi, medio intento",,,,
1,Ristrutturazioni,12,rifacimento tetto prezzi Minturno,rifacimento tetto prezzi,Minturno,comune,core,commerciale,Pagina servizio x citta,"Confronto costi, medio intento",,,,
1,Ristrutturazioni,12,rifacimento tetto prezzi Scauri,rifacimento tetto prezzi,Scauri,frazione,core,commerciale,Pagina servizio x citta,"Confronto costi, medio intento",,,,
1,Ristrutturazioni,12,ristrutturazione appartamento costo Formia,ristrutturazione appartamento costo,Formia,comune,core,commerciale,Pagina servizio x citta,"Confronto costi, medio intento",,,,
1,Ristrutturazioni,12,ristrutturazione appartamento costo Gaeta,ristrutturazione appartamento costo,Gaeta,comune,core,commerciale,Pagina servizio x citta,"Confronto costi, medio intento",,,,
1,Ristrutturazioni,12,ristrutturazione appartamento costo Itri,ristrutturazione appartamento costo,Itri,comune,core,commerciale,Pagina servizio x citta,"Confronto costi, medio intento",,,,
1,Ristrutturazioni,12,ristrutturazione appartamento costo Minturno,ristrutturazione appartamento costo,Minturno,comune,core,commerciale,Pagina servizio x citta,"Confronto costi, medio intento",,,,
1,Ristrutturazioni,12,ristrutturazione appartamento costo Scauri,ristrutturazione appartamento costo,Scauri,frazione,core,commerciale,Pagina servizio x citta,"Confronto costi, medio intento",,,,
1,Ristrutturazioni,12,ristrutturazione appartamento prezzi Formia,ristrutturazione appartamento prezzi,Formia,comune,core,commerciale,Pagina servizio x citta,"Confronto costi, medio intento",,,,
1,Ristrutturazioni,12,ristrutturazione appartamento prezzi Gaeta,ristrutturazione appartamento prezzi,Gaeta,comune,core,commerciale,Pagina servizio x citta,"Confronto costi, medio intento",,,,
1,Ristrutturazioni,12,ristrutturazione appartamento prezzi Itri,ristrutturazione appartamento prezzi,Itri,comune,core,commerciale,Pagina servizio x citta,"Confronto costi, medio intento",,,,
1,Ristrutturazioni,12,ristrutturazione appartamento prezzi Minturno,ristrutturazione appartamento prezzi,Minturno,comune,core,commerciale,Pagina servizio x citta,"Confronto costi, medio intento",,,,
1,Ristrutturazioni,12,ristrutturazione appartamento prezzi Scauri,ristrutturazione appartamento prezzi,Scauri,frazione,core,commerciale,Pagina servizio x citta,"Confronto costi, medio intento",,,,
1,Ristrutturazioni,12,ristrutturazione bagno costo Formia,ristrutturazione bagno costo,Formia,comune,core,commerciale,Pagina servizio x citta,"Confronto costi, medio intento",,,,
1,Ristrutturazioni,12,ristrutturazione bagno costo Gaeta,ristrutturazione bagno costo,Gaeta,comune,core,commerciale,Pagina servizio x citta,"Confronto costi, medio intento",,,,
1,Ristrutturazioni,12,ristrutturazione bagno costo Itri,ristrutturazione bagno costo,Itri,comune,core,commerciale,Pagina servizio x citta,"Confronto costi, medio intento",,,,
1,Ristrutturazioni,12,ristrutturazione bagno costo Minturno,ristrutturazione bagno costo,Minturno,comune,core,commerciale,Pagina servizio x citta,"Confronto costi, medio intento",,,,
1,Ristrutturazioni,12,ristrutturazione bagno costo Scauri,ristrutturazione bagno costo,Scauri,frazione,core,commerciale,Pagina servizio x citta,"Confronto costi, medio intento",,,,
1,Ristrutturazioni,12,ristrutturazione bagno prezzi Formia,ristrutturazione bagno prezzi,Formia,comune,core,commerciale,Pagina servizio x citta,"Confronto costi, medio intento",,,,
1,Ristrutturazioni,12,ristrutturazione bagno prezzi Gaeta,ristrutturazione bagno prezzi,Gaeta,comune,core,commerciale,Pagina servizio x citta,"Confronto costi, medio intento",,,,
1,Ristrutturazioni,12,ristrutturazione bagno prezzi Itri,ristrutturazione bagno prezzi,Itri,comune,core,commerciale,Pagina servizio x citta,"Confronto costi, medio intento",,,,
1,Ristrutturazioni,12,ristrutturazione bagno prezzi Minturno,ristrutturazione bagno prezzi,Minturno,comune,core,commerciale,Pagina servizio x citta,"Confronto costi, medio intento",,,,
1,Ristrutturazioni,12,ristrutturazione bagno prezzi Scauri,ristrutturazione bagno prezzi,Scauri,frazione,core,commerciale,Pagina servizio x citta,"Confronto costi, medio intento",,,,
1,Ristrutturazioni,12,ristrutturazione casa costo Formia,ristrutturazione casa costo,Formia,comune,core,commerciale,Pagina servizio x citta,"Confronto costi, medio intento",,,,
1,Ristrutturazioni,12,ristrutturazione casa costo Gaeta,ristrutturazione casa costo,Gaeta,comune,core,commerciale,Pagina servizio x citta,"Confronto costi, medio intento",,,,
1,Ristrutturazioni,12,ristrutturazione casa costo Itri,ristrutturazione casa costo,Itri,comune,core,commerciale,Pagina servizio x citta,"Confronto costi, medio intento",,,,
1,Ristrutturazioni,12,ristrutturazione casa costo Minturno,ristrutturazione casa costo,Minturno,comune,core,commerciale,Pagina servizio x citta,"Confronto costi, medio intento",,,,
1,Ristrutturazioni,12,ristrutturazione casa costo Scauri,ristrutturazione casa costo,Scauri,frazione,core,commerciale,Pagina servizio x citta,"Confronto costi, medio intento",,,,
1,Ristrutturazioni,12,ristrutturazione casa prezzi Formia,ristrutturazione casa prezzi,Formia,comune,core,commerciale,Pagina servizio x citta,"Confronto costi, medio intento",,,,
1,Ristrutturazioni,12,ristrutturazione casa prezzi Gaeta,ristrutturazione casa prezzi,Gaeta,comune,core,commerciale,Pagina servizio x citta,"Confronto costi, medio intento",,,,
1,Ristrutturazioni,12,ristrutturazione casa prezzi Itri,ristrutturazione casa prezzi,Itri,comune,core,commerciale,Pagina servizio x citta,"Confronto costi, medio intento",,,,
1,Ristrutturazioni,12,ristrutturazione casa prezzi Minturno,ristrutturazione casa prezzi,Minturno,comune,core,commerciale,Pagina servizio x citta,"Confronto costi, medio intento",,,,
1,Ristrutturazioni,12,ristrutturazione casa prezzi Scauri,ristrutturazione casa prezzi,Scauri,frazione,core,commerciale,Pagina servizio x citta,"Confronto costi, medio intento",,,,
1,Ristrutturazioni,12,ristrutturazione chiavi in mano costo Formia,ristrutturazione chiavi in mano costo,Formia,comune,core,commerciale,Pagina servizio x citta,"Confronto costi, medio intento",,,,
1,Ristrutturazioni,12,ristrutturazione chiavi in mano costo Gaeta,ristrutturazione chiavi in mano costo,Gaeta,comune,core,commerciale,Pagina servizio x citta,"Confronto costi, medio intento",,,,
1,Ristrutturazioni,12,ristrutturazione chiavi in mano costo Itri,ristrutturazione chiavi in mano costo,Itri,comune,core,commerciale,Pagina servizio x citta,"Confronto costi, medio intento",,,,
1,Ristrutturazioni,12,ristrutturazione chiavi in mano costo Minturno,ristrutturazione chiavi in mano costo,Minturno,comune,core,commerciale,Pagina servizio x citta,"Confronto costi, medio intento",,,,
1,Ristrutturazioni,12,ristrutturazione chiavi in mano costo Scauri,ristrutturazione chiavi in mano costo,Scauri,frazione,core,commerciale,Pagina servizio x citta,"Confronto costi, medio intento",,,,
1,Ristrutturazioni,12,ristrutturazione chiavi in mano prezzi Formia,ristrutturazione chiavi in mano prezzi,Formia,comune,core,commerciale,Pagina servizio x citta,"Confronto costi, medio intento",,,,
1,Ristrutturazioni,12,ristrutturazione chiavi in mano prezzi Gaeta,ristrutturazione chiavi in mano prezzi,Gaeta,comune,core,commerciale,Pagina servizio x citta,"Confronto costi, medio intento",,,,
1,Ristrutturazioni,12,ristrutturazione chiavi in mano prezzi Itri,ristrutturazione chiavi in mano prezzi,Itri,comune,core,commerciale,Pagina servizio x citta,"Confronto costi, medio intento",,,,
1,Ristrutturazioni,12,ristrutturazione chiavi in mano prezzi Minturno,ristrutturazione chiavi in mano prezzi,Minturno,comune,core,commerciale,Pagina servizio x citta,"Confronto costi, medio intento",,,,
1,Ristrutturazioni,12,ristrutturazione chiavi in mano prezzi Scauri,ristrutturazione chiavi in mano prezzi,Scauri,frazione,core,commerciale,Pagina servizio x citta,"Confronto costi, medio intento",,,,
1,Ristrutturazioni,12,ristrutturazione cucina costo Formia,ristrutturazione cucina costo,Formia,comune,core,commerciale,Pagina servizio x citta,"Confronto costi, medio intento",,,,
1,Ristrutturazioni,12,ristrutturazione cucina costo Gaeta,ristrutturazione cucina costo,Gaeta,comune,core,commerciale,Pagina servizio x citta,"Confronto costi, medio intento",,,,
1,Ristrutturazioni,12,ristrutturazione cucina costo Itri,ristrutturazione cucina costo,Itri,comune,core,commerciale,Pagina servizio x citta,"Confronto costi, medio intento",,,,
1,Ristrutturazioni,12,ristrutturazione cucina costo Minturno,ristrutturazione cucina costo,Minturno,comune,core,commerciale,Pagina servizio x citta,"Confronto costi, medio intento",,,,
1,Ristrutturazioni,12,ristrutturazione cucina costo Scauri,ristrutturazione cucina costo,Scauri,frazione,core,commerciale,Pagina servizio x citta,"Confronto costi, medio intento",,,,
1,Ristrutturazioni,12,ristrutturazione cucina prezzi Formia,ristrutturazione cucina prezzi,Formia,comune,core,commerciale,Pagina servizio x citta,"Confronto costi, medio intento",,,,
1,Ristrutturazioni,12,ristrutturazione cucina prezzi Gaeta,ristrutturazione cucina prezzi,Gaeta,comune,core,commerciale,Pagina servizio x citta,"Confronto costi, medio intento",,,,
1,Ristrutturazioni,12,ristrutturazione cucina prezzi Itri,ristrutturazione cucina prezzi,Itri,comune,core,commerciale,Pagina servizio x citta,"Confronto costi, medio intento",,,,
1,Ristrutturazioni,12,ristrutturazione cucina prezzi Minturno,ristrutturazione cucina prezzi,Minturno,comune,core,commerciale,Pagina servizio x citta,"Confronto costi, medio intento",,,,
1,Ristrutturazioni,12,ristrutturazione cucina prezzi Scauri,ristrutturazione cucina prezzi,Scauri,frazione,core,commerciale,Pagina servizio x citta,"Confronto costi, medio intento",,,,
1,Ristrutturazioni,12,ristrutturazione villa costo Formia,ristrutturazione villa costo,Formia,comune,core,commerciale,Pagina servizio x citta,"Confronto costi, medio intento",,,,
1,Ristrutturazioni,12,ristrutturazione villa costo Gaeta,ristrutturazione villa costo,Gaeta,comune,core,commerciale,Pagina servizio x citta,"Confronto costi, medio intento",,,,
1,Ristrutturazioni,12,ristrutturazione villa costo Itri,ristrutturazione villa costo,Itri,comune,core,commerciale,Pagina servizio x citta,"Confronto costi, medio intento",,,,
1,Ristrutturazioni,12,ristrutturazione villa costo Minturno,ristrutturazione villa costo,Minturno,comune,core,commerciale,Pagina servizio x citta,"Confronto costi, medio intento",,,,
1,Ristrutturazioni,12,ristrutturazione villa costo Scauri,ristrutturazione villa costo,Scauri,frazione,core,commerciale,Pagina servizio x citta,"Confronto costi, medio intento",,,,
1,Ristrutturazioni,12,ristrutturazione villa prezzi Formia,ristrutturazione villa prezzi,Formia,comune,core,commerciale,Pagina servizio x citta,"Confronto costi, medio intento",,,,
1,Ristrutturazioni,12,ristrutturazione villa prezzi Gaeta,ristrutturazione villa prezzi,Gaeta,comune,core,commerciale,Pagina servizio x citta,"Confronto costi, medio intento",,,,
1,Ristrutturazioni,12,ristrutturazione villa prezzi Itri,ristrutturazione villa prezzi,Itri,comune,core,commerciale,Pagina servizio x citta,"Confronto costi, medio intento",,,,
1,Ristrutturazioni,12,ristrutturazione villa prezzi Minturno,ristrutturazione villa prezzi,Minturno,comune,core,commerciale,Pagina servizio x citta,"Confronto costi, medio intento",,,,
1,Ristrutturazioni,12,ristrutturazione villa prezzi Scauri,ristrutturazione villa prezzi,Scauri,frazione,core,commerciale,Pagina servizio x citta,"Confronto costi, medio intento",,,,
1,Ristrutturazioni,12,migliore ampliamento casa Formia,migliore ampliamento casa,Formia,comune,core,comparativo,Pagina servizio x citta,Fase di scelta del fornitore,,,,
1,Ristrutturazioni,12,migliore ampliamento casa Gaeta,migliore ampliamento casa,Gaeta,comune,core,comparativo,Pagina servizio x citta,Fase di scelta del fornitore,,,,
1,Ristrutturazioni,12,migliore ampliamento casa Itri,migliore ampliamento casa,Itri,comune,core,comparativo,Pagina servizio x citta,Fase di scelta del fornitore,,,,
1,Ristrutturazioni,12,migliore ampliamento casa Minturno,migliore ampliamento casa,Minturno,comune,core,comparativo,Pagina servizio x citta,Fase di scelta del fornitore,,,,
1,Ristrutturazioni,12,migliore ampliamento casa Scauri,migliore ampliamento casa,Scauri,frazione,core,comparativo,Pagina servizio x citta,Fase di scelta del fornitore,,,,
1,Ristrutturazioni,12,migliore cappotto termico Formia,migliore cappotto termico,Formia,comune,core,comparativo,Pagina servizio x citta,Fase di scelta del fornitore,,,,
1,Ristrutturazioni,12,migliore cappotto termico Gaeta,migliore cappotto termico,Gaeta,comune,core,comparativo,Pagina servizio x citta,Fase di scelta del fornitore,,,,
1,Ristrutturazioni,12,migliore cappotto termico Itri,migliore cappotto termico,Itri,comune,core,comparativo,Pagina servizio x citta,Fase di scelta del fornitore,,,,
1,Ristrutturazioni,12,migliore cappotto termico Minturno,migliore cappotto termico,Minturno,comune,core,comparativo,Pagina servizio x citta,Fase di scelta del fornitore,,,,
1,Ristrutturazioni,12,migliore cappotto termico Scauri,migliore cappotto termico,Scauri,frazione,core,comparativo,Pagina servizio x citta,Fase di scelta del fornitore,,,,
1,Ristrutturazioni,12,migliore impresa edile Formia,migliore impresa edile,Formia,comune,core,comparativo,Pagina servizio x citta,Fase di scelta del fornitore,,,,
1,Ristrutturazioni,12,migliore impresa edile Gaeta,migliore impresa edile,Gaeta,comune,core,comparativo,Pagina servizio x citta,Fase di scelta del fornitore,,,,
1,Ristrutturazioni,12,migliore impresa edile Itri,migliore impresa edile,Itri,comune,core,comparativo,Pagina servizio x citta,Fase di scelta del fornitore,,,,
1,Ristrutturazioni,12,migliore impresa edile Minturno,migliore impresa edile,Minturno,comune,core,comparativo,Pagina servizio x citta,Fase di scelta del fornitore,,,,
1,Ristrutturazioni,12,migliore impresa edile Scauri,migliore impresa edile,Scauri,frazione,core,comparativo,Pagina servizio x citta,Fase di scelta del fornitore,,,,
1,Ristrutturazioni,12,migliore manutenzione straordinaria condominio Formia,migliore manutenzione straordinaria condominio,Formia,comune,core,comparativo,Pagina servizio x citta,Fase di scelta del fornitore,,,,
1,Ristrutturazioni,12,migliore manutenzione straordinaria condominio Gaeta,migliore manutenzione straordinaria condominio,Gaeta,comune,core,comparativo,Pagina servizio x citta,Fase di scelta del fornitore,,,,
1,Ristrutturazioni,12,migliore manutenzione straordinaria condominio Itri,migliore manutenzione straordinaria condominio,Itri,comune,core,comparativo,Pagina servizio x citta,Fase di scelta del fornitore,,,,
1,Ristrutturazioni,12,migliore manutenzione straordinaria condominio Minturno,migliore manutenzione straordinaria condominio,Minturno,comune,core,comparativo,Pagina servizio x citta,Fase di scelta del fornitore,,,,
1,Ristrutturazioni,12,migliore manutenzione straordinaria condominio Scauri,migliore manutenzione straordinaria condominio,Scauri,frazione,core,comparativo,Pagina servizio x citta,Fase di scelta del fornitore,,,,
1,Ristrutturazioni,12,migliore massetto e pavimentazione Formia,migliore massetto e pavimentazione,Formia,comune,core,comparativo,Pagina servizio x citta,Fase di scelta del fornitore,,,,
1,Ristrutturazioni,12,migliore massetto e pavimentazione Gaeta,migliore massetto e pavimentazione,Gaeta,comune,core,comparativo,Pagina servizio x citta,Fase di scelta del fornitore,,,,
1,Ristrutturazioni,12,migliore massetto e pavimentazione Itri,migliore massetto e pavimentazione,Itri,comune,core,comparativo,Pagina servizio x citta,Fase di scelta del fornitore,,,,
1,Ristrutturazioni,12,migliore massetto e pavimentazione Minturno,migliore massetto e pavimentazione,Minturno,comune,core,comparativo,Pagina servizio x citta,Fase di scelta del fornitore,,,,
1,Ristrutturazioni,12,migliore massetto e pavimentazione Scauri,migliore massetto e pavimentazione,Scauri,frazione,core,comparativo,Pagina servizio x citta,Fase di scelta del fornitore,,,,
1,Ristrutturazioni,12,migliore rifacimento tetto Formia,migliore rifacimento tetto,Formia,comune,core,comparativo,Pagina servizio x citta,Fase di scelta del fornitore,,,,
1,Ristrutturazioni,12,migliore rifacimento tetto Gaeta,migliore rifacimento tetto,Gaeta,comune,core,comparativo,Pagina servizio x citta,Fase di scelta del fornitore,,,,
1,Ristrutturazioni,12,migliore rifacimento tetto Itri,migliore rifacimento tetto,Itri,comune,core,comparativo,Pagina servizio x citta,Fase di scelta del fornitore,,,,
1,Ristrutturazioni,12,migliore rifacimento tetto Minturno,migliore rifacimento tetto,Minturno,comune,core,comparativo,Pagina servizio x citta,Fase di scelta del fornitore,,,,
1,Ristrutturazioni,12,migliore rifacimento tetto Scauri,migliore rifacimento tetto,Scauri,frazione,core,comparativo,Pagina servizio x citta,Fase di scelta del fornitore,,,,
1,Ristrutturazioni,12,migliore ristrutturazione appartamento Formia,migliore ristrutturazione appartamento,Formia,comune,core,comparativo,Pagina servizio x citta,Fase di scelta del fornitore,,,,
1,Ristrutturazioni,12,migliore ristrutturazione appartamento Gaeta,migliore ristrutturazione appartamento,Gaeta,comune,core,comparativo,Pagina servizio x citta,Fase di scelta del fornitore,,,,
1,Ristrutturazioni,12,migliore ristrutturazione appartamento Itri,migliore ristrutturazione appartamento,Itri,comune,core,comparativo,Pagina servizio x citta,Fase di scelta del fornitore,,,,
1,Ristrutturazioni,12,migliore ristrutturazione appartamento Minturno,migliore ristrutturazione appartamento,Minturno,comune,core,comparativo,Pagina servizio x citta,Fase di scelta del fornitore,,,,
1,Ristrutturazioni,12,migliore ristrutturazione appartamento Scauri,migliore ristrutturazione appartamento,Scauri,frazione,core,comparativo,Pagina servizio x citta,Fase di scelta del fornitore,,,,
1,Ristrutturazioni,12,migliore ristrutturazione bagno Formia,migliore ristrutturazione bagno,Formia,comune,core,comparativo,Pagina servizio x citta,Fase di scelta del fornitore,,,,
1,Ristrutturazioni,12,migliore ristrutturazione bagno Gaeta,migliore ristrutturazione bagno,Gaeta,comune,core,comparativo,Pagina servizio x citta,Fase di scelta del fornitore,,,,
1,Ristrutturazioni,12,migliore ristrutturazione bagno Itri,migliore ristrutturazione bagno,Itri,comune,core,comparativo,Pagina servizio x citta,Fase di scelta del fornitore,,,,
1,Ristrutturazioni,12,migliore ristrutturazione bagno Minturno,migliore ristrutturazione bagno,Minturno,comune,core,comparativo,Pagina servizio x citta,Fase di scelta del fornitore,,,,
1,Ristrutturazioni,12,migliore ristrutturazione bagno Scauri,migliore ristrutturazione bagno,Scauri,frazione,core,comparativo,Pagina servizio x citta,Fase di scelta del fornitore,,,,
1,Ristrutturazioni,12,migliore ristrutturazione casa Formia,migliore ristrutturazione casa,Formia,comune,core,comparativo,Pagina servizio x citta,Fase di scelta del fornitore,,,,
1,Ristrutturazioni,12,migliore ristrutturazione casa Gaeta,migliore ristrutturazione casa,Gaeta,comune,core,comparativo,Pagina servizio x citta,Fase di scelta del fornitore,,,,
1,Ristrutturazioni,12,migliore ristrutturazione casa Itri,migliore ristrutturazione casa,Itri,comune,core,comparativo,Pagina servizio x citta,Fase di scelta del fornitore,,,,
1,Ristrutturazioni,12,migliore ristrutturazione casa Minturno,migliore ristrutturazione casa,Minturno,comune,core,comparativo,Pagina servizio x citta,Fase di scelta del fornitore,,,,
1,Ristrutturazioni,12,migliore ristrutturazione casa Scauri,migliore ristrutturazione casa,Scauri,frazione,core,comparativo,Pagina servizio x citta,Fase di scelta del fornitore,,,,
1,Ristrutturazioni,12,migliore ristrutturazione chiavi in mano Formia,migliore ristrutturazione chiavi in mano,Formia,comune,core,comparativo,Pagina servizio x citta,Fase di scelta del fornitore,,,,
1,Ristrutturazioni,12,migliore ristrutturazione chiavi in mano Gaeta,migliore ristrutturazione chiavi in mano,Gaeta,comune,core,comparativo,Pagina servizio x citta,Fase di scelta del fornitore,,,,
1,Ristrutturazioni,12,migliore ristrutturazione chiavi in mano Itri,migliore ristrutturazione chiavi in mano,Itri,comune,core,comparativo,Pagina servizio x citta,Fase di scelta del fornitore,,,,
1,Ristrutturazioni,12,migliore ristrutturazione chiavi in mano Minturno,migliore ristrutturazione chiavi in mano,Minturno,comune,core,comparativo,Pagina servizio x citta,Fase di scelta del fornitore,,,,
1,Ristrutturazioni,12,migliore ristrutturazione chiavi in mano Scauri,migliore ristrutturazione chiavi in mano,Scauri,frazione,core,comparativo,Pagina servizio x citta,Fase di scelta del fornitore,,,,
1,Ristrutturazioni,12,migliore ristrutturazione cucina Formia,migliore ristrutturazione cucina,Formia,comune,core,comparativo,Pagina servizio x citta,Fase di scelta del fornitore,,,,
1,Ristrutturazioni,12,migliore ristrutturazione cucina Gaeta,migliore ristrutturazione cucina,Gaeta,comune,core,comparativo,Pagina servizio x citta,Fase di scelta del fornitore,,,,
1,Ristrutturazioni,12,migliore ristrutturazione cucina Itri,migliore ristrutturazione cucina,Itri,comune,core,comparativo,Pagina servizio x citta,Fase di scelta del fornitore,,,,
1,Ristrutturazioni,12,migliore ristrutturazione cucina Minturno,migliore ristrutturazione cucina,Minturno,comune,core,comparativo,Pagina servizio x citta,Fase di scelta del fornitore,,,,
1,Ristrutturazioni,12,migliore ristrutturazione cucina Scauri,migliore ristrutturazione cucina,Scauri,frazione,core,comparativo,Pagina servizio x citta,Fase di scelta del fornitore,,,,
1,Ristrutturazioni,12,migliore ristrutturazione villa Formia,migliore ristrutturazione villa,Formia,comune,core,comparativo,Pagina servizio x citta,Fase di scelta del fornitore,,,,
1,Ristrutturazioni,12,migliore ristrutturazione villa Gaeta,migliore ristrutturazione villa,Gaeta,comune,core,comparativo,Pagina servizio x citta,Fase di scelta del fornitore,,,,
1,Ristrutturazioni,12,migliore ristrutturazione villa Itri,migliore ristrutturazione villa,Itri,comune,core,comparativo,Pagina servizio x citta,Fase di scelta del fornitore,,,,
1,Ristrutturazioni,12,migliore ristrutturazione villa Minturno,migliore ristrutturazione villa,Minturno,comune,core,comparativo,Pagina servizio x citta,Fase di scelta del fornitore,,,,
1,Ristrutturazioni,12,migliore ristrutturazione villa Scauri,migliore ristrutturazione villa,Scauri,frazione,core,comparativo,Pagina servizio x citta,Fase di scelta del fornitore,,,,
1,Ristrutturazioni,12,ampliamento casa Castelforte,ampliamento casa,Castelforte,comune,espansione,core,Pagina servizio x citta,Testa: query principale della nicchia,,,,
1,Ristrutturazioni,12,ampliamento casa Fondi,ampliamento casa,Fondi,comune,espansione,core,Pagina servizio x citta,Testa: query principale della nicchia,,,,
1,Ristrutturazioni,12,ampliamento casa Formia,ampliamento casa,Formia,comune,core,core,Pagina servizio x citta,Testa: query principale della nicchia,,,,
1,Ristrutturazioni,12,ampliamento casa Gaeta,ampliamento casa,Gaeta,comune,core,core,Pagina servizio x citta,Testa: query principale della nicchia,,,,
1,Ristrutturazioni,12,ampliamento casa Itri,ampliamento casa,Itri,comune,core,core,Pagina servizio x citta,Testa: query principale della nicchia,,,,
1,Ristrutturazioni,12,ampliamento casa Minturno,ampliamento casa,Minturno,comune,core,core,Pagina servizio x citta,Testa: query principale della nicchia,,,,
1,Ristrutturazioni,12,ampliamento casa Santi Cosma e Damiano,ampliamento casa,Santi Cosma e Damiano,comune,espansione,core,Pagina servizio x citta,Testa: query principale della nicchia,,,,
1,Ristrutturazioni,12,ampliamento casa Scauri,ampliamento casa,Scauri,frazione,core,core,Pagina servizio x citta,Testa: query principale della nicchia,,,,
1,Ristrutturazioni,12,cappotto termico Castelforte,cappotto termico,Castelforte,comune,espansione,core,Pagina servizio x citta,Testa: query principale della nicchia,,,,
1,Ristrutturazioni,12,cappotto termico Fondi,cappotto termico,Fondi,comune,espansione,core,Pagina servizio x citta,Testa: query principale della nicchia,,,,
1,Ristrutturazioni,12,cappotto termico Formia,cappotto termico,Formia,comune,core,core,Pagina servizio x citta,Testa: query principale della nicchia,,,,
1,Ristrutturazioni,12,cappotto termico Gaeta,cappotto termico,Gaeta,comune,core,core,Pagina servizio x citta,Testa: query principale della nicchia,,,,
1,Ristrutturazioni,12,cappotto termico Itri,cappotto termico,Itri,comune,core,core,Pagina servizio x citta,Testa: query principale della nicchia,,,,
1,Ristrutturazioni,12,cappotto termico Minturno,cappotto termico,Minturno,comune,core,core,Pagina servizio x citta,Testa: query principale della nicchia,,,,
1,Ristrutturazioni,12,cappotto termico Santi Cosma e Damiano,cappotto termico,Santi Cosma e Damiano,comune,espansione,core,Pagina servizio x citta,Testa: query principale della nicchia,,,,
1,Ristrutturazioni,12,cappotto termico Scauri,cappotto termico,Scauri,frazione,core,core,Pagina servizio x citta,Testa: query principale della nicchia,,,,
1,Ristrutturazioni,12,impresa edile Castelforte,impresa edile,Castelforte,comune,espansione,core,Pagina servizio x citta,Testa: query principale della nicchia,,,,
1,Ristrutturazioni,12,impresa edile Fondi,impresa edile,Fondi,comune,espansione,core,Pagina servizio x citta,Testa: query principale della nicchia,,,,
1,Ristrutturazioni,12,impresa edile Formia,impresa edile,Formia,comune,core,core,Pagina servizio x citta,Testa: query principale della nicchia,,,,
1,Ristrutturazioni,12,impresa edile Gaeta,impresa edile,Gaeta,comune,core,core,Pagina servizio x citta,Testa: query principale della nicchia,,,,
1,Ristrutturazioni,12,impresa edile Itri,impresa edile,Itri,comune,core,core,Pagina servizio x citta,Testa: query principale della nicchia,,,,
1,Ristrutturazioni,12,impresa edile Minturno,impresa edile,Minturno,comune,core,core,Pagina servizio x citta,Testa: query principale della nicchia,,,,
1,Ristrutturazioni,12,impresa edile Santi Cosma e Damiano,impresa edile,Santi Cosma e Damiano,comune,espansione,core,Pagina servizio x citta,Testa: query principale della nicchia,,,,
1,Ristrutturazioni,12,impresa edile Scauri,impresa edile,Scauri,frazione,core,core,Pagina servizio x citta,Testa: query principale della nicchia,,,,
1,Ristrutturazioni,12,manutenzione straordinaria condominio Castelforte,manutenzione straordinaria condominio,Castelforte,comune,espansione,core,Pagina servizio x citta,Testa: query principale della nicchia,,,,
1,Ristrutturazioni,12,manutenzione straordinaria condominio Fondi,manutenzione straordinaria condominio,Fondi,comune,espansione,core,Pagina servizio x citta,Testa: query principale della nicchia,,,,
1,Ristrutturazioni,12,manutenzione straordinaria condominio Formia,manutenzione straordinaria condominio,Formia,comune,core,core,Pagina servizio x citta,Testa: query principale della nicchia,,,,
1,Ristrutturazioni,12,manutenzione straordinaria condominio Gaeta,manutenzione straordinaria condominio,Gaeta,comune,core,core,Pagina servizio x citta,Testa: query principale della nicchia,,,,
1,Ristrutturazioni,12,manutenzione straordinaria condominio Itri,manutenzione straordinaria condominio,Itri,comune,core,core,Pagina servizio x citta,Testa: query principale della nicchia,,,,
1,Ristrutturazioni,12,manutenzione straordinaria condominio Minturno,manutenzione straordinaria condominio,Minturno,comune,core,core,Pagina servizio x citta,Testa: query principale della nicchia,,,,
1,Ristrutturazioni,12,manutenzione straordinaria condominio Santi Cosma e Damiano,manutenzione straordinaria condominio,Santi Cosma e Damiano,comune,espansione,core,Pagina servizio x citta,Testa: query principale della nicchia,,,,
1,Ristrutturazioni,12,manutenzione straordinaria condominio Scauri,manutenzione straordinaria condominio,Scauri,frazione,core,core,Pagina servizio x citta,Testa: query principale della nicchia,,,,
1,Ristrutturazioni,12,massetto e pavimentazione Castelforte,massetto e pavimentazione,Castelforte,comune,espansione,core,Pagina servizio x citta,Testa: query principale della nicchia,,,,
1,Ristrutturazioni,12,massetto e pavimentazione Fondi,massetto e pavimentazione,Fondi,comune,espansione,core,Pagina servizio x citta,Testa: query principale della nicchia,,,,
1,Ristrutturazioni,12,massetto e pavimentazione Formia,massetto e pavimentazione,Formia,comune,core,core,Pagina servizio x citta,Testa: query principale della nicchia,,,,
1,Ristrutturazioni,12,massetto e pavimentazione Gaeta,massetto e pavimentazione,Gaeta,comune,core,core,Pagina servizio x citta,Testa: query principale della nicchia,,,,
1,Ristrutturazioni,12,massetto e pavimentazione Itri,massetto e pavimentazione,Itri,comune,core,core,Pagina servizio x citta,Testa: query principale della nicchia,,,,
1,Ristrutturazioni,12,massetto e pavimentazione Minturno,massetto e pavimentazione,Minturno,comune,core,core,Pagina servizio x citta,Testa: query principale della nicchia,,,,
1,Ristrutturazioni,12,massetto e pavimentazione Santi Cosma e Damiano,massetto e pavimentazione,Santi Cosma e Damiano,comune,espansione,core,Pagina servizio x citta,Testa: query principale della nicchia,,,,
1,Ristrutturazioni,12,massetto e pavimentazione Scauri,massetto e pavimentazione,Scauri,frazione,core,core,Pagina servizio x citta,Testa: query principale della nicchia,,,,
1,Ristrutturazioni,12,rifacimento tetto Castelforte,rifacimento tetto,Castelforte,comune,espansione,core,Pagina servizio x citta,Testa: query principale della nicchia,,,,
1,Ristrutturazioni,12,rifacimento tetto Fondi,rifacimento tetto,Fondi,comune,espansione,core,Pagina servizio x citta,Testa: query principale della nicchia,,,,
1,Ristrutturazioni,12,rifacimento tetto Formia,rifacimento tetto,Formia,comune,core,core,Pagina servizio x citta,Testa: query principale della nicchia,,,,
1,Ristrutturazioni,12,rifacimento tetto Gaeta,rifacimento tetto,Gaeta,comune,core,core,Pagina servizio x citta,Testa: query principale della nicchia,,,,
1,Ristrutturazioni,12,rifacimento tetto Itri,rifacimento tetto,Itri,comune,core,core,Pagina servizio x citta,Testa: query principale della nicchia,,,,
1,Ristrutturazioni,12,rifacimento tetto Minturno,rifacimento tetto,Minturno,comune,core,core,Pagina servizio x citta,Testa: query principale della nicchia,,,,
1,Ristrutturazioni,12,rifacimento tetto Santi Cosma e Damiano,rifacimento tetto,Santi Cosma e Damiano,comune,espansione,core,Pagina servizio x citta,Testa: query principale della nicchia,,,,
1,Ristrutturazioni,12,rifacimento tetto Scauri,rifacimento tetto,Scauri,frazione,core,core,Pagina servizio x citta,Testa: query principale della nicchia,,,,
1,Ristrutturazioni,12,ristrutturazione appartamento Castelforte,ristrutturazione appartamento,Castelforte,comune,espansione,core,Pagina servizio x citta,Testa: query principale della nicchia,,,,
1,Ristrutturazioni,12,ristrutturazione appartamento Fondi,ristrutturazione appartamento,Fondi,comune,espansione,core,Pagina servizio x citta,Testa: query principale della nicchia,,,,
1,Ristrutturazioni,12,ristrutturazione appartamento Formia,ristrutturazione appartamento,Formia,comune,core,core,Pagina servizio x citta,Testa: query principale della nicchia,,,,
1,Ristrutturazioni,12,ristrutturazione appartamento Gaeta,ristrutturazione appartamento,Gaeta,comune,core,core,Pagina servizio x citta,Testa: query principale della nicchia,,,,
1,Ristrutturazioni,12,ristrutturazione appartamento Itri,ristrutturazione appartamento,Itri,comune,core,core,Pagina servizio x citta,Testa: query principale della nicchia,,,,
1,Ristrutturazioni,12,ristrutturazione appartamento Minturno,ristrutturazione appartamento,Minturno,comune,core,core,Pagina servizio x citta,Testa: query principale della nicchia,,,,
1,Ristrutturazioni,12,ristrutturazione appartamento Santi Cosma e Damiano,ristrutturazione appartamento,Santi Cosma e Damiano,comune,espansione,core,Pagina servizio x citta,Testa: query principale della nicchia,,,,
1,Ristrutturazioni,12,ristrutturazione appartamento Scauri,ristrutturazione appartamento,Scauri,frazione,core,core,Pagina servizio x citta,Testa: query principale della nicchia,,,,
1,Ristrutturazioni,12,ristrutturazione bagno Castelforte,ristrutturazione bagno,Castelforte,comune,espansione,core,Pagina servizio x citta,Testa: query principale della nicchia,,,,
1,Ristrutturazioni,12,ristrutturazione bagno Fondi,ristrutturazione bagno,Fondi,comune,espansione,core,Pagina servizio x citta,Testa: query principale della nicchia,,,,
1,Ristrutturazioni,12,ristrutturazione bagno Formia,ristrutturazione bagno,Formia,comune,core,core,Pagina servizio x citta,Testa: query principale della nicchia,,,,
1,Ristrutturazioni,12,ristrutturazione bagno Gaeta,ristrutturazione bagno,Gaeta,comune,core,core,Pagina servizio x citta,Testa: query principale della nicchia,,,,
1,Ristrutturazioni,12,ristrutturazione bagno Itri,ristrutturazione bagno,Itri,comune,core,core,Pagina servizio x citta,Testa: query principale della nicchia,,,,
1,Ristrutturazioni,12,ristrutturazione bagno Minturno,ristrutturazione bagno,Minturno,comune,core,core,Pagina servizio x citta,Testa: query principale della nicchia,,,,
1,Ristrutturazioni,12,ristrutturazione bagno Santi Cosma e Damiano,ristrutturazione bagno,Santi Cosma e Damiano,comune,espansione,core,Pagina servizio x citta,Testa: query principale della nicchia,,,,
1,Ristrutturazioni,12,ristrutturazione bagno Scauri,ristrutturazione bagno,Scauri,frazione,core,core,Pagina servizio x citta,Testa: query principale della nicchia,,,,
1,Ristrutturazioni,12,ristrutturazione casa Castelforte,ristrutturazione casa,Castelforte,comune,espansione,core,Pagina servizio x citta,Testa: query principale della nicchia,,,,
1,Ristrutturazioni,12,ristrutturazione casa Fondi,ristrutturazione casa,Fondi,comune,espansione,core,Pagina servizio x citta,Testa: query principale della nicchia,,,,
1,Ristrutturazioni,12,ristrutturazione casa Formia,ristrutturazione casa,Formia,comune,core,core,Pagina servizio x citta,Testa: query principale della nicchia,,,,
1,Ristrutturazioni,12,ristrutturazione casa Gaeta,ristrutturazione casa,Gaeta,comune,core,core,Pagina servizio x citta,Testa: query principale della nicchia,,,,
1,Ristrutturazioni,12,ristrutturazione casa Itri,ristrutturazione casa,Itri,comune,core,core,Pagina servizio x citta,Testa: query principale della nicchia,,,,
1,Ristrutturazioni,12,ristrutturazione casa Minturno,ristrutturazione casa,Minturno,comune,core,core,Pagina servizio x citta,Testa: query principale della nicchia,,,,
1,Ristrutturazioni,12,ristrutturazione casa Santi Cosma e Damiano,ristrutturazione casa,Santi Cosma e Damiano,comune,espansione,core,Pagina servizio x citta,Testa: query principale della nicchia,,,,
1,Ristrutturazioni,12,ristrutturazione casa Scauri,ristrutturazione casa,Scauri,frazione,core,core,Pagina servizio x citta,Testa: query principale della nicchia,,,,
1,Ristrutturazioni,12,ristrutturazione chiavi in mano Castelforte,ristrutturazione chiavi in mano,Castelforte,comune,espansione,core,Pagina servizio x citta,Testa: query principale della nicchia,,,,
1,Ristrutturazioni,12,ristrutturazione chiavi in mano Fondi,ristrutturazione chiavi in mano,Fondi,comune,espansione,core,Pagina servizio x citta,Testa: query principale della nicchia,,,,
1,Ristrutturazioni,12,ristrutturazione chiavi in mano Formia,ristrutturazione chiavi in mano,Formia,comune,core,core,Pagina servizio x citta,Testa: query principale della nicchia,,,,
1,Ristrutturazioni,12,ristrutturazione chiavi in mano Gaeta,ristrutturazione chiavi in mano,Gaeta,comune,core,core,Pagina servizio x citta,Testa: query principale della nicchia,,,,
1,Ristrutturazioni,12,ristrutturazione chiavi in mano Itri,ristrutturazione chiavi in mano,Itri,comune,core,core,Pagina servizio x citta,Testa: query principale della nicchia,,,,
1,Ristrutturazioni,12,ristrutturazione chiavi in mano Minturno,ristrutturazione chiavi in mano,Minturno,comune,core,core,Pagina servizio x citta,Testa: query principale della nicchia,,,,
1,Ristrutturazioni,12,ristrutturazione chiavi in mano Santi Cosma e Damiano,ristrutturazione chiavi in mano,Santi Cosma e Damiano,comune,espansione,core,Pagina servizio x citta,Testa: query principale della nicchia,,,,
1,Ristrutturazioni,12,ristrutturazione chiavi in mano Scauri,ristrutturazione chiavi in mano,Scauri,frazione,core,core,Pagina servizio x citta,Testa: query principale della nicchia,,,,
1,Ristrutturazioni,12,ristrutturazione cucina Castelforte,ristrutturazione cucina,Castelforte,comune,espansione,core,Pagina servizio x citta,Testa: query principale della nicchia,,,,
1,Ristrutturazioni,12,ristrutturazione cucina Fondi,ristrutturazione cucina,Fondi,comune,espansione,core,Pagina servizio x citta,Testa: query principale della nicchia,,,,
1,Ristrutturazioni,12,ristrutturazione cucina Formia,ristrutturazione cucina,Formia,comune,core,core,Pagina servizio x citta,Testa: query principale della nicchia,,,,
1,Ristrutturazioni,12,ristrutturazione cucina Gaeta,ristrutturazione cucina,Gaeta,comune,core,core,Pagina servizio x citta,Testa: query principale della nicchia,,,,
1,Ristrutturazioni,12,ristrutturazione cucina Itri,ristrutturazione cucina,Itri,comune,core,core,Pagina servizio x citta,Testa: query principale della nicchia,,,,
1,Ristrutturazioni,12,ristrutturazione cucina Minturno,ristrutturazione cucina,Minturno,comune,core,core,Pagina servizio x citta,Testa: query principale della nicchia,,,,
1,Ristrutturazioni,12,ristrutturazione cucina Santi Cosma e Damiano,ristrutturazione cucina,Santi Cosma e Damiano,comune,espansione,core,Pagina servizio x citta,Testa: query principale della nicchia,,,,
1,Ristrutturazioni,12,ristrutturazione cucina Scauri,ristrutturazione cucina,Scauri,frazione,core,core,Pagina servizio x citta,Testa: query principale della nicchia,,,,
1,Ristrutturazioni,12,ristrutturazione villa Castelforte,ristrutturazione villa,Castelforte,comune,espansione,core,Pagina servizio x citta,Testa: query principale della nicchia,,,,
1,Ristrutturazioni,12,ristrutturazione villa Fondi,ristrutturazione villa,Fondi,comune,espansione,core,Pagina servizio x citta,Testa: query principale della nicchia,,,,
1,Ristrutturazioni,12,ristrutturazione villa Formia,ristrutturazione villa,Formia,comune,core,core,Pagina servizio x citta,Testa: query principale della nicchia,,,,
1,Ristrutturazioni,12,ristrutturazione villa Gaeta,ristrutturazione villa,Gaeta,comune,core,core,Pagina servizio x citta,Testa: query principale della nicchia,,,,
1,Ristrutturazioni,12,ristrutturazione villa Itri,ristrutturazione villa,Itri,comune,core,core,Pagina servizio x citta,Testa: query principale della nicchia,,,,
1,Ristrutturazioni,12,ristrutturazione villa Minturno,ristrutturazione villa,Minturno,comune,core,core,Pagina servizio x citta,Testa: query principale della nicchia,,,,
1,Ristrutturazioni,12,ristrutturazione villa Santi Cosma e Damiano,ristrutturazione villa,Santi Cosma e Damiano,comune,espansione,core,Pagina servizio x citta,Testa: query principale della nicchia,,,,
1,Ristrutturazioni,12,ristrutturazione villa Scauri,ristrutturazione villa,Scauri,frazione,core,core,Pagina servizio x citta,Testa: query principale della nicchia,,,,
1,Ristrutturazioni,12,ampliamento casa urgente Formia,ampliamento casa urgente,Formia,comune,core,emergenza,Pagina servizio x citta,"Massimo intento, chiama subito",,,,
1,Ristrutturazioni,12,ampliamento casa urgente Gaeta,ampliamento casa urgente,Gaeta,comune,core,emergenza,Pagina servizio x citta,"Massimo intento, chiama subito",,,,
1,Ristrutturazioni,12,ampliamento casa urgente Itri,ampliamento casa urgente,Itri,comune,core,emergenza,Pagina servizio x citta,"Massimo intento, chiama subito",,,,
1,Ristrutturazioni,12,ampliamento casa urgente Minturno,ampliamento casa urgente,Minturno,comune,core,emergenza,Pagina servizio x citta,"Massimo intento, chiama subito",,,,
1,Ristrutturazioni,12,ampliamento casa urgente Scauri,ampliamento casa urgente,Scauri,frazione,core,emergenza,Pagina servizio x citta,"Massimo intento, chiama subito",,,,
1,Ristrutturazioni,12,cappotto termico urgente Formia,cappotto termico urgente,Formia,comune,core,emergenza,Pagina servizio x citta,"Massimo intento, chiama subito",,,,
1,Ristrutturazioni,12,cappotto termico urgente Gaeta,cappotto termico urgente,Gaeta,comune,core,emergenza,Pagina servizio x citta,"Massimo intento, chiama subito",,,,
1,Ristrutturazioni,12,cappotto termico urgente Itri,cappotto termico urgente,Itri,comune,core,emergenza,Pagina servizio x citta,"Massimo intento, chiama subito",,,,
1,Ristrutturazioni,12,cappotto termico urgente Minturno,cappotto termico urgente,Minturno,comune,core,emergenza,Pagina servizio x citta,"Massimo intento, chiama subito",,,,
1,Ristrutturazioni,12,cappotto termico urgente Scauri,cappotto termico urgente,Scauri,frazione,core,emergenza,Pagina servizio x citta,"Massimo intento, chiama subito",,,,
1,Ristrutturazioni,12,impresa edile urgente Formia,impresa edile urgente,Formia,comune,core,emergenza,Pagina servizio x citta,"Massimo intento, chiama subito",,,,
1,Ristrutturazioni,12,impresa edile urgente Gaeta,impresa edile urgente,Gaeta,comune,core,emergenza,Pagina servizio x citta,"Massimo intento, chiama subito",,,,
1,Ristrutturazioni,12,impresa edile urgente Itri,impresa edile urgente,Itri,comune,core,emergenza,Pagina servizio x citta,"Massimo intento, chiama subito",,,,
1,Ristrutturazioni,12,impresa edile urgente Minturno,impresa edile urgente,Minturno,comune,core,emergenza,Pagina servizio x citta,"Massimo intento, chiama subito",,,,
1,Ristrutturazioni,12,impresa edile urgente Scauri,impresa edile urgente,Scauri,frazione,core,emergenza,Pagina servizio x citta,"Massimo intento, chiama subito",,,,
1,Ristrutturazioni,12,manutenzione straordinaria condominio urgente Formia,manutenzione straordinaria condominio urgente,Formia,comune,core,emergenza,Pagina servizio x citta,"Massimo intento, chiama subito",,,,
1,Ristrutturazioni,12,manutenzione straordinaria condominio urgente Gaeta,manutenzione straordinaria condominio urgente,Gaeta,comune,core,emergenza,Pagina servizio x citta,"Massimo intento, chiama subito",,,,
1,Ristrutturazioni,12,manutenzione straordinaria condominio urgente Itri,manutenzione straordinaria condominio urgente,Itri,comune,core,emergenza,Pagina servizio x citta,"Massimo intento, chiama subito",,,,
1,Ristrutturazioni,12,manutenzione straordinaria condominio urgente Minturno,manutenzione straordinaria condominio urgente,Minturno,comune,core,emergenza,Pagina servizio x citta,"Massimo intento, chiama subito",,,,
1,Ristrutturazioni,12,manutenzione straordinaria condominio urgente Scauri,manutenzione straordinaria condominio urgente,Scauri,frazione,core,emergenza,Pagina servizio x citta,"Massimo intento, chiama subito",,,,
1,Ristrutturazioni,12,massetto e pavimentazione urgente Formia,massetto e pavimentazione urgente,Formia,comune,core,emergenza,Pagina servizio x citta,"Massimo intento, chiama subito",,,,
1,Ristrutturazioni,12,massetto e pavimentazione urgente Gaeta,massetto e pavimentazione urgente,Gaeta,comune,core,emergenza,Pagina servizio x citta,"Massimo intento, chiama subito",,,,
1,Ristrutturazioni,12,massetto e pavimentazione urgente Itri,massetto e pavimentazione urgente,Itri,comune,core,emergenza,Pagina servizio x citta,"Massimo intento, chiama subito",,,,
1,Ristrutturazioni,12,massetto e pavimentazione urgente Minturno,massetto e pavimentazione urgente,Minturno,comune,core,emergenza,Pagina servizio x citta,"Massimo intento, chiama subito",,,,
1,Ristrutturazioni,12,massetto e pavimentazione urgente Scauri,massetto e pavimentazione urgente,Scauri,frazione,core,emergenza,Pagina servizio x citta,"Massimo intento, chiama subito",,,,
1,Ristrutturazioni,12,rifacimento tetto urgente Formia,rifacimento tetto urgente,Formia,comune,core,emergenza,Pagina servizio x citta,"Massimo intento, chiama subito",,,,
1,Ristrutturazioni,12,rifacimento tetto urgente Gaeta,rifacimento tetto urgente,Gaeta,comune,core,emergenza,Pagina servizio x citta,"Massimo intento, chiama subito",,,,
1,Ristrutturazioni,12,rifacimento tetto urgente Itri,rifacimento tetto urgente,Itri,comune,core,emergenza,Pagina servizio x citta,"Massimo intento, chiama subito",,,,
1,Ristrutturazioni,12,rifacimento tetto urgente Minturno,rifacimento tetto urgente,Minturno,comune,core,emergenza,Pagina servizio x citta,"Massimo intento, chiama subito",,,,
1,Ristrutturazioni,12,rifacimento tetto urgente Scauri,rifacimento tetto urgente,Scauri,frazione,core,emergenza,Pagina servizio x citta,"Massimo intento, chiama subito",,,,
1,Ristrutturazioni,12,ristrutturazione appartamento urgente Formia,ristrutturazione appartamento urgente,Formia,comune,core,emergenza,Pagina servizio x citta,"Massimo intento, chiama subito",,,,
1,Ristrutturazioni,12,ristrutturazione appartamento urgente Gaeta,ristrutturazione appartamento urgente,Gaeta,comune,core,emergenza,Pagina servizio x citta,"Massimo intento, chiama subito",,,,
1,Ristrutturazioni,12,ristrutturazione appartamento urgente Itri,ristrutturazione appartamento urgente,Itri,comune,core,emergenza,Pagina servizio x citta,"Massimo intento, chiama subito",,,,
1,Ristrutturazioni,12,ristrutturazione appartamento urgente Minturno,ristrutturazione appartamento urgente,Minturno,comune,core,emergenza,Pagina servizio x citta,"Massimo intento, chiama subito",,,,
1,Ristrutturazioni,12,ristrutturazione appartamento urgente Scauri,ristrutturazione appartamento urgente,Scauri,frazione,core,emergenza,Pagina servizio x citta,"Massimo intento, chiama subito",,,,
1,Ristrutturazioni,12,ristrutturazione bagno urgente Formia,ristrutturazione bagno urgente,Formia,comune,core,emergenza,Pagina servizio x citta,"Massimo intento, chiama subito",,,,
1,Ristrutturazioni,12,ristrutturazione bagno urgente Gaeta,ristrutturazione bagno urgente,Gaeta,comune,core,emergenza,Pagina servizio x citta,"Massimo intento, chiama subito",,,,
1,Ristrutturazioni,12,ristrutturazione bagno urgente Itri,ristrutturazione bagno urgente,Itri,comune,core,emergenza,Pagina servizio x citta,"Massimo intento, chiama subito",,,,
1,Ristrutturazioni,12,ristrutturazione bagno urgente Minturno,ristrutturazione bagno urgente,Minturno,comune,core,emergenza,Pagina servizio x citta,"Massimo intento, chiama subito",,,,
1,Ristrutturazioni,12,ristrutturazione bagno urgente Scauri,ristrutturazione bagno urgente,Scauri,frazione,core,emergenza,Pagina servizio x citta,"Massimo intento, chiama subito",,,,
1,Ristrutturazioni,12,ristrutturazione casa urgente Formia,ristrutturazione casa urgente,Formia,comune,core,emergenza,Pagina servizio x citta,"Massimo intento, chiama subito",,,,
1,Ristrutturazioni,12,ristrutturazione casa urgente Gaeta,ristrutturazione casa urgente,Gaeta,comune,core,emergenza,Pagina servizio x citta,"Massimo intento, chiama subito",,,,
1,Ristrutturazioni,12,ristrutturazione casa urgente Itri,ristrutturazione casa urgente,Itri,comune,core,emergenza,Pagina servizio x citta,"Massimo intento, chiama subito",,,,
1,Ristrutturazioni,12,ristrutturazione casa urgente Minturno,ristrutturazione casa urgente,Minturno,comune,core,emergenza,Pagina servizio x citta,"Massimo intento, chiama subito",,,,
1,Ristrutturazioni,12,ristrutturazione casa urgente Scauri,ristrutturazione casa urgente,Scauri,frazione,core,emergenza,Pagina servizio x citta,"Massimo intento, chiama subito",,,,
1,Ristrutturazioni,12,ristrutturazione chiavi in mano urgente Formia,ristrutturazione chiavi in mano urgente,Formia,comune,core,emergenza,Pagina servizio x citta,"Massimo intento, chiama subito",,,,
1,Ristrutturazioni,12,ristrutturazione chiavi in mano urgente Gaeta,ristrutturazione chiavi in mano urgente,Gaeta,comune,core,emergenza,Pagina servizio x citta,"Massimo intento, chiama subito",,,,
1,Ristrutturazioni,12,ristrutturazione chiavi in mano urgente Itri,ristrutturazione chiavi in mano urgente,Itri,comune,core,emergenza,Pagina servizio x citta,"Massimo intento, chiama subito",,,,
1,Ristrutturazioni,12,ristrutturazione chiavi in mano urgente Minturno,ristrutturazione chiavi in mano urgente,Minturno,comune,core,emergenza,Pagina servizio x citta,"Massimo intento, chiama subito",,,,
1,Ristrutturazioni,12,ristrutturazione chiavi in mano urgente Scauri,ristrutturazione chiavi in mano urgente,Scauri,frazione,core,emergenza,Pagina servizio x citta,"Massimo intento, chiama subito",,,,
1,Ristrutturazioni,12,ristrutturazione cucina urgente Formia,ristrutturazione cucina urgente,Formia,comune,core,emergenza,Pagina servizio x citta,"Massimo intento, chiama subito",,,,
1,Ristrutturazioni,12,ristrutturazione cucina urgente Gaeta,ristrutturazione cucina urgente,Gaeta,comune,core,emergenza,Pagina servizio x citta,"Massimo intento, chiama subito",,,,
1,Ristrutturazioni,12,ristrutturazione cucina urgente Itri,ristrutturazione cucina urgente,Itri,comune,core,emergenza,Pagina servizio x citta,"Massimo intento, chiama subito",,,,
1,Ristrutturazioni,12,ristrutturazione cucina urgente Minturno,ristrutturazione cucina urgente,Minturno,comune,core,emergenza,Pagina servizio x citta,"Massimo intento, chiama subito",,,,
1,Ristrutturazioni,12,ristrutturazione cucina urgente Scauri,ristrutturazione cucina urgente,Scauri,frazione,core,emergenza,Pagina servizio x citta,"Massimo intento, chiama subito",,,,
1,Ristrutturazioni,12,ristrutturazione villa urgente Formia,ristrutturazione villa urgente,Formia,comune,core,emergenza,Pagina servizio x citta,"Massimo intento, chiama subito",,,,
1,Ristrutturazioni,12,ristrutturazione villa urgente Gaeta,ristrutturazione villa urgente,Gaeta,comune,core,emergenza,Pagina servizio x citta,"Massimo intento, chiama subito",,,,
1,Ristrutturazioni,12,ristrutturazione villa urgente Itri,ristrutturazione villa urgente,Itri,comune,core,emergenza,Pagina servizio x citta,"Massimo intento, chiama subito",,,,
1,Ristrutturazioni,12,ristrutturazione villa urgente Minturno,ristrutturazione villa urgente,Minturno,comune,core,emergenza,Pagina servizio x citta,"Massimo intento, chiama subito",,,,
1,Ristrutturazioni,12,ristrutturazione villa urgente Scauri,ristrutturazione villa urgente,Scauri,frazione,core,emergenza,Pagina servizio x citta,"Massimo intento, chiama subito",,,,
1,Ristrutturazioni,12,bonus ristrutturazione 2026,bonus ristrutturazione 2026,-,-,nazionale,informazionale,Articolo blog,"TOFU: traffico e autorita, non conversione diretta",,,,
1,Ristrutturazioni,12,come scegliere impresa edile,come scegliere impresa edile,-,-,nazionale,informazionale,Articolo blog,"TOFU: traffico e autorita, non conversione diretta",,,,
1,Ristrutturazioni,12,quanto costa ristrutturare casa al mq,quanto costa ristrutturare casa al mq,-,-,nazionale,informazionale,Articolo blog,"TOFU: traffico e autorita, non conversione diretta",,,,
1,Ristrutturazioni,12,quanto dura una ristrutturazione,quanto dura una ristrutturazione,-,-,nazionale,informazionale,Articolo blog,"TOFU: traffico e autorita, non conversione diretta",,,,
1,Ristrutturazioni,12,ristrutturazione appartamento Castellonorato,ristrutturazione appartamento,Castellonorato,frazione,core,iperlocale,Pagina frazione,"Coda lunga: bassa concorrenza, alto tasso conversione",,,,
1,Ristrutturazioni,12,ristrutturazione appartamento Gianola,ristrutturazione appartamento,Gianola,frazione,core,iperlocale,Pagina frazione,"Coda lunga: bassa concorrenza, alto tasso conversione",,,,
1,Ristrutturazioni,12,ristrutturazione appartamento Maranola,ristrutturazione appartamento,Maranola,frazione,core,iperlocale,Pagina frazione,"Coda lunga: bassa concorrenza, alto tasso conversione",,,,
1,Ristrutturazioni,12,ristrutturazione appartamento Penitro,ristrutturazione appartamento,Penitro,frazione,core,iperlocale,Pagina frazione,"Coda lunga: bassa concorrenza, alto tasso conversione",,,,
1,Ristrutturazioni,12,ristrutturazione appartamento Trivio,ristrutturazione appartamento,Trivio,frazione,core,iperlocale,Pagina frazione,"Coda lunga: bassa concorrenza, alto tasso conversione",,,,
1,Ristrutturazioni,12,ristrutturazione appartamento Vindicio,ristrutturazione appartamento,Vindicio,frazione,core,iperlocale,Pagina frazione,"Coda lunga: bassa concorrenza, alto tasso conversione",,,,
1,Ristrutturazioni,12,ristrutturazione bagno Castellonorato,ristrutturazione bagno,Castellonorato,frazione,core,iperlocale,Pagina frazione,"Coda lunga: bassa concorrenza, alto tasso conversione",,,,
1,Ristrutturazioni,12,ristrutturazione bagno Gianola,ristrutturazione bagno,Gianola,frazione,core,iperlocale,Pagina frazione,"Coda lunga: bassa concorrenza, alto tasso conversione",,,,
1,Ristrutturazioni,12,ristrutturazione bagno Maranola,ristrutturazione bagno,Maranola,frazione,core,iperlocale,Pagina frazione,"Coda lunga: bassa concorrenza, alto tasso conversione",,,,
1,Ristrutturazioni,12,ristrutturazione bagno Penitro,ristrutturazione bagno,Penitro,frazione,core,iperlocale,Pagina frazione,"Coda lunga: bassa concorrenza, alto tasso conversione",,,,
1,Ristrutturazioni,12,ristrutturazione bagno Trivio,ristrutturazione bagno,Trivio,frazione,core,iperlocale,Pagina frazione,"Coda lunga: bassa concorrenza, alto tasso conversione",,,,
1,Ristrutturazioni,12,ristrutturazione bagno Vindicio,ristrutturazione bagno,Vindicio,frazione,core,iperlocale,Pagina frazione,"Coda lunga: bassa concorrenza, alto tasso conversione",,,,
1,Ristrutturazioni,12,ristrutturazione casa Castellonorato,ristrutturazione casa,Castellonorato,frazione,core,iperlocale,Pagina frazione,"Coda lunga: bassa concorrenza, alto tasso conversione",,,,
1,Ristrutturazioni,12,ristrutturazione casa Gianola,ristrutturazione casa,Gianola,frazione,core,iperlocale,Pagina frazione,"Coda lunga: bassa concorrenza, alto tasso conversione",,,,
1,Ristrutturazioni,12,ristrutturazione casa Maranola,ristrutturazione casa,Maranola,frazione,core,iperlocale,Pagina frazione,"Coda lunga: bassa concorrenza, alto tasso conversione",,,,
1,Ristrutturazioni,12,ristrutturazione casa Penitro,ristrutturazione casa,Penitro,frazione,core,iperlocale,Pagina frazione,"Coda lunga: bassa concorrenza, alto tasso conversione",,,,
1,Ristrutturazioni,12,ristrutturazione casa Trivio,ristrutturazione casa,Trivio,frazione,core,iperlocale,Pagina frazione,"Coda lunga: bassa concorrenza, alto tasso conversione",,,,
1,Ristrutturazioni,12,ristrutturazione casa Vindicio,ristrutturazione casa,Vindicio,frazione,core,iperlocale,Pagina frazione,"Coda lunga: bassa concorrenza, alto tasso conversione",,,,
1,Ristrutturazioni,12,ristrutturazione cucina Castellonorato,ristrutturazione cucina,Castellonorato,frazione,core,iperlocale,Pagina frazione,"Coda lunga: bassa concorrenza, alto tasso conversione",,,,
1,Ristrutturazioni,12,ristrutturazione cucina Gianola,ristrutturazione cucina,Gianola,frazione,core,iperlocale,Pagina frazione,"Coda lunga: bassa concorrenza, alto tasso conversione",,,,
1,Ristrutturazioni,12,ristrutturazione cucina Maranola,ristrutturazione cucina,Maranola,frazione,core,iperlocale,Pagina frazione,"Coda lunga: bassa concorrenza, alto tasso conversione",,,,
1,Ristrutturazioni,12,ristrutturazione cucina Penitro,ristrutturazione cucina,Penitro,frazione,core,iperlocale,Pagina frazione,"Coda lunga: bassa concorrenza, alto tasso conversione",,,,
1,Ristrutturazioni,12,ristrutturazione cucina Trivio,ristrutturazione cucina,Trivio,frazione,core,iperlocale,Pagina frazione,"Coda lunga: bassa concorrenza, alto tasso conversione",,,,
1,Ristrutturazioni,12,ristrutturazione cucina Vindicio,ristrutturazione cucina,Vindicio,frazione,core,iperlocale,Pagina frazione,"Coda lunga: bassa concorrenza, alto tasso conversione",,,,
2,Termoidraulica,9,assistenza caldaie costo Formia,assistenza caldaie costo,Formia,comune,core,commerciale,Pagina servizio x citta,"Confronto costi, medio intento",,,,
2,Termoidraulica,9,assistenza caldaie costo Gaeta,assistenza caldaie costo,Gaeta,comune,core,commerciale,Pagina servizio x citta,"Confronto costi, medio intento",,,,
2,Termoidraulica,9,assistenza caldaie costo Itri,assistenza caldaie costo,Itri,comune,core,commerciale,Pagina servizio x citta,"Confronto costi, medio intento",,,,
2,Termoidraulica,9,assistenza caldaie costo Minturno,assistenza caldaie costo,Minturno,comune,core,commerciale,Pagina servizio x citta,"Confronto costi, medio intento",,,,
2,Termoidraulica,9,assistenza caldaie costo Scauri,assistenza caldaie costo,Scauri,frazione,core,commerciale,Pagina servizio x citta,"Confronto costi, medio intento",,,,
2,Termoidraulica,9,assistenza caldaie prezzi Formia,assistenza caldaie prezzi,Formia,comune,core,commerciale,Pagina servizio x citta,"Confronto costi, medio intento",,,,
2,Termoidraulica,9,assistenza caldaie prezzi Gaeta,assistenza caldaie prezzi,Gaeta,comune,core,commerciale,Pagina servizio x citta,"Confronto costi, medio intento",,,,
2,Termoidraulica,9,assistenza caldaie prezzi Itri,assistenza caldaie prezzi,Itri,comune,core,commerciale,Pagina servizio x citta,"Confronto costi, medio intento",,,,
2,Termoidraulica,9,assistenza caldaie prezzi Minturno,assistenza caldaie prezzi,Minturno,comune,core,commerciale,Pagina servizio x citta,"Confronto costi, medio intento",,,,
2,Termoidraulica,9,assistenza caldaie prezzi Scauri,assistenza caldaie prezzi,Scauri,frazione,core,commerciale,Pagina servizio x citta,"Confronto costi, medio intento",,,,
2,Termoidraulica,9,disostruzione scarichi costo Formia,disostruzione scarichi costo,Formia,comune,core,commerciale,Pagina servizio x citta,"Confronto costi, medio intento",,,,
2,Termoidraulica,9,disostruzione scarichi costo Gaeta,disostruzione scarichi costo,Gaeta,comune,core,commerciale,Pagina servizio x citta,"Confronto costi, medio intento",,,,
2,Termoidraulica,9,disostruzione scarichi costo Itri,disostruzione scarichi costo,Itri,comune,core,commerciale,Pagina servizio x citta,"Confronto costi, medio intento",,,,
2,Termoidraulica,9,disostruzione scarichi costo Minturno,disostruzione scarichi costo,Minturno,comune,core,commerciale,Pagina servizio x citta,"Confronto costi, medio intento",,,,
2,Termoidraulica,9,disostruzione scarichi costo Scauri,disostruzione scarichi costo,Scauri,frazione,core,commerciale,Pagina servizio x citta,"Confronto costi, medio intento",,,,
2,Termoidraulica,9,disostruzione scarichi prezzi Formia,disostruzione scarichi prezzi,Formia,comune,core,commerciale,Pagina servizio x citta,"Confronto costi, medio intento",,,,
2,Termoidraulica,9,disostruzione scarichi prezzi Gaeta,disostruzione scarichi prezzi,Gaeta,comune,core,commerciale,Pagina servizio x citta,"Confronto costi, medio intento",,,,
2,Termoidraulica,9,disostruzione scarichi prezzi Itri,disostruzione scarichi prezzi,Itri,comune,core,commerciale,Pagina servizio x citta,"Confronto costi, medio intento",,,,
2,Termoidraulica,9,disostruzione scarichi prezzi Minturno,disostruzione scarichi prezzi,Minturno,comune,core,commerciale,Pagina servizio x citta,"Confronto costi, medio intento",,,,
2,Termoidraulica,9,disostruzione scarichi prezzi Scauri,disostruzione scarichi prezzi,Scauri,frazione,core,commerciale,Pagina servizio x citta,"Confronto costi, medio intento",,,,
2,Termoidraulica,9,idraulico costo Formia,idraulico costo,Formia,comune,core,commerciale,Pagina servizio x citta,"Confronto costi, medio intento",,,,
2,Termoidraulica,9,idraulico costo Gaeta,idraulico costo,Gaeta,comune,core,commerciale,Pagina servizio x citta,"Confronto costi, medio intento",,,,
2,Termoidraulica,9,idraulico costo Itri,idraulico costo,Itri,comune,core,commerciale,Pagina servizio x citta,"Confronto costi, medio intento",,,,
2,Termoidraulica,9,idraulico costo Minturno,idraulico costo,Minturno,comune,core,commerciale,Pagina servizio x citta,"Confronto costi, medio intento",,,,
2,Termoidraulica,9,idraulico costo Scauri,idraulico costo,Scauri,frazione,core,commerciale,Pagina servizio x citta,"Confronto costi, medio intento",,,,
2,Termoidraulica,9,idraulico prezzi Formia,idraulico prezzi,Formia,comune,core,commerciale,Pagina servizio x citta,"Confronto costi, medio intento",,,,
2,Termoidraulica,9,idraulico prezzi Gaeta,idraulico prezzi,Gaeta,comune,core,commerciale,Pagina servizio x citta,"Confronto costi, medio intento",,,,
2,Termoidraulica,9,idraulico prezzi Itri,idraulico prezzi,Itri,comune,core,commerciale,Pagina servizio x citta,"Confronto costi, medio intento",,,,
2,Termoidraulica,9,idraulico prezzi Minturno,idraulico prezzi,Minturno,comune,core,commerciale,Pagina servizio x citta,"Confronto costi, medio intento",,,,
2,Termoidraulica,9,idraulico prezzi Scauri,idraulico prezzi,Scauri,frazione,core,commerciale,Pagina servizio x citta,"Confronto costi, medio intento",,,,
2,Termoidraulica,9,idraulico urgente costo Formia,idraulico urgente costo,Formia,comune,core,commerciale,Pagina servizio x citta,"Confronto costi, medio intento",,,,
2,Termoidraulica,9,idraulico urgente costo Gaeta,idraulico urgente costo,Gaeta,comune,core,commerciale,Pagina servizio x citta,"Confronto costi, medio intento",,,,
2,Termoidraulica,9,idraulico urgente costo Itri,idraulico urgente costo,Itri,comune,core,commerciale,Pagina servizio x citta,"Confronto costi, medio intento",,,,
2,Termoidraulica,9,idraulico urgente costo Minturno,idraulico urgente costo,Minturno,comune,core,commerciale,Pagina servizio x citta,"Confronto costi, medio intento",,,,
2,Termoidraulica,9,idraulico urgente costo Scauri,idraulico urgente costo,Scauri,frazione,core,commerciale,Pagina servizio x citta,"Confronto costi, medio intento",,,,
2,Termoidraulica,9,idraulico urgente prezzi Formia,idraulico urgente prezzi,Formia,comune,core,commerciale,Pagina servizio x citta,"Confronto costi, medio intento",,,,
2,Termoidraulica,9,idraulico urgente prezzi Gaeta,idraulico urgente prezzi,Gaeta,comune,core,commerciale,Pagina servizio x citta,"Confronto costi, medio intento",,,,
2,Termoidraulica,9,idraulico urgente prezzi Itri,idraulico urgente prezzi,Itri,comune,core,commerciale,Pagina servizio x citta,"Confronto costi, medio intento",,,,
2,Termoidraulica,9,idraulico urgente prezzi Minturno,idraulico urgente prezzi,Minturno,comune,core,commerciale,Pagina servizio x citta,"Confronto costi, medio intento",,,,
2,Termoidraulica,9,idraulico urgente prezzi Scauri,idraulico urgente prezzi,Scauri,frazione,core,commerciale,Pagina servizio x citta,"Confronto costi, medio intento",,,,
2,Termoidraulica,9,impianto idraulico bagno costo Formia,impianto idraulico bagno costo,Formia,comune,core,commerciale,Pagina servizio x citta,"Confronto costi, medio intento",,,,
2,Termoidraulica,9,impianto idraulico bagno costo Gaeta,impianto idraulico bagno costo,Gaeta,comune,core,commerciale,Pagina servizio x citta,"Confronto costi, medio intento",,,,
2,Termoidraulica,9,impianto idraulico bagno costo Itri,impianto idraulico bagno costo,Itri,comune,core,commerciale,Pagina servizio x citta,"Confronto costi, medio intento",,,,
2,Termoidraulica,9,impianto idraulico bagno costo Minturno,impianto idraulico bagno costo,Minturno,comune,core,commerciale,Pagina servizio x citta,"Confronto costi, medio intento",,,,
2,Termoidraulica,9,impianto idraulico bagno costo Scauri,impianto idraulico bagno costo,Scauri,frazione,core,commerciale,Pagina servizio x citta,"Confronto costi, medio intento",,,,
2,Termoidraulica,9,impianto idraulico bagno prezzi Formia,impianto idraulico bagno prezzi,Formia,comune,core,commerciale,Pagina servizio x citta,"Confronto costi, medio intento",,,,
2,Termoidraulica,9,impianto idraulico bagno prezzi Gaeta,impianto idraulico bagno prezzi,Gaeta,comune,core,commerciale,Pagina servizio x citta,"Confronto costi, medio intento",,,,
2,Termoidraulica,9,impianto idraulico bagno prezzi Itri,impianto idraulico bagno prezzi,Itri,comune,core,commerciale,Pagina servizio x citta,"Confronto costi, medio intento",,,,
2,Termoidraulica,9,impianto idraulico bagno prezzi Minturno,impianto idraulico bagno prezzi,Minturno,comune,core,commerciale,Pagina servizio x citta,"Confronto costi, medio intento",,,,
2,Termoidraulica,9,impianto idraulico bagno prezzi Scauri,impianto idraulico bagno prezzi,Scauri,frazione,core,commerciale,Pagina servizio x citta,"Confronto costi, medio intento",,,,
2,Termoidraulica,9,installazione pompa di calore costo Formia,installazione pompa di calore costo,Formia,comune,core,commerciale,Pagina servizio x citta,"Confronto costi, medio intento",,,,
2,Termoidraulica,9,installazione pompa di calore costo Gaeta,installazione pompa di calore costo,Gaeta,comune,core,commerciale,Pagina servizio x citta,"Confronto costi, medio intento",,,,
2,Termoidraulica,9,installazione pompa di calore costo Itri,installazione pompa di calore costo,Itri,comune,core,commerciale,Pagina servizio x citta,"Confronto costi, medio intento",,,,
2,Termoidraulica,9,installazione pompa di calore costo Minturno,installazione pompa di calore costo,Minturno,comune,core,commerciale,Pagina servizio x citta,"Confronto costi, medio intento",,,,
2,Termoidraulica,9,installazione pompa di calore costo Scauri,installazione pompa di calore costo,Scauri,frazione,core,commerciale,Pagina servizio x citta,"Confronto costi, medio intento",,,,
2,Termoidraulica,9,installazione pompa di calore prezzi Formia,installazione pompa di calore prezzi,Formia,comune,core,commerciale,Pagina servizio x citta,"Confronto costi, medio intento",,,,
2,Termoidraulica,9,installazione pompa di calore prezzi Gaeta,installazione pompa di calore prezzi,Gaeta,comune,core,commerciale,Pagina servizio x citta,"Confronto costi, medio intento",,,,
2,Termoidraulica,9,installazione pompa di calore prezzi Itri,installazione pompa di calore prezzi,Itri,comune,core,commerciale,Pagina servizio x citta,"Confronto costi, medio intento",,,,
2,Termoidraulica,9,installazione pompa di calore prezzi Minturno,installazione pompa di calore prezzi,Minturno,comune,core,commerciale,Pagina servizio x citta,"Confronto costi, medio intento",,,,
2,Termoidraulica,9,installazione pompa di calore prezzi Scauri,installazione pompa di calore prezzi,Scauri,frazione,core,commerciale,Pagina servizio x citta,"Confronto costi, medio intento",,,,
2,Termoidraulica,9,manutenzione caldaia costo Formia,manutenzione caldaia costo,Formia,comune,core,commerciale,Pagina servizio x citta,"Confronto costi, medio intento",,,,
2,Termoidraulica,9,manutenzione caldaia costo Gaeta,manutenzione caldaia costo,Gaeta,comune,core,commerciale,Pagina servizio x citta,"Confronto costi, medio intento",,,,
2,Termoidraulica,9,manutenzione caldaia costo Itri,manutenzione caldaia costo,Itri,comune,core,commerciale,Pagina servizio x citta,"Confronto costi, medio intento",,,,
2,Termoidraulica,9,manutenzione caldaia costo Minturno,manutenzione caldaia costo,Minturno,comune,core,commerciale,Pagina servizio x citta,"Confronto costi, medio intento",,,,
2,Termoidraulica,9,manutenzione caldaia costo Scauri,manutenzione caldaia costo,Scauri,frazione,core,commerciale,Pagina servizio x citta,"Confronto costi, medio intento",,,,
2,Termoidraulica,9,manutenzione caldaia prezzi Formia,manutenzione caldaia prezzi,Formia,comune,core,commerciale,Pagina servizio x citta,"Confronto costi, medio intento",,,,
2,Termoidraulica,9,manutenzione caldaia prezzi Gaeta,manutenzione caldaia prezzi,Gaeta,comune,core,commerciale,Pagina servizio x citta,"Confronto costi, medio intento",,,,
2,Termoidraulica,9,manutenzione caldaia prezzi Itri,manutenzione caldaia prezzi,Itri,comune,core,commerciale,Pagina servizio x citta,"Confronto costi, medio intento",,,,
2,Termoidraulica,9,manutenzione caldaia prezzi Minturno,manutenzione caldaia prezzi,Minturno,comune,core,commerciale,Pagina servizio x citta,"Confronto costi, medio intento",,,,
2,Termoidraulica,9,manutenzione caldaia prezzi Scauri,manutenzione caldaia prezzi,Scauri,frazione,core,commerciale,Pagina servizio x citta,"Confronto costi, medio intento",,,,
2,Termoidraulica,9,preventivo assistenza caldaie Formia,preventivo assistenza caldaie,Formia,comune,core,commerciale,Pagina servizio x citta,Alto intento: sta chiedendo un prezzo,,,,
2,Termoidraulica,9,preventivo assistenza caldaie Gaeta,preventivo assistenza caldaie,Gaeta,comune,core,commerciale,Pagina servizio x citta,Alto intento: sta chiedendo un prezzo,,,,
2,Termoidraulica,9,preventivo assistenza caldaie Itri,preventivo assistenza caldaie,Itri,comune,core,commerciale,Pagina servizio x citta,Alto intento: sta chiedendo un prezzo,,,,
2,Termoidraulica,9,preventivo assistenza caldaie Minturno,preventivo assistenza caldaie,Minturno,comune,core,commerciale,Pagina servizio x citta,Alto intento: sta chiedendo un prezzo,,,,
2,Termoidraulica,9,preventivo assistenza caldaie Scauri,preventivo assistenza caldaie,Scauri,frazione,core,commerciale,Pagina servizio x citta,Alto intento: sta chiedendo un prezzo,,,,
2,Termoidraulica,9,preventivo disostruzione scarichi Formia,preventivo disostruzione scarichi,Formia,comune,core,commerciale,Pagina servizio x citta,Alto intento: sta chiedendo un prezzo,,,,
2,Termoidraulica,9,preventivo disostruzione scarichi Gaeta,preventivo disostruzione scarichi,Gaeta,comune,core,commerciale,Pagina servizio x citta,Alto intento: sta chiedendo un prezzo,,,,
2,Termoidraulica,9,preventivo disostruzione scarichi Itri,preventivo disostruzione scarichi,Itri,comune,core,commerciale,Pagina servizio x citta,Alto intento: sta chiedendo un prezzo,,,,
2,Termoidraulica,9,preventivo disostruzione scarichi Minturno,preventivo disostruzione scarichi,Minturno,comune,core,commerciale,Pagina servizio x citta,Alto intento: sta chiedendo un prezzo,,,,
2,Termoidraulica,9,preventivo disostruzione scarichi Scauri,preventivo disostruzione scarichi,Scauri,frazione,core,commerciale,Pagina servizio x citta,Alto intento: sta chiedendo un prezzo,,,,
2,Termoidraulica,9,preventivo idraulico Formia,preventivo idraulico,Formia,comune,core,commerciale,Pagina servizio x citta,Alto intento: sta chiedendo un prezzo,,,,
2,Termoidraulica,9,preventivo idraulico Gaeta,preventivo idraulico,Gaeta,comune,core,commerciale,Pagina servizio x citta,Alto intento: sta chiedendo un prezzo,,,,
2,Termoidraulica,9,preventivo idraulico Itri,preventivo idraulico,Itri,comune,core,commerciale,Pagina servizio x citta,Alto intento: sta chiedendo un prezzo,,,,
2,Termoidraulica,9,preventivo idraulico Minturno,preventivo idraulico,Minturno,comune,core,commerciale,Pagina servizio x citta,Alto intento: sta chiedendo un prezzo,,,,
2,Termoidraulica,9,preventivo idraulico Scauri,preventivo idraulico,Scauri,frazione,core,commerciale,Pagina servizio x citta,Alto intento: sta chiedendo un prezzo,,,,
2,Termoidraulica,9,preventivo idraulico urgente Formia,preventivo idraulico urgente,Formia,comune,core,commerciale,Pagina servizio x citta,Alto intento: sta chiedendo un prezzo,,,,
2,Termoidraulica,9,preventivo idraulico urgente Gaeta,preventivo idraulico urgente,Gaeta,comune,core,commerciale,Pagina servizio x citta,Alto intento: sta chiedendo un prezzo,,,,
2,Termoidraulica,9,preventivo idraulico urgente Itri,preventivo idraulico urgente,Itri,comune,core,commerciale,Pagina servizio x citta,Alto intento: sta chiedendo un prezzo,,,,
2,Termoidraulica,9,preventivo idraulico urgente Minturno,preventivo idraulico urgente,Minturno,comune,core,commerciale,Pagina servizio x citta,Alto intento: sta chiedendo un prezzo,,,,
2,Termoidraulica,9,preventivo idraulico urgente Scauri,preventivo idraulico urgente,Scauri,frazione,core,commerciale,Pagina servizio x citta,Alto intento: sta chiedendo un prezzo,,,,
2,Termoidraulica,9,preventivo impianto idraulico bagno Formia,preventivo impianto idraulico bagno,Formia,comune,core,commerciale,Pagina servizio x citta,Alto intento: sta chiedendo un prezzo,,,,
2,Termoidraulica,9,preventivo impianto idraulico bagno Gaeta,preventivo impianto idraulico bagno,Gaeta,comune,core,commerciale,Pagina servizio x citta,Alto intento: sta chiedendo un prezzo,,,,
2,Termoidraulica,9,preventivo impianto idraulico bagno Itri,preventivo impianto idraulico bagno,Itri,comune,core,commerciale,Pagina servizio x citta,Alto intento: sta chiedendo un prezzo,,,,
2,Termoidraulica,9,preventivo impianto idraulico bagno Minturno,preventivo impianto idraulico bagno,Minturno,comune,core,commerciale,Pagina servizio x citta,Alto intento: sta chiedendo un prezzo,,,,
2,Termoidraulica,9,preventivo impianto idraulico bagno Scauri,preventivo impianto idraulico bagno,Scauri,frazione,core,commerciale,Pagina servizio x citta,Alto intento: sta chiedendo un prezzo,,,,
2,Termoidraulica,9,preventivo installazione pompa di calore Formia,preventivo installazione pompa di calore,Formia,comune,core,commerciale,Pagina servizio x citta,Alto intento: sta chiedendo un prezzo,,,,
2,Termoidraulica,9,preventivo installazione pompa di calore Gaeta,preventivo installazione pompa di calore,Gaeta,comune,core,commerciale,Pagina servizio x citta,Alto intento: sta chiedendo un prezzo,,,,
2,Termoidraulica,9,preventivo installazione pompa di calore Itri,preventivo installazione pompa di calore,Itri,comune,core,commerciale,Pagina servizio x citta,Alto intento: sta chiedendo un prezzo,,,,
2,Termoidraulica,9,preventivo installazione pompa di calore Minturno,preventivo installazione pompa di calore,Minturno,comune,core,commerciale,Pagina servizio x citta,Alto intento: sta chiedendo un prezzo,,,,
2,Termoidraulica,9,preventivo installazione pompa di calore Scauri,preventivo installazione pompa di calore,Scauri,frazione,core,commerciale,Pagina servizio x citta,Alto intento: sta chiedendo un prezzo,,,,
2,Termoidraulica,9,preventivo manutenzione caldaia Formia,preventivo manutenzione caldaia,Formia,comune,core,commerciale,Pagina servizio x citta,Alto intento: sta chiedendo un prezzo,,,,
2,Termoidraulica,9,preventivo manutenzione caldaia Gaeta,preventivo manutenzione caldaia,Gaeta,comune,core,commerciale,Pagina servizio x citta,Alto intento: sta chiedendo un prezzo,,,,
2,Termoidraulica,9,preventivo manutenzione caldaia Itri,preventivo manutenzione caldaia,Itri,comune,core,commerciale,Pagina servizio x citta,Alto intento: sta chiedendo un prezzo,,,,
2,Termoidraulica,9,preventivo manutenzione caldaia Minturno,preventivo manutenzione caldaia,Minturno,comune,core,commerciale,Pagina servizio x citta,Alto intento: sta chiedendo un prezzo,,,,
2,Termoidraulica,9,preventivo manutenzione caldaia Scauri,preventivo manutenzione caldaia,Scauri,frazione,core,commerciale,Pagina servizio x citta,Alto intento: sta chiedendo un prezzo,,,,
2,Termoidraulica,9,preventivo riparazione perdita acqua Formia,preventivo riparazione perdita acqua,Formia,comune,core,commerciale,Pagina servizio x citta,Alto intento: sta chiedendo un prezzo,,,,
2,Termoidraulica,9,preventivo riparazione perdita acqua Gaeta,preventivo riparazione perdita acqua,Gaeta,comune,core,commerciale,Pagina servizio x citta,Alto intento: sta chiedendo un prezzo,,,,
2,Termoidraulica,9,preventivo riparazione perdita acqua Itri,preventivo riparazione perdita acqua,Itri,comune,core,commerciale,Pagina servizio x citta,Alto intento: sta chiedendo un prezzo,,,,
2,Termoidraulica,9,preventivo riparazione perdita acqua Minturno,preventivo riparazione perdita acqua,Minturno,comune,core,commerciale,Pagina servizio x citta,Alto intento: sta chiedendo un prezzo,,,,
2,Termoidraulica,9,preventivo riparazione perdita acqua Scauri,preventivo riparazione perdita acqua,Scauri,frazione,core,commerciale,Pagina servizio x citta,Alto intento: sta chiedendo un prezzo,,,,
2,Termoidraulica,9,preventivo sostituzione caldaia Formia,preventivo sostituzione caldaia,Formia,comune,core,commerciale,Pagina servizio x citta,Alto intento: sta chiedendo un prezzo,,,,
2,Termoidraulica,9,preventivo sostituzione caldaia Gaeta,preventivo sostituzione caldaia,Gaeta,comune,core,commerciale,Pagina servizio x citta,Alto intento: sta chiedendo un prezzo,,,,
2,Termoidraulica,9,preventivo sostituzione caldaia Itri,preventivo sostituzione caldaia,Itri,comune,core,commerciale,Pagina servizio x citta,Alto intento: sta chiedendo un prezzo,,,,
2,Termoidraulica,9,preventivo sostituzione caldaia Minturno,preventivo sostituzione caldaia,Minturno,comune,core,commerciale,Pagina servizio x citta,Alto intento: sta chiedendo un prezzo,,,,
2,Termoidraulica,9,preventivo sostituzione caldaia Scauri,preventivo sostituzione caldaia,Scauri,frazione,core,commerciale,Pagina servizio x citta,Alto intento: sta chiedendo un prezzo,,,,
2,Termoidraulica,9,preventivo sostituzione scaldabagno Formia,preventivo sostituzione scaldabagno,Formia,comune,core,commerciale,Pagina servizio x citta,Alto intento: sta chiedendo un prezzo,,,,
2,Termoidraulica,9,preventivo sostituzione scaldabagno Gaeta,preventivo sostituzione scaldabagno,Gaeta,comune,core,commerciale,Pagina servizio x citta,Alto intento: sta chiedendo un prezzo,,,,
2,Termoidraulica,9,preventivo sostituzione scaldabagno Itri,preventivo sostituzione scaldabagno,Itri,comune,core,commerciale,Pagina servizio x citta,Alto intento: sta chiedendo un prezzo,,,,
2,Termoidraulica,9,preventivo sostituzione scaldabagno Minturno,preventivo sostituzione scaldabagno,Minturno,comune,core,commerciale,Pagina servizio x citta,Alto intento: sta chiedendo un prezzo,,,,
2,Termoidraulica,9,preventivo sostituzione scaldabagno Scauri,preventivo sostituzione scaldabagno,Scauri,frazione,core,commerciale,Pagina servizio x citta,Alto intento: sta chiedendo un prezzo,,,,
2,Termoidraulica,9,riparazione perdita acqua costo Formia,riparazione perdita acqua costo,Formia,comune,core,commerciale,Pagina servizio x citta,"Confronto costi, medio intento",,,,
2,Termoidraulica,9,riparazione perdita acqua costo Gaeta,riparazione perdita acqua costo,Gaeta,comune,core,commerciale,Pagina servizio x citta,"Confronto costi, medio intento",,,,
2,Termoidraulica,9,riparazione perdita acqua costo Itri,riparazione perdita acqua costo,Itri,comune,core,commerciale,Pagina servizio x citta,"Confronto costi, medio intento",,,,
2,Termoidraulica,9,riparazione perdita acqua costo Minturno,riparazione perdita acqua costo,Minturno,comune,core,commerciale,Pagina servizio x citta,"Confronto costi, medio intento",,,,
2,Termoidraulica,9,riparazione perdita acqua costo Scauri,riparazione perdita acqua costo,Scauri,frazione,core,commerciale,Pagina servizio x citta,"Confronto costi, medio intento",,,,
2,Termoidraulica,9,riparazione perdita acqua prezzi Formia,riparazione perdita acqua prezzi,Formia,comune,core,commerciale,Pagina servizio x citta,"Confronto costi, medio intento",,,,
2,Termoidraulica,9,riparazione perdita acqua prezzi Gaeta,riparazione perdita acqua prezzi,Gaeta,comune,core,commerciale,Pagina servizio x citta,"Confronto costi, medio intento",,,,
2,Termoidraulica,9,riparazione perdita acqua prezzi Itri,riparazione perdita acqua prezzi,Itri,comune,core,commerciale,Pagina servizio x citta,"Confronto costi, medio intento",,,,
2,Termoidraulica,9,riparazione perdita acqua prezzi Minturno,riparazione perdita acqua prezzi,Minturno,comune,core,commerciale,Pagina servizio x citta,"Confronto costi, medio intento",,,,
2,Termoidraulica,9,riparazione perdita acqua prezzi Scauri,riparazione perdita acqua prezzi,Scauri,frazione,core,commerciale,Pagina servizio x citta,"Confronto costi, medio intento",,,,
2,Termoidraulica,9,sostituzione caldaia costo Formia,sostituzione caldaia costo,Formia,comune,core,commerciale,Pagina servizio x citta,"Confronto costi, medio intento",,,,
2,Termoidraulica,9,sostituzione caldaia costo Gaeta,sostituzione caldaia costo,Gaeta,comune,core,commerciale,Pagina servizio x citta,"Confronto costi, medio intento",,,,
2,Termoidraulica,9,sostituzione caldaia costo Itri,sostituzione caldaia costo,Itri,comune,core,commerciale,Pagina servizio x citta,"Confronto costi, medio intento",,,,
2,Termoidraulica,9,sostituzione caldaia costo Minturno,sostituzione caldaia costo,Minturno,comune,core,commerciale,Pagina servizio x citta,"Confronto costi, medio intento",,,,
2,Termoidraulica,9,sostituzione caldaia costo Scauri,sostituzione caldaia costo,Scauri,frazione,core,commerciale,Pagina servizio x citta,"Confronto costi, medio intento",,,,
2,Termoidraulica,9,sostituzione caldaia prezzi Formia,sostituzione caldaia prezzi,Formia,comune,core,commerciale,Pagina servizio x citta,"Confronto costi, medio intento",,,,
2,Termoidraulica,9,sostituzione caldaia prezzi Gaeta,sostituzione caldaia prezzi,Gaeta,comune,core,commerciale,Pagina servizio x citta,"Confronto costi, medio intento",,,,
2,Termoidraulica,9,sostituzione caldaia prezzi Itri,sostituzione caldaia prezzi,Itri,comune,core,commerciale,Pagina servizio x citta,"Confronto costi, medio intento",,,,
2,Termoidraulica,9,sostituzione caldaia prezzi Minturno,sostituzione caldaia prezzi,Minturno,comune,core,commerciale,Pagina servizio x citta,"Confronto costi, medio intento",,,,
2,Termoidraulica,9,sostituzione caldaia prezzi Scauri,sostituzione caldaia prezzi,Scauri,frazione,core,commerciale,Pagina servizio x citta,"Confronto costi, medio intento",,,,
2,Termoidraulica,9,sostituzione scaldabagno costo Formia,sostituzione scaldabagno costo,Formia,comune,core,commerciale,Pagina servizio x citta,"Confronto costi, medio intento",,,,
2,Termoidraulica,9,sostituzione scaldabagno costo Gaeta,sostituzione scaldabagno costo,Gaeta,comune,core,commerciale,Pagina servizio x citta,"Confronto costi, medio intento",,,,
2,Termoidraulica,9,sostituzione scaldabagno costo Itri,sostituzione scaldabagno costo,Itri,comune,core,commerciale,Pagina servizio x citta,"Confronto costi, medio intento",,,,
2,Termoidraulica,9,sostituzione scaldabagno costo Minturno,sostituzione scaldabagno costo,Minturno,comune,core,commerciale,Pagina servizio x citta,"Confronto costi, medio intento",,,,
2,Termoidraulica,9,sostituzione scaldabagno costo Scauri,sostituzione scaldabagno costo,Scauri,frazione,core,commerciale,Pagina servizio x citta,"Confronto costi, medio intento",,,,
2,Termoidraulica,9,sostituzione scaldabagno prezzi Formia,sostituzione scaldabagno prezzi,Formia,comune,core,commerciale,Pagina servizio x citta,"Confronto costi, medio intento",,,,
2,Termoidraulica,9,sostituzione scaldabagno prezzi Gaeta,sostituzione scaldabagno prezzi,Gaeta,comune,core,commerciale,Pagina servizio x citta,"Confronto costi, medio intento",,,,
2,Termoidraulica,9,sostituzione scaldabagno prezzi Itri,sostituzione scaldabagno prezzi,Itri,comune,core,commerciale,Pagina servizio x citta,"Confronto costi, medio intento",,,,
2,Termoidraulica,9,sostituzione scaldabagno prezzi Minturno,sostituzione scaldabagno prezzi,Minturno,comune,core,commerciale,Pagina servizio x citta,"Confronto costi, medio intento",,,,
2,Termoidraulica,9,sostituzione scaldabagno prezzi Scauri,sostituzione scaldabagno prezzi,Scauri,frazione,core,commerciale,Pagina servizio x citta,"Confronto costi, medio intento",,,,
2,Termoidraulica,9,migliore assistenza caldaie Formia,migliore assistenza caldaie,Formia,comune,core,comparativo,Pagina servizio x citta,Fase di scelta del fornitore,,,,
2,Termoidraulica,9,migliore assistenza caldaie Gaeta,migliore assistenza caldaie,Gaeta,comune,core,comparativo,Pagina servizio x citta,Fase di scelta del fornitore,,,,
2,Termoidraulica,9,migliore assistenza caldaie Itri,migliore assistenza caldaie,Itri,comune,core,comparativo,Pagina servizio x citta,Fase di scelta del fornitore,,,,
2,Termoidraulica,9,migliore assistenza caldaie Minturno,migliore assistenza caldaie,Minturno,comune,core,comparativo,Pagina servizio x citta,Fase di scelta del fornitore,,,,
2,Termoidraulica,9,migliore assistenza caldaie Scauri,migliore assistenza caldaie,Scauri,frazione,core,comparativo,Pagina servizio x citta,Fase di scelta del fornitore,,,,
2,Termoidraulica,9,migliore disostruzione scarichi Formia,migliore disostruzione scarichi,Formia,comune,core,comparativo,Pagina servizio x citta,Fase di scelta del fornitore,,,,
2,Termoidraulica,9,migliore disostruzione scarichi Gaeta,migliore disostruzione scarichi,Gaeta,comune,core,comparativo,Pagina servizio x citta,Fase di scelta del fornitore,,,,
2,Termoidraulica,9,migliore disostruzione scarichi Itri,migliore disostruzione scarichi,Itri,comune,core,comparativo,Pagina servizio x citta,Fase di scelta del fornitore,,,,
2,Termoidraulica,9,migliore disostruzione scarichi Minturno,migliore disostruzione scarichi,Minturno,comune,core,comparativo,Pagina servizio x citta,Fase di scelta del fornitore,,,,
2,Termoidraulica,9,migliore disostruzione scarichi Scauri,migliore disostruzione scarichi,Scauri,frazione,core,comparativo,Pagina servizio x citta,Fase di scelta del fornitore,,,,
2,Termoidraulica,9,migliore idraulico Formia,migliore idraulico,Formia,comune,core,comparativo,Pagina servizio x citta,Fase di scelta del fornitore,,,,
2,Termoidraulica,9,migliore idraulico Gaeta,migliore idraulico,Gaeta,comune,core,comparativo,Pagina servizio x citta,Fase di scelta del fornitore,,,,
2,Termoidraulica,9,migliore idraulico Itri,migliore idraulico,Itri,comune,core,comparativo,Pagina servizio x citta,Fase di scelta del fornitore,,,,
2,Termoidraulica,9,migliore idraulico Minturno,migliore idraulico,Minturno,comune,core,comparativo,Pagina servizio x citta,Fase di scelta del fornitore,,,,
2,Termoidraulica,9,migliore idraulico Scauri,migliore idraulico,Scauri,frazione,core,comparativo,Pagina servizio x citta,Fase di scelta del fornitore,,,,
2,Termoidraulica,9,migliore idraulico urgente Formia,migliore idraulico urgente,Formia,comune,core,comparativo,Pagina servizio x citta,Fase di scelta del fornitore,,,,
2,Termoidraulica,9,migliore idraulico urgente Gaeta,migliore idraulico urgente,Gaeta,comune,core,comparativo,Pagina servizio x citta,Fase di scelta del fornitore,,,,
2,Termoidraulica,9,migliore idraulico urgente Itri,migliore idraulico urgente,Itri,comune,core,comparativo,Pagina servizio x citta,Fase di scelta del fornitore,,,,
2,Termoidraulica,9,migliore idraulico urgente Minturno,migliore idraulico urgente,Minturno,comune,core,comparativo,Pagina servizio x citta,Fase di scelta del fornitore,,,,
2,Termoidraulica,9,migliore idraulico urgente Scauri,migliore idraulico urgente,Scauri,frazione,core,comparativo,Pagina servizio x citta,Fase di scelta del fornitore,,,,
2,Termoidraulica,9,migliore impianto idraulico bagno Formia,migliore impianto idraulico bagno,Formia,comune,core,comparativo,Pagina servizio x citta,Fase di scelta del fornitore,,,,
2,Termoidraulica,9,migliore impianto idraulico bagno Gaeta,migliore impianto idraulico bagno,Gaeta,comune,core,comparativo,Pagina servizio x citta,Fase di scelta del fornitore,,,,
2,Termoidraulica,9,migliore impianto idraulico bagno Itri,migliore impianto idraulico bagno,Itri,comune,core,comparativo,Pagina servizio x citta,Fase di scelta del fornitore,,,,
2,Termoidraulica,9,migliore impianto idraulico bagno Minturno,migliore impianto idraulico bagno,Minturno,comune,core,comparativo,Pagina servizio x citta,Fase di scelta del fornitore,,,,
2,Termoidraulica,9,migliore impianto idraulico bagno Scauri,migliore impianto idraulico bagno,Scauri,frazione,core,comparativo,Pagina servizio x citta,Fase di scelta del fornitore,,,,
2,Termoidraulica,9,migliore installazione pompa di calore Formia,migliore installazione pompa di calore,Formia,comune,core,comparativo,Pagina servizio x citta,Fase di scelta del fornitore,,,,
2,Termoidraulica,9,migliore installazione pompa di calore Gaeta,migliore installazione pompa di calore,Gaeta,comune,core,comparativo,Pagina servizio x citta,Fase di scelta del fornitore,,,,
2,Termoidraulica,9,migliore installazione pompa di calore Itri,migliore installazione pompa di calore,Itri,comune,core,comparativo,Pagina servizio x citta,Fase di scelta del fornitore,,,,
2,Termoidraulica,9,migliore installazione pompa di calore Minturno,migliore installazione pompa di calore,Minturno,comune,core,comparativo,Pagina servizio x citta,Fase di scelta del fornitore,,,,
2,Termoidraulica,9,migliore installazione pompa di calore Scauri,migliore installazione pompa di calore,Scauri,frazione,core,comparativo,Pagina servizio x citta,Fase di scelta del fornitore,,,,
2,Termoidraulica,9,migliore manutenzione caldaia Formia,migliore manutenzione caldaia,Formia,comune,core,comparativo,Pagina servizio x citta,Fase di scelta del fornitore,,,,
2,Termoidraulica,9,migliore manutenzione caldaia Gaeta,migliore manutenzione caldaia,Gaeta,comune,core,comparativo,Pagina servizio x citta,Fase di scelta del fornitore,,,,
2,Termoidraulica,9,migliore manutenzione caldaia Itri,migliore manutenzione caldaia,Itri,comune,core,comparativo,Pagina servizio x citta,Fase di scelta del fornitore,,,,
2,Termoidraulica,9,migliore manutenzione caldaia Minturno,migliore manutenzione caldaia,Minturno,comune,core,comparativo,Pagina servizio x citta,Fase di scelta del fornitore,,,,
2,Termoidraulica,9,migliore manutenzione caldaia Scauri,migliore manutenzione caldaia,Scauri,frazione,core,comparativo,Pagina servizio x citta,Fase di scelta del fornitore,,,,
2,Termoidraulica,9,migliore riparazione perdita acqua Formia,migliore riparazione perdita acqua,Formia,comune,core,comparativo,Pagina servizio x citta,Fase di scelta del fornitore,,,,
2,Termoidraulica,9,migliore riparazione perdita acqua Gaeta,migliore riparazione perdita acqua,Gaeta,comune,core,comparativo,Pagina servizio x citta,Fase di scelta del fornitore,,,,
2,Termoidraulica,9,migliore riparazione perdita acqua Itri,migliore riparazione perdita acqua,Itri,comune,core,comparativo,Pagina servizio x citta,Fase di scelta del fornitore,,,,
2,Termoidraulica,9,migliore riparazione perdita acqua Minturno,migliore riparazione perdita acqua,Minturno,comune,core,comparativo,Pagina servizio x citta,Fase di scelta del fornitore,,,,
2,Termoidraulica,9,migliore riparazione perdita acqua Scauri,migliore riparazione perdita acqua,Scauri,frazione,core,comparativo,Pagina servizio x citta,Fase di scelta del fornitore,,,,
2,Termoidraulica,9,migliore sostituzione caldaia Formia,migliore sostituzione caldaia,Formia,comune,core,comparativo,Pagina servizio x citta,Fase di scelta del fornitore,,,,
2,Termoidraulica,9,migliore sostituzione caldaia Gaeta,migliore sostituzione caldaia,Gaeta,comune,core,comparativo,Pagina servizio x citta,Fase di scelta del fornitore,,,,
2,Termoidraulica,9,migliore sostituzione caldaia Itri,migliore sostituzione caldaia,Itri,comune,core,comparativo,Pagina servizio x citta,Fase di scelta del fornitore,,,,
2,Termoidraulica,9,migliore sostituzione caldaia Minturno,migliore sostituzione caldaia,Minturno,comune,core,comparativo,Pagina servizio x citta,Fase di scelta del fornitore,,,,
2,Termoidraulica,9,migliore sostituzione caldaia Scauri,migliore sostituzione caldaia,Scauri,frazione,core,comparativo,Pagina servizio x citta,Fase di scelta del fornitore,,,,
2,Termoidraulica,9,migliore sostituzione scaldabagno Formia,migliore sostituzione scaldabagno,Formia,comune,core,comparativo,Pagina servizio x citta,Fase di scelta del fornitore,,,,
2,Termoidraulica,9,migliore sostituzione scaldabagno Gaeta,migliore sostituzione scaldabagno,Gaeta,comune,core,comparativo,Pagina servizio x citta,Fase di scelta del fornitore,,,,
2,Termoidraulica,9,migliore sostituzione scaldabagno Itri,migliore sostituzione scaldabagno,Itri,comune,core,comparativo,Pagina servizio x citta,Fase di scelta del fornitore,,,,
2,Termoidraulica,9,migliore sostituzione scaldabagno Minturno,migliore sostituzione scaldabagno,Minturno,comune,core,comparativo,Pagina servizio x citta,Fase di scelta del fornitore,,,,
2,Termoidraulica,9,migliore sostituzione scaldabagno Scauri,migliore sostituzione scaldabagno,Scauri,frazione,core,comparativo,Pagina servizio x citta,Fase di scelta del fornitore,,,,
2,Termoidraulica,9,assistenza caldaie Castelforte,assistenza caldaie,Castelforte,comune,espansione,core,Pagina servizio x citta,Testa: query principale della nicchia,,,,
2,Termoidraulica,9,assistenza caldaie Fondi,assistenza caldaie,Fondi,comune,espansione,core,Pagina servizio x citta,Testa: query principale della nicchia,,,,
2,Termoidraulica,9,assistenza caldaie Formia,assistenza caldaie,Formia,comune,core,core,Pagina servizio x citta,Testa: query principale della nicchia,,,,
2,Termoidraulica,9,assistenza caldaie Gaeta,assistenza caldaie,Gaeta,comune,core,core,Pagina servizio x citta,Testa: query principale della nicchia,,,,
2,Termoidraulica,9,assistenza caldaie Itri,assistenza caldaie,Itri,comune,core,core,Pagina servizio x citta,Testa: query principale della nicchia,,,,
2,Termoidraulica,9,assistenza caldaie Minturno,assistenza caldaie,Minturno,comune,core,core,Pagina servizio x citta,Testa: query principale della nicchia,,,,
2,Termoidraulica,9,assistenza caldaie Santi Cosma e Damiano,assistenza caldaie,Santi Cosma e Damiano,comune,espansione,core,Pagina servizio x citta,Testa: query principale della nicchia,,,,
2,Termoidraulica,9,assistenza caldaie Scauri,assistenza caldaie,Scauri,frazione,core,core,Pagina servizio x citta,Testa: query principale della nicchia,,,,
2,Termoidraulica,9,disostruzione scarichi Castelforte,disostruzione scarichi,Castelforte,comune,espansione,core,Pagina servizio x citta,Testa: query principale della nicchia,,,,
2,Termoidraulica,9,disostruzione scarichi Fondi,disostruzione scarichi,Fondi,comune,espansione,core,Pagina servizio x citta,Testa: query principale della nicchia,,,,
2,Termoidraulica,9,disostruzione scarichi Formia,disostruzione scarichi,Formia,comune,core,core,Pagina servizio x citta,Testa: query principale della nicchia,,,,
2,Termoidraulica,9,disostruzione scarichi Gaeta,disostruzione scarichi,Gaeta,comune,core,core,Pagina servizio x citta,Testa: query principale della nicchia,,,,
2,Termoidraulica,9,disostruzione scarichi Itri,disostruzione scarichi,Itri,comune,core,core,Pagina servizio x citta,Testa: query principale della nicchia,,,,
2,Termoidraulica,9,disostruzione scarichi Minturno,disostruzione scarichi,Minturno,comune,core,core,Pagina servizio x citta,Testa: query principale della nicchia,,,,
2,Termoidraulica,9,disostruzione scarichi Santi Cosma e Damiano,disostruzione scarichi,Santi Cosma e Damiano,comune,espansione,core,Pagina servizio x citta,Testa: query principale della nicchia,,,,
2,Termoidraulica,9,disostruzione scarichi Scauri,disostruzione scarichi,Scauri,frazione,core,core,Pagina servizio x citta,Testa: query principale della nicchia,,,,
2,Termoidraulica,9,idraulico Castelforte,idraulico,Castelforte,comune,espansione,core,Pagina servizio x citta,Testa: query principale della nicchia,,,,
2,Termoidraulica,9,idraulico Fondi,idraulico,Fondi,comune,espansione,core,Pagina servizio x citta,Testa: query principale della nicchia,,,,
2,Termoidraulica,9,idraulico Formia,idraulico,Formia,comune,core,core,Pagina servizio x citta,Testa: query principale della nicchia,,,,
2,Termoidraulica,9,idraulico Gaeta,idraulico,Gaeta,comune,core,core,Pagina servizio x citta,Testa: query principale della nicchia,,,,
2,Termoidraulica,9,idraulico Itri,idraulico,Itri,comune,core,core,Pagina servizio x citta,Testa: query principale della nicchia,,,,
2,Termoidraulica,9,idraulico Minturno,idraulico,Minturno,comune,core,core,Pagina servizio x citta,Testa: query principale della nicchia,,,,
2,Termoidraulica,9,idraulico Santi Cosma e Damiano,idraulico,Santi Cosma e Damiano,comune,espansione,core,Pagina servizio x citta,Testa: query principale della nicchia,,,,
2,Termoidraulica,9,idraulico Scauri,idraulico,Scauri,frazione,core,core,Pagina servizio x citta,Testa: query principale della nicchia,,,,
2,Termoidraulica,9,idraulico urgente Castelforte,idraulico urgente,Castelforte,comune,espansione,core,Pagina servizio x citta,Testa: query principale della nicchia,,,,
2,Termoidraulica,9,idraulico urgente Fondi,idraulico urgente,Fondi,comune,espansione,core,Pagina servizio x citta,Testa: query principale della nicchia,,,,
2,Termoidraulica,9,idraulico urgente Santi Cosma e Damiano,idraulico urgente,Santi Cosma e Damiano,comune,espansione,core,Pagina servizio x citta,Testa: query principale della nicchia,,,,
2,Termoidraulica,9,impianto idraulico bagno Castelforte,impianto idraulico bagno,Castelforte,comune,espansione,core,Pagina servizio x citta,Testa: query principale della nicchia,,,,
2,Termoidraulica,9,impianto idraulico bagno Fondi,impianto idraulico bagno,Fondi,comune,espansione,core,Pagina servizio x citta,Testa: query principale della nicchia,,,,
2,Termoidraulica,9,impianto idraulico bagno Formia,impianto idraulico bagno,Formia,comune,core,core,Pagina servizio x citta,Testa: query principale della nicchia,,,,
2,Termoidraulica,9,impianto idraulico bagno Gaeta,impianto idraulico bagno,Gaeta,comune,core,core,Pagina servizio x citta,Testa: query principale della nicchia,,,,
2,Termoidraulica,9,impianto idraulico bagno Itri,impianto idraulico bagno,Itri,comune,core,core,Pagina servizio x citta,Testa: query principale della nicchia,,,,
2,Termoidraulica,9,impianto idraulico bagno Minturno,impianto idraulico bagno,Minturno,comune,core,core,Pagina servizio x citta,Testa: query principale della nicchia,,,,
2,Termoidraulica,9,impianto idraulico bagno Santi Cosma e Damiano,impianto idraulico bagno,Santi Cosma e Damiano,comune,espansione,core,Pagina servizio x citta,Testa: query principale della nicchia,,,,
2,Termoidraulica,9,impianto idraulico bagno Scauri,impianto idraulico bagno,Scauri,frazione,core,core,Pagina servizio x citta,Testa: query principale della nicchia,,,,
2,Termoidraulica,9,installazione pompa di calore Castelforte,installazione pompa di calore,Castelforte,comune,espansione,core,Pagina servizio x citta,Testa: query principale della nicchia,,,,
2,Termoidraulica,9,installazione pompa di calore Fondi,installazione pompa di calore,Fondi,comune,espansione,core,Pagina servizio x citta,Testa: query principale della nicchia,,,,
2,Termoidraulica,9,installazione pompa di calore Formia,installazione pompa di calore,Formia,comune,core,core,Pagina servizio x citta,Testa: query principale della nicchia,,,,
2,Termoidraulica,9,installazione pompa di calore Gaeta,installazione pompa di calore,Gaeta,comune,core,core,Pagina servizio x citta,Testa: query principale della nicchia,,,,
2,Termoidraulica,9,installazione pompa di calore Itri,installazione pompa di calore,Itri,comune,core,core,Pagina servizio x citta,Testa: query principale della nicchia,,,,
2,Termoidraulica,9,installazione pompa di calore Minturno,installazione pompa di calore,Minturno,comune,core,core,Pagina servizio x citta,Testa: query principale della nicchia,,,,
2,Termoidraulica,9,installazione pompa di calore Santi Cosma e Damiano,installazione pompa di calore,Santi Cosma e Damiano,comune,espansione,core,Pagina servizio x citta,Testa: query principale della nicchia,,,,
2,Termoidraulica,9,installazione pompa di calore Scauri,installazione pompa di calore,Scauri,frazione,core,core,Pagina servizio x citta,Testa: query principale della nicchia,,,,
2,Termoidraulica,9,manutenzione caldaia Castelforte,manutenzione caldaia,Castelforte,comune,espansione,core,Pagina servizio x citta,Testa: query principale della nicchia,,,,
2,Termoidraulica,9,manutenzione caldaia Fondi,manutenzione caldaia,Fondi,comune,espansione,core,Pagina servizio x citta,Testa: query principale della nicchia,,,,
2,Termoidraulica,9,manutenzione caldaia Formia,manutenzione caldaia,Formia,comune,core,core,Pagina servizio x citta,Testa: query principale della nicchia,,,,
2,Termoidraulica,9,manutenzione caldaia Gaeta,manutenzione caldaia,Gaeta,comune,core,core,Pagina servizio x citta,Testa: query principale della nicchia,,,,
2,Termoidraulica,9,manutenzione caldaia Itri,manutenzione caldaia,Itri,comune,core,core,Pagina servizio x citta,Testa: query principale della nicchia,,,,
2,Termoidraulica,9,manutenzione caldaia Minturno,manutenzione caldaia,Minturno,comune,core,core,Pagina servizio x citta,Testa: query principale della nicchia,,,,
2,Termoidraulica,9,manutenzione caldaia Santi Cosma e Damiano,manutenzione caldaia,Santi Cosma e Damiano,comune,espansione,core,Pagina servizio x citta,Testa: query principale della nicchia,,,,
2,Termoidraulica,9,manutenzione caldaia Scauri,manutenzione caldaia,Scauri,frazione,core,core,Pagina servizio x citta,Testa: query principale della nicchia,,,,
2,Termoidraulica,9,riparazione perdita acqua Castelforte,riparazione perdita acqua,Castelforte,comune,espansione,core,Pagina servizio x citta,Testa: query principale della nicchia,,,,
2,Termoidraulica,9,riparazione perdita acqua Fondi,riparazione perdita acqua,Fondi,comune,espansione,core,Pagina servizio x citta,Testa: query principale della nicchia,,,,
2,Termoidraulica,9,riparazione perdita acqua Formia,riparazione perdita acqua,Formia,comune,core,core,Pagina servizio x citta,Testa: query principale della nicchia,,,,
2,Termoidraulica,9,riparazione perdita acqua Gaeta,riparazione perdita acqua,Gaeta,comune,core,core,Pagina servizio x citta,Testa: query principale della nicchia,,,,
2,Termoidraulica,9,riparazione perdita acqua Itri,riparazione perdita acqua,Itri,comune,core,core,Pagina servizio x citta,Testa: query principale della nicchia,,,,
2,Termoidraulica,9,riparazione perdita acqua Minturno,riparazione perdita acqua,Minturno,comune,core,core,Pagina servizio x citta,Testa: query principale della nicchia,,,,
2,Termoidraulica,9,riparazione perdita acqua Santi Cosma e Damiano,riparazione perdita acqua,Santi Cosma e Damiano,comune,espansione,core,Pagina servizio x citta,Testa: query principale della nicchia,,,,
2,Termoidraulica,9,riparazione perdita acqua Scauri,riparazione perdita acqua,Scauri,frazione,core,core,Pagina servizio x citta,Testa: query principale della nicchia,,,,
2,Termoidraulica,9,sostituzione caldaia Castelforte,sostituzione caldaia,Castelforte,comune,espansione,core,Pagina servizio x citta,Testa: query principale della nicchia,,,,
2,Termoidraulica,9,sostituzione caldaia Fondi,sostituzione caldaia,Fondi,comune,espansione,core,Pagina servizio x citta,Testa: query principale della nicchia,,,,
2,Termoidraulica,9,sostituzione caldaia Formia,sostituzione caldaia,Formia,comune,core,core,Pagina servizio x citta,Testa: query principale della nicchia,,,,
2,Termoidraulica,9,sostituzione caldaia Gaeta,sostituzione caldaia,Gaeta,comune,core,core,Pagina servizio x citta,Testa: query principale della nicchia,,,,
2,Termoidraulica,9,sostituzione caldaia Itri,sostituzione caldaia,Itri,comune,core,core,Pagina servizio x citta,Testa: query principale della nicchia,,,,
2,Termoidraulica,9,sostituzione caldaia Minturno,sostituzione caldaia,Minturno,comune,core,core,Pagina servizio x citta,Testa: query principale della nicchia,,,,
2,Termoidraulica,9,sostituzione caldaia Santi Cosma e Damiano,sostituzione caldaia,Santi Cosma e Damiano,comune,espansione,core,Pagina servizio x citta,Testa: query principale della nicchia,,,,
2,Termoidraulica,9,sostituzione caldaia Scauri,sostituzione caldaia,Scauri,frazione,core,core,Pagina servizio x citta,Testa: query principale della nicchia,,,,
2,Termoidraulica,9,sostituzione scaldabagno Castelforte,sostituzione scaldabagno,Castelforte,comune,espansione,core,Pagina servizio x citta,Testa: query principale della nicchia,,,,
2,Termoidraulica,9,sostituzione scaldabagno Fondi,sostituzione scaldabagno,Fondi,comune,espansione,core,Pagina servizio x citta,Testa: query principale della nicchia,,,,
2,Termoidraulica,9,sostituzione scaldabagno Formia,sostituzione scaldabagno,Formia,comune,core,core,Pagina servizio x citta,Testa: query principale della nicchia,,,,
2,Termoidraulica,9,sostituzione scaldabagno Gaeta,sostituzione scaldabagno,Gaeta,comune,core,core,Pagina servizio x citta,Testa: query principale della nicchia,,,,
2,Termoidraulica,9,sostituzione scaldabagno Itri,sostituzione scaldabagno,Itri,comune,core,core,Pagina servizio x citta,Testa: query principale della nicchia,,,,
2,Termoidraulica,9,sostituzione scaldabagno Minturno,sostituzione scaldabagno,Minturno,comune,core,core,Pagina servizio x citta,Testa: query principale della nicchia,,,,
2,Termoidraulica,9,sostituzione scaldabagno Santi Cosma e Damiano,sostituzione scaldabagno,Santi Cosma e Damiano,comune,espansione,core,Pagina servizio x citta,Testa: query principale della nicchia,,,,
2,Termoidraulica,9,sostituzione scaldabagno Scauri,sostituzione scaldabagno,Scauri,frazione,core,core,Pagina servizio x citta,Testa: query principale della nicchia,,,,
2,Termoidraulica,9,assistenza caldaie urgente Formia,assistenza caldaie urgente,Formia,comune,core,emergenza,Pagina servizio x citta,"Massimo intento, chiama subito",,,,
2,Termoidraulica,9,assistenza caldaie urgente Gaeta,assistenza caldaie urgente,Gaeta,comune,core,emergenza,Pagina servizio x citta,"Massimo intento, chiama subito",,,,
2,Termoidraulica,9,assistenza caldaie urgente Itri,assistenza caldaie urgente,Itri,comune,core,emergenza,Pagina servizio x citta,"Massimo intento, chiama subito",,,,
2,Termoidraulica,9,assistenza caldaie urgente Minturno,assistenza caldaie urgente,Minturno,comune,core,emergenza,Pagina servizio x citta,"Massimo intento, chiama subito",,,,
2,Termoidraulica,9,assistenza caldaie urgente Scauri,assistenza caldaie urgente,Scauri,frazione,core,emergenza,Pagina servizio x citta,"Massimo intento, chiama subito",,,,
2,Termoidraulica,9,disostruzione scarichi urgente Formia,disostruzione scarichi urgente,Formia,comune,core,emergenza,Pagina servizio x citta,"Massimo intento, chiama subito",,,,
2,Termoidraulica,9,disostruzione scarichi urgente Gaeta,disostruzione scarichi urgente,Gaeta,comune,core,emergenza,Pagina servizio x citta,"Massimo intento, chiama subito",,,,
2,Termoidraulica,9,disostruzione scarichi urgente Itri,disostruzione scarichi urgente,Itri,comune,core,emergenza,Pagina servizio x citta,"Massimo intento, chiama subito",,,,
2,Termoidraulica,9,disostruzione scarichi urgente Minturno,disostruzione scarichi urgente,Minturno,comune,core,emergenza,Pagina servizio x citta,"Massimo intento, chiama subito",,,,
2,Termoidraulica,9,disostruzione scarichi urgente Scauri,disostruzione scarichi urgente,Scauri,frazione,core,emergenza,Pagina servizio x citta,"Massimo intento, chiama subito",,,,
2,Termoidraulica,9,idraulico urgente Formia,idraulico urgente,Formia,comune,core,emergenza,Pagina servizio x citta,"Massimo intento, chiama subito",,,,
2,Termoidraulica,9,idraulico urgente Gaeta,idraulico urgente,Gaeta,comune,core,emergenza,Pagina servizio x citta,"Massimo intento, chiama subito",,,,
2,Termoidraulica,9,idraulico urgente Itri,idraulico urgente,Itri,comune,core,emergenza,Pagina servizio x citta,"Massimo intento, chiama subito",,,,
2,Termoidraulica,9,idraulico urgente Minturno,idraulico urgente,Minturno,comune,core,emergenza,Pagina servizio x citta,"Massimo intento, chiama subito",,,,
2,Termoidraulica,9,idraulico urgente Scauri,idraulico urgente,Scauri,frazione,core,emergenza,Pagina servizio x citta,"Massimo intento, chiama subito",,,,
2,Termoidraulica,9,idraulico urgente urgente Formia,idraulico urgente urgente,Formia,comune,core,emergenza,Pagina servizio x citta,"Massimo intento, chiama subito",,,,
2,Termoidraulica,9,idraulico urgente urgente Gaeta,idraulico urgente urgente,Gaeta,comune,core,emergenza,Pagina servizio x citta,"Massimo intento, chiama subito",,,,
2,Termoidraulica,9,idraulico urgente urgente Itri,idraulico urgente urgente,Itri,comune,core,emergenza,Pagina servizio x citta,"Massimo intento, chiama subito",,,,
2,Termoidraulica,9,idraulico urgente urgente Minturno,idraulico urgente urgente,Minturno,comune,core,emergenza,Pagina servizio x citta,"Massimo intento, chiama subito",,,,
2,Termoidraulica,9,idraulico urgente urgente Scauri,idraulico urgente urgente,Scauri,frazione,core,emergenza,Pagina servizio x citta,"Massimo intento, chiama subito",,,,
2,Termoidraulica,9,impianto idraulico bagno urgente Formia,impianto idraulico bagno urgente,Formia,comune,core,emergenza,Pagina servizio x citta,"Massimo intento, chiama subito",,,,
2,Termoidraulica,9,impianto idraulico bagno urgente Gaeta,impianto idraulico bagno urgente,Gaeta,comune,core,emergenza,Pagina servizio x citta,"Massimo intento, chiama subito",,,,
2,Termoidraulica,9,impianto idraulico bagno urgente Itri,impianto idraulico bagno urgente,Itri,comune,core,emergenza,Pagina servizio x citta,"Massimo intento, chiama subito",,,,
2,Termoidraulica,9,impianto idraulico bagno urgente Minturno,impianto idraulico bagno urgente,Minturno,comune,core,emergenza,Pagina servizio x citta,"Massimo intento, chiama subito",,,,
2,Termoidraulica,9,impianto idraulico bagno urgente Scauri,impianto idraulico bagno urgente,Scauri,frazione,core,emergenza,Pagina servizio x citta,"Massimo intento, chiama subito",,,,
2,Termoidraulica,9,installazione pompa di calore urgente Formia,installazione pompa di calore urgente,Formia,comune,core,emergenza,Pagina servizio x citta,"Massimo intento, chiama subito",,,,
2,Termoidraulica,9,installazione pompa di calore urgente Gaeta,installazione pompa di calore urgente,Gaeta,comune,core,emergenza,Pagina servizio x citta,"Massimo intento, chiama subito",,,,
2,Termoidraulica,9,installazione pompa di calore urgente Itri,installazione pompa di calore urgente,Itri,comune,core,emergenza,Pagina servizio x citta,"Massimo intento, chiama subito",,,,
2,Termoidraulica,9,installazione pompa di calore urgente Minturno,installazione pompa di calore urgente,Minturno,comune,core,emergenza,Pagina servizio x citta,"Massimo intento, chiama subito",,,,
2,Termoidraulica,9,installazione pompa di calore urgente Scauri,installazione pompa di calore urgente,Scauri,frazione,core,emergenza,Pagina servizio x citta,"Massimo intento, chiama subito",,,,
2,Termoidraulica,9,manutenzione caldaia urgente Formia,manutenzione caldaia urgente,Formia,comune,core,emergenza,Pagina servizio x citta,"Massimo intento, chiama subito",,,,
2,Termoidraulica,9,manutenzione caldaia urgente Gaeta,manutenzione caldaia urgente,Gaeta,comune,core,emergenza,Pagina servizio x citta,"Massimo intento, chiama subito",,,,
2,Termoidraulica,9,manutenzione caldaia urgente Itri,manutenzione caldaia urgente,Itri,comune,core,emergenza,Pagina servizio x citta,"Massimo intento, chiama subito",,,,
2,Termoidraulica,9,manutenzione caldaia urgente Minturno,manutenzione caldaia urgente,Minturno,comune,core,emergenza,Pagina servizio x citta,"Massimo intento, chiama subito",,,,
2,Termoidraulica,9,manutenzione caldaia urgente Scauri,manutenzione caldaia urgente,Scauri,frazione,core,emergenza,Pagina servizio x citta,"Massimo intento, chiama subito",,,,
2,Termoidraulica,9,riparazione perdita acqua urgente Formia,riparazione perdita acqua urgente,Formia,comune,core,emergenza,Pagina servizio x citta,"Massimo intento, chiama subito",,,,
2,Termoidraulica,9,riparazione perdita acqua urgente Gaeta,riparazione perdita acqua urgente,Gaeta,comune,core,emergenza,Pagina servizio x citta,"Massimo intento, chiama subito",,,,
2,Termoidraulica,9,riparazione perdita acqua urgente Itri,riparazione perdita acqua urgente,Itri,comune,core,emergenza,Pagina servizio x citta,"Massimo intento, chiama subito",,,,
2,Termoidraulica,9,riparazione perdita acqua urgente Minturno,riparazione perdita acqua urgente,Minturno,comune,core,emergenza,Pagina servizio x citta,"Massimo intento, chiama subito",,,,
2,Termoidraulica,9,riparazione perdita acqua urgente Scauri,riparazione perdita acqua urgente,Scauri,frazione,core,emergenza,Pagina servizio x citta,"Massimo intento, chiama subito",,,,
2,Termoidraulica,9,sostituzione caldaia urgente Formia,sostituzione caldaia urgente,Formia,comune,core,emergenza,Pagina servizio x citta,"Massimo intento, chiama subito",,,,
2,Termoidraulica,9,sostituzione caldaia urgente Gaeta,sostituzione caldaia urgente,Gaeta,comune,core,emergenza,Pagina servizio x citta,"Massimo intento, chiama subito",,,,
2,Termoidraulica,9,sostituzione caldaia urgente Itri,sostituzione caldaia urgente,Itri,comune,core,emergenza,Pagina servizio x citta,"Massimo intento, chiama subito",,,,
2,Termoidraulica,9,sostituzione caldaia urgente Minturno,sostituzione caldaia urgente,Minturno,comune,core,emergenza,Pagina servizio x citta,"Massimo intento, chiama subito",,,,
2,Termoidraulica,9,sostituzione caldaia urgente Scauri,sostituzione caldaia urgente,Scauri,frazione,core,emergenza,Pagina servizio x citta,"Massimo intento, chiama subito",,,,
2,Termoidraulica,9,sostituzione scaldabagno urgente Formia,sostituzione scaldabagno urgente,Formia,comune,core,emergenza,Pagina servizio x citta,"Massimo intento, chiama subito",,,,
2,Termoidraulica,9,sostituzione scaldabagno urgente Gaeta,sostituzione scaldabagno urgente,Gaeta,comune,core,emergenza,Pagina servizio x citta,"Massimo intento, chiama subito",,,,
2,Termoidraulica,9,sostituzione scaldabagno urgente Itri,sostituzione scaldabagno urgente,Itri,comune,core,emergenza,Pagina servizio x citta,"Massimo intento, chiama subito",,,,
2,Termoidraulica,9,sostituzione scaldabagno urgente Minturno,sostituzione scaldabagno urgente,Minturno,comune,core,emergenza,Pagina servizio x citta,"Massimo intento, chiama subito",,,,
2,Termoidraulica,9,sostituzione scaldabagno urgente Scauri,sostituzione scaldabagno urgente,Scauri,frazione,core,emergenza,Pagina servizio x citta,"Massimo intento, chiama subito",,,,
2,Termoidraulica,9,caldaia non si accende cosa fare,caldaia non si accende cosa fare,-,-,nazionale,informazionale,Articolo blog,"TOFU: traffico e autorita, non conversione diretta",,,,
2,Termoidraulica,9,ogni quanto fare manutenzione caldaia,ogni quanto fare manutenzione caldaia,-,-,nazionale,informazionale,Articolo blog,"TOFU: traffico e autorita, non conversione diretta",,,,
2,Termoidraulica,9,quanto costa sostituire una caldaia,quanto costa sostituire una caldaia,-,-,nazionale,informazionale,Articolo blog,"TOFU: traffico e autorita, non conversione diretta",,,,
2,Termoidraulica,9,assistenza caldaie Castellonorato,assistenza caldaie,Castellonorato,frazione,core,iperlocale,Pagina frazione,"Coda lunga: bassa concorrenza, alto tasso conversione",,,,
2,Termoidraulica,9,assistenza caldaie Gianola,assistenza caldaie,Gianola,frazione,core,iperlocale,Pagina frazione,"Coda lunga: bassa concorrenza, alto tasso conversione",,,,
2,Termoidraulica,9,assistenza caldaie Maranola,assistenza caldaie,Maranola,frazione,core,iperlocale,Pagina frazione,"Coda lunga: bassa concorrenza, alto tasso conversione",,,,
2,Termoidraulica,9,assistenza caldaie Penitro,assistenza caldaie,Penitro,frazione,core,iperlocale,Pagina frazione,"Coda lunga: bassa concorrenza, alto tasso conversione",,,,
2,Termoidraulica,9,assistenza caldaie Trivio,assistenza caldaie,Trivio,frazione,core,iperlocale,Pagina frazione,"Coda lunga: bassa concorrenza, alto tasso conversione",,,,
2,Termoidraulica,9,assistenza caldaie Vindicio,assistenza caldaie,Vindicio,frazione,core,iperlocale,Pagina frazione,"Coda lunga: bassa concorrenza, alto tasso conversione",,,,
2,Termoidraulica,9,idraulico Castellonorato,idraulico,Castellonorato,frazione,core,iperlocale,Pagina frazione,"Coda lunga: bassa concorrenza, alto tasso conversione",,,,
2,Termoidraulica,9,idraulico Gianola,idraulico,Gianola,frazione,core,iperlocale,Pagina frazione,"Coda lunga: bassa concorrenza, alto tasso conversione",,,,
2,Termoidraulica,9,idraulico Maranola,idraulico,Maranola,frazione,core,iperlocale,Pagina frazione,"Coda lunga: bassa concorrenza, alto tasso conversione",,,,
2,Termoidraulica,9,idraulico Penitro,idraulico,Penitro,frazione,core,iperlocale,Pagina frazione,"Coda lunga: bassa concorrenza, alto tasso conversione",,,,
2,Termoidraulica,9,idraulico Trivio,idraulico,Trivio,frazione,core,iperlocale,Pagina frazione,"Coda lunga: bassa concorrenza, alto tasso conversione",,,,
2,Termoidraulica,9,idraulico Vindicio,idraulico,Vindicio,frazione,core,iperlocale,Pagina frazione,"Coda lunga: bassa concorrenza, alto tasso conversione",,,,
2,Termoidraulica,9,idraulico urgente Castellonorato,idraulico urgente,Castellonorato,frazione,core,iperlocale,Pagina frazione,"Coda lunga: bassa concorrenza, alto tasso conversione",,,,
2,Termoidraulica,9,idraulico urgente Gianola,idraulico urgente,Gianola,frazione,core,iperlocale,Pagina frazione,"Coda lunga: bassa concorrenza, alto tasso conversione",,,,
2,Termoidraulica,9,idraulico urgente Maranola,idraulico urgente,Maranola,frazione,core,iperlocale,Pagina frazione,"Coda lunga: bassa concorrenza, alto tasso conversione",,,,
2,Termoidraulica,9,idraulico urgente Penitro,idraulico urgente,Penitro,frazione,core,iperlocale,Pagina frazione,"Coda lunga: bassa concorrenza, alto tasso conversione",,,,
2,Termoidraulica,9,idraulico urgente Trivio,idraulico urgente,Trivio,frazione,core,iperlocale,Pagina frazione,"Coda lunga: bassa concorrenza, alto tasso conversione",,,,
2,Termoidraulica,9,idraulico urgente Vindicio,idraulico urgente,Vindicio,frazione,core,iperlocale,Pagina frazione,"Coda lunga: bassa concorrenza, alto tasso conversione",,,,
2,Termoidraulica,9,sostituzione caldaia Castellonorato,sostituzione caldaia,Castellonorato,frazione,core,iperlocale,Pagina frazione,"Coda lunga: bassa concorrenza, alto tasso conversione",,,,
2,Termoidraulica,9,sostituzione caldaia Gianola,sostituzione caldaia,Gianola,frazione,core,iperlocale,Pagina frazione,"Coda lunga: bassa concorrenza, alto tasso conversione",,,,
2,Termoidraulica,9,sostituzione caldaia Maranola,sostituzione caldaia,Maranola,frazione,core,iperlocale,Pagina frazione,"Coda lunga: bassa concorrenza, alto tasso conversione",,,,
2,Termoidraulica,9,sostituzione caldaia Penitro,sostituzione caldaia,Penitro,frazione,core,iperlocale,Pagina frazione,"Coda lunga: bassa concorrenza, alto tasso conversione",,,,
2,Termoidraulica,9,sostituzione caldaia Trivio,sostituzione caldaia,Trivio,frazione,core,iperlocale,Pagina frazione,"Coda lunga: bassa concorrenza, alto tasso conversione",,,,
2,Termoidraulica,9,sostituzione caldaia Vindicio,sostituzione caldaia,Vindicio,frazione,core,iperlocale,Pagina frazione,"Coda lunga: bassa concorrenza, alto tasso conversione",,,,
3,Climatizzazione e fotovoltaico,6,climatizzatori costo Formia,climatizzatori costo,Formia,comune,core,commerciale,Pagina servizio x citta,"Confronto costi, medio intento",,,,
3,Climatizzazione e fotovoltaico,6,climatizzatori costo Gaeta,climatizzatori costo,Gaeta,comune,core,commerciale,Pagina servizio x citta,"Confronto costi, medio intento",,,,
3,Climatizzazione e fotovoltaico,6,climatizzatori costo Itri,climatizzatori costo,Itri,comune,core,commerciale,Pagina servizio x citta,"Confronto costi, medio intento",,,,
3,Climatizzazione e fotovoltaico,6,climatizzatori costo Minturno,climatizzatori costo,Minturno,comune,core,commerciale,Pagina servizio x citta,"Confronto costi, medio intento",,,,
3,Climatizzazione e fotovoltaico,6,climatizzatori costo Scauri,climatizzatori costo,Scauri,frazione,core,commerciale,Pagina servizio x citta,"Confronto costi, medio intento",,,,
3,Climatizzazione e fotovoltaico,6,climatizzatori prezzi Formia,climatizzatori prezzi,Formia,comune,core,commerciale,Pagina servizio x citta,"Confronto costi, medio intento",,,,
3,Climatizzazione e fotovoltaico,6,climatizzatori prezzi Gaeta,climatizzatori prezzi,Gaeta,comune,core,commerciale,Pagina servizio x citta,"Confronto costi, medio intento",,,,
3,Climatizzazione e fotovoltaico,6,climatizzatori prezzi Itri,climatizzatori prezzi,Itri,comune,core,commerciale,Pagina servizio x citta,"Confronto costi, medio intento",,,,
3,Climatizzazione e fotovoltaico,6,climatizzatori prezzi Minturno,climatizzatori prezzi,Minturno,comune,core,commerciale,Pagina servizio x citta,"Confronto costi, medio intento",,,,
3,Climatizzazione e fotovoltaico,6,climatizzatori prezzi Scauri,climatizzatori prezzi,Scauri,frazione,core,commerciale,Pagina servizio x citta,"Confronto costi, medio intento",,,,
3,Climatizzazione e fotovoltaico,6,fotovoltaico con accumulo costo Formia,fotovoltaico con accumulo costo,Formia,comune,core,commerciale,Pagina servizio x citta,"Confronto costi, medio intento",,,,
3,Climatizzazione e fotovoltaico,6,fotovoltaico con accumulo costo Gaeta,fotovoltaico con accumulo costo,Gaeta,comune,core,commerciale,Pagina servizio x citta,"Confronto costi, medio intento",,,,
3,Climatizzazione e fotovoltaico,6,fotovoltaico con accumulo costo Itri,fotovoltaico con accumulo costo,Itri,comune,core,commerciale,Pagina servizio x citta,"Confronto costi, medio intento",,,,
3,Climatizzazione e fotovoltaico,6,fotovoltaico con accumulo costo Minturno,fotovoltaico con accumulo costo,Minturno,comune,core,commerciale,Pagina servizio x citta,"Confronto costi, medio intento",,,,
3,Climatizzazione e fotovoltaico,6,fotovoltaico con accumulo costo Scauri,fotovoltaico con accumulo costo,Scauri,frazione,core,commerciale,Pagina servizio x citta,"Confronto costi, medio intento",,,,
3,Climatizzazione e fotovoltaico,6,fotovoltaico con accumulo prezzi Formia,fotovoltaico con accumulo prezzi,Formia,comune,core,commerciale,Pagina servizio x citta,"Confronto costi, medio intento",,,,
3,Climatizzazione e fotovoltaico,6,fotovoltaico con accumulo prezzi Gaeta,fotovoltaico con accumulo prezzi,Gaeta,comune,core,commerciale,Pagina servizio x citta,"Confronto costi, medio intento",,,,
3,Climatizzazione e fotovoltaico,6,fotovoltaico con accumulo prezzi Itri,fotovoltaico con accumulo prezzi,Itri,comune,core,commerciale,Pagina servizio x citta,"Confronto costi, medio intento",,,,
3,Climatizzazione e fotovoltaico,6,fotovoltaico con accumulo prezzi Minturno,fotovoltaico con accumulo prezzi,Minturno,comune,core,commerciale,Pagina servizio x citta,"Confronto costi, medio intento",,,,
3,Climatizzazione e fotovoltaico,6,fotovoltaico con accumulo prezzi Scauri,fotovoltaico con accumulo prezzi,Scauri,frazione,core,commerciale,Pagina servizio x citta,"Confronto costi, medio intento",,,,
3,Climatizzazione e fotovoltaico,6,impianto fotovoltaico costo Formia,impianto fotovoltaico costo,Formia,comune,core,commerciale,Pagina servizio x citta,"Confronto costi, medio intento",,,,
3,Climatizzazione e fotovoltaico,6,impianto fotovoltaico costo Gaeta,impianto fotovoltaico costo,Gaeta,comune,core,commerciale,Pagina servizio x citta,"Confronto costi, medio intento",,,,
3,Climatizzazione e fotovoltaico,6,impianto fotovoltaico costo Itri,impianto fotovoltaico costo,Itri,comune,core,commerciale,Pagina servizio x citta,"Confronto costi, medio intento",,,,
3,Climatizzazione e fotovoltaico,6,impianto fotovoltaico costo Minturno,impianto fotovoltaico costo,Minturno,comune,core,commerciale,Pagina servizio x citta,"Confronto costi, medio intento",,,,
3,Climatizzazione e fotovoltaico,6,impianto fotovoltaico costo Scauri,impianto fotovoltaico costo,Scauri,frazione,core,commerciale,Pagina servizio x citta,"Confronto costi, medio intento",,,,
3,Climatizzazione e fotovoltaico,6,impianto fotovoltaico prezzi Formia,impianto fotovoltaico prezzi,Formia,comune,core,commerciale,Pagina servizio x citta,"Confronto costi, medio intento",,,,
3,Climatizzazione e fotovoltaico,6,impianto fotovoltaico prezzi Gaeta,impianto fotovoltaico prezzi,Gaeta,comune,core,commerciale,Pagina servizio x citta,"Confronto costi, medio intento",,,,
3,Climatizzazione e fotovoltaico,6,impianto fotovoltaico prezzi Itri,impianto fotovoltaico prezzi,Itri,comune,core,commerciale,Pagina servizio x citta,"Confronto costi, medio intento",,,,
3,Climatizzazione e fotovoltaico,6,impianto fotovoltaico prezzi Minturno,impianto fotovoltaico prezzi,Minturno,comune,core,commerciale,Pagina servizio x citta,"Confronto costi, medio intento",,,,
3,Climatizzazione e fotovoltaico,6,impianto fotovoltaico prezzi Scauri,impianto fotovoltaico prezzi,Scauri,frazione,core,commerciale,Pagina servizio x citta,"Confronto costi, medio intento",,,,
3,Climatizzazione e fotovoltaico,6,installazione condizionatori costo Formia,installazione condizionatori costo,Formia,comune,core,commerciale,Pagina servizio x citta,"Confronto costi, medio intento",,,,
3,Climatizzazione e fotovoltaico,6,installazione condizionatori costo Gaeta,installazione condizionatori costo,Gaeta,comune,core,commerciale,Pagina servizio x citta,"Confronto costi, medio intento",,,,
3,Climatizzazione e fotovoltaico,6,installazione condizionatori costo Itri,installazione condizionatori costo,Itri,comune,core,commerciale,Pagina servizio x citta,"Confronto costi, medio intento",,,,
3,Climatizzazione e fotovoltaico,6,installazione condizionatori costo Minturno,installazione condizionatori costo,Minturno,comune,core,commerciale,Pagina servizio x citta,"Confronto costi, medio intento",,,,
3,Climatizzazione e fotovoltaico,6,installazione condizionatori costo Scauri,installazione condizionatori costo,Scauri,frazione,core,commerciale,Pagina servizio x citta,"Confronto costi, medio intento",,,,
3,Climatizzazione e fotovoltaico,6,installazione condizionatori prezzi Formia,installazione condizionatori prezzi,Formia,comune,core,commerciale,Pagina servizio x citta,"Confronto costi, medio intento",,,,
3,Climatizzazione e fotovoltaico,6,installazione condizionatori prezzi Gaeta,installazione condizionatori prezzi,Gaeta,comune,core,commerciale,Pagina servizio x citta,"Confronto costi, medio intento",,,,
3,Climatizzazione e fotovoltaico,6,installazione condizionatori prezzi Itri,installazione condizionatori prezzi,Itri,comune,core,commerciale,Pagina servizio x citta,"Confronto costi, medio intento",,,,
3,Climatizzazione e fotovoltaico,6,installazione condizionatori prezzi Minturno,installazione condizionatori prezzi,Minturno,comune,core,commerciale,Pagina servizio x citta,"Confronto costi, medio intento",,,,
3,Climatizzazione e fotovoltaico,6,installazione condizionatori prezzi Scauri,installazione condizionatori prezzi,Scauri,frazione,core,commerciale,Pagina servizio x citta,"Confronto costi, medio intento",,,,
3,Climatizzazione e fotovoltaico,6,manutenzione condizionatori costo Formia,manutenzione condizionatori costo,Formia,comune,core,commerciale,Pagina servizio x citta,"Confronto costi, medio intento",,,,
3,Climatizzazione e fotovoltaico,6,manutenzione condizionatori costo Gaeta,manutenzione condizionatori costo,Gaeta,comune,core,commerciale,Pagina servizio x citta,"Confronto costi, medio intento",,,,
3,Climatizzazione e fotovoltaico,6,manutenzione condizionatori costo Itri,manutenzione condizionatori costo,Itri,comune,core,commerciale,Pagina servizio x citta,"Confronto costi, medio intento",,,,
3,Climatizzazione e fotovoltaico,6,manutenzione condizionatori costo Minturno,manutenzione condizionatori costo,Minturno,comune,core,commerciale,Pagina servizio x citta,"Confronto costi, medio intento",,,,
3,Climatizzazione e fotovoltaico,6,manutenzione condizionatori costo Scauri,manutenzione condizionatori costo,Scauri,frazione,core,commerciale,Pagina servizio x citta,"Confronto costi, medio intento",,,,
3,Climatizzazione e fotovoltaico,6,manutenzione condizionatori prezzi Formia,manutenzione condizionatori prezzi,Formia,comune,core,commerciale,Pagina servizio x citta,"Confronto costi, medio intento",,,,
3,Climatizzazione e fotovoltaico,6,manutenzione condizionatori prezzi Gaeta,manutenzione condizionatori prezzi,Gaeta,comune,core,commerciale,Pagina servizio x citta,"Confronto costi, medio intento",,,,
3,Climatizzazione e fotovoltaico,6,manutenzione condizionatori prezzi Itri,manutenzione condizionatori prezzi,Itri,comune,core,commerciale,Pagina servizio x citta,"Confronto costi, medio intento",,,,
3,Climatizzazione e fotovoltaico,6,manutenzione condizionatori prezzi Minturno,manutenzione condizionatori prezzi,Minturno,comune,core,commerciale,Pagina servizio x citta,"Confronto costi, medio intento",,,,
3,Climatizzazione e fotovoltaico,6,manutenzione condizionatori prezzi Scauri,manutenzione condizionatori prezzi,Scauri,frazione,core,commerciale,Pagina servizio x citta,"Confronto costi, medio intento",,,,
3,Climatizzazione e fotovoltaico,6,pannelli solari costo Formia,pannelli solari costo,Formia,comune,core,commerciale,Pagina servizio x citta,"Confronto costi, medio intento",,,,
3,Climatizzazione e fotovoltaico,6,pannelli solari costo Gaeta,pannelli solari costo,Gaeta,comune,core,commerciale,Pagina servizio x citta,"Confronto costi, medio intento",,,,
3,Climatizzazione e fotovoltaico,6,pannelli solari costo Itri,pannelli solari costo,Itri,comune,core,commerciale,Pagina servizio x citta,"Confronto costi, medio intento",,,,
3,Climatizzazione e fotovoltaico,6,pannelli solari costo Minturno,pannelli solari costo,Minturno,comune,core,commerciale,Pagina servizio x citta,"Confronto costi, medio intento",,,,
3,Climatizzazione e fotovoltaico,6,pannelli solari costo Scauri,pannelli solari costo,Scauri,frazione,core,commerciale,Pagina servizio x citta,"Confronto costi, medio intento",,,,
3,Climatizzazione e fotovoltaico,6,pannelli solari prezzi Formia,pannelli solari prezzi,Formia,comune,core,commerciale,Pagina servizio x citta,"Confronto costi, medio intento",,,,
3,Climatizzazione e fotovoltaico,6,pannelli solari prezzi Gaeta,pannelli solari prezzi,Gaeta,comune,core,commerciale,Pagina servizio x citta,"Confronto costi, medio intento",,,,
3,Climatizzazione e fotovoltaico,6,pannelli solari prezzi Itri,pannelli solari prezzi,Itri,comune,core,commerciale,Pagina servizio x citta,"Confronto costi, medio intento",,,,
3,Climatizzazione e fotovoltaico,6,pannelli solari prezzi Minturno,pannelli solari prezzi,Minturno,comune,core,commerciale,Pagina servizio x citta,"Confronto costi, medio intento",,,,
3,Climatizzazione e fotovoltaico,6,pannelli solari prezzi Scauri,pannelli solari prezzi,Scauri,frazione,core,commerciale,Pagina servizio x citta,"Confronto costi, medio intento",,,,
3,Climatizzazione e fotovoltaico,6,pompa di calore costo Formia,pompa di calore costo,Formia,comune,core,commerciale,Pagina servizio x citta,"Confronto costi, medio intento",,,,
3,Climatizzazione e fotovoltaico,6,pompa di calore costo Gaeta,pompa di calore costo,Gaeta,comune,core,commerciale,Pagina servizio x citta,"Confronto costi, medio intento",,,,
3,Climatizzazione e fotovoltaico,6,pompa di calore costo Itri,pompa di calore costo,Itri,comune,core,commerciale,Pagina servizio x citta,"Confronto costi, medio intento",,,,
3,Climatizzazione e fotovoltaico,6,pompa di calore costo Minturno,pompa di calore costo,Minturno,comune,core,commerciale,Pagina servizio x citta,"Confronto costi, medio intento",,,,
3,Climatizzazione e fotovoltaico,6,pompa di calore costo Scauri,pompa di calore costo,Scauri,frazione,core,commerciale,Pagina servizio x citta,"Confronto costi, medio intento",,,,
3,Climatizzazione e fotovoltaico,6,pompa di calore prezzi Formia,pompa di calore prezzi,Formia,comune,core,commerciale,Pagina servizio x citta,"Confronto costi, medio intento",,,,
3,Climatizzazione e fotovoltaico,6,pompa di calore prezzi Gaeta,pompa di calore prezzi,Gaeta,comune,core,commerciale,Pagina servizio x citta,"Confronto costi, medio intento",,,,
3,Climatizzazione e fotovoltaico,6,pompa di calore prezzi Itri,pompa di calore prezzi,Itri,comune,core,commerciale,Pagina servizio x citta,"Confronto costi, medio intento",,,,
3,Climatizzazione e fotovoltaico,6,pompa di calore prezzi Minturno,pompa di calore prezzi,Minturno,comune,core,commerciale,Pagina servizio x citta,"Confronto costi, medio intento",,,,
3,Climatizzazione e fotovoltaico,6,pompa di calore prezzi Scauri,pompa di calore prezzi,Scauri,frazione,core,commerciale,Pagina servizio x citta,"Confronto costi, medio intento",,,,
3,Climatizzazione e fotovoltaico,6,preventivo climatizzatori Formia,preventivo climatizzatori,Formia,comune,core,commerciale,Pagina servizio x citta,Alto intento: sta chiedendo un prezzo,,,,
3,Climatizzazione e fotovoltaico,6,preventivo climatizzatori Gaeta,preventivo climatizzatori,Gaeta,comune,core,commerciale,Pagina servizio x citta,Alto intento: sta chiedendo un prezzo,,,,
3,Climatizzazione e fotovoltaico,6,preventivo climatizzatori Itri,preventivo climatizzatori,Itri,comune,core,commerciale,Pagina servizio x citta,Alto intento: sta chiedendo un prezzo,,,,
3,Climatizzazione e fotovoltaico,6,preventivo climatizzatori Minturno,preventivo climatizzatori,Minturno,comune,core,commerciale,Pagina servizio x citta,Alto intento: sta chiedendo un prezzo,,,,
3,Climatizzazione e fotovoltaico,6,preventivo climatizzatori Scauri,preventivo climatizzatori,Scauri,frazione,core,commerciale,Pagina servizio x citta,Alto intento: sta chiedendo un prezzo,,,,
3,Climatizzazione e fotovoltaico,6,preventivo fotovoltaico con accumulo Formia,preventivo fotovoltaico con accumulo,Formia,comune,core,commerciale,Pagina servizio x citta,Alto intento: sta chiedendo un prezzo,,,,
3,Climatizzazione e fotovoltaico,6,preventivo fotovoltaico con accumulo Gaeta,preventivo fotovoltaico con accumulo,Gaeta,comune,core,commerciale,Pagina servizio x citta,Alto intento: sta chiedendo un prezzo,,,,
3,Climatizzazione e fotovoltaico,6,preventivo fotovoltaico con accumulo Itri,preventivo fotovoltaico con accumulo,Itri,comune,core,commerciale,Pagina servizio x citta,Alto intento: sta chiedendo un prezzo,,,,
3,Climatizzazione e fotovoltaico,6,preventivo fotovoltaico con accumulo Minturno,preventivo fotovoltaico con accumulo,Minturno,comune,core,commerciale,Pagina servizio x citta,Alto intento: sta chiedendo un prezzo,,,,
3,Climatizzazione e fotovoltaico,6,preventivo fotovoltaico con accumulo Scauri,preventivo fotovoltaico con accumulo,Scauri,frazione,core,commerciale,Pagina servizio x citta,Alto intento: sta chiedendo un prezzo,,,,
3,Climatizzazione e fotovoltaico,6,preventivo fotovoltaico costo Formia,preventivo fotovoltaico costo,Formia,comune,core,commerciale,Pagina servizio x citta,"Confronto costi, medio intento",,,,
3,Climatizzazione e fotovoltaico,6,preventivo fotovoltaico costo Gaeta,preventivo fotovoltaico costo,Gaeta,comune,core,commerciale,Pagina servizio x citta,"Confronto costi, medio intento",,,,
3,Climatizzazione e fotovoltaico,6,preventivo fotovoltaico costo Itri,preventivo fotovoltaico costo,Itri,comune,core,commerciale,Pagina servizio x citta,"Confronto costi, medio intento",,,,
3,Climatizzazione e fotovoltaico,6,preventivo fotovoltaico costo Minturno,preventivo fotovoltaico costo,Minturno,comune,core,commerciale,Pagina servizio x citta,"Confronto costi, medio intento",,,,
3,Climatizzazione e fotovoltaico,6,preventivo fotovoltaico costo Scauri,preventivo fotovoltaico costo,Scauri,frazione,core,commerciale,Pagina servizio x citta,"Confronto costi, medio intento",,,,
3,Climatizzazione e fotovoltaico,6,preventivo fotovoltaico prezzi Formia,preventivo fotovoltaico prezzi,Formia,comune,core,commerciale,Pagina servizio x citta,"Confronto costi, medio intento",,,,
3,Climatizzazione e fotovoltaico,6,preventivo fotovoltaico prezzi Gaeta,preventivo fotovoltaico prezzi,Gaeta,comune,core,commerciale,Pagina servizio x citta,"Confronto costi, medio intento",,,,
3,Climatizzazione e fotovoltaico,6,preventivo fotovoltaico prezzi Itri,preventivo fotovoltaico prezzi,Itri,comune,core,commerciale,Pagina servizio x citta,"Confronto costi, medio intento",,,,
3,Climatizzazione e fotovoltaico,6,preventivo fotovoltaico prezzi Minturno,preventivo fotovoltaico prezzi,Minturno,comune,core,commerciale,Pagina servizio x citta,"Confronto costi, medio intento",,,,
3,Climatizzazione e fotovoltaico,6,preventivo fotovoltaico prezzi Scauri,preventivo fotovoltaico prezzi,Scauri,frazione,core,commerciale,Pagina servizio x citta,"Confronto costi, medio intento",,,,
3,Climatizzazione e fotovoltaico,6,preventivo impianto fotovoltaico Formia,preventivo impianto fotovoltaico,Formia,comune,core,commerciale,Pagina servizio x citta,Alto intento: sta chiedendo un prezzo,,,,
3,Climatizzazione e fotovoltaico,6,preventivo impianto fotovoltaico Gaeta,preventivo impianto fotovoltaico,Gaeta,comune,core,commerciale,Pagina servizio x citta,Alto intento: sta chiedendo un prezzo,,,,
3,Climatizzazione e fotovoltaico,6,preventivo impianto fotovoltaico Itri,preventivo impianto fotovoltaico,Itri,comune,core,commerciale,Pagina servizio x citta,Alto intento: sta chiedendo un prezzo,,,,
3,Climatizzazione e fotovoltaico,6,preventivo impianto fotovoltaico Minturno,preventivo impianto fotovoltaico,Minturno,comune,core,commerciale,Pagina servizio x citta,Alto intento: sta chiedendo un prezzo,,,,
3,Climatizzazione e fotovoltaico,6,preventivo impianto fotovoltaico Scauri,preventivo impianto fotovoltaico,Scauri,frazione,core,commerciale,Pagina servizio x citta,Alto intento: sta chiedendo un prezzo,,,,
3,Climatizzazione e fotovoltaico,6,preventivo installazione condizionatori Formia,preventivo installazione condizionatori,Formia,comune,core,commerciale,Pagina servizio x citta,Alto intento: sta chiedendo un prezzo,,,,
3,Climatizzazione e fotovoltaico,6,preventivo installazione condizionatori Gaeta,preventivo installazione condizionatori,Gaeta,comune,core,commerciale,Pagina servizio x citta,Alto intento: sta chiedendo un prezzo,,,,
3,Climatizzazione e fotovoltaico,6,preventivo installazione condizionatori Itri,preventivo installazione condizionatori,Itri,comune,core,commerciale,Pagina servizio x citta,Alto intento: sta chiedendo un prezzo,,,,
3,Climatizzazione e fotovoltaico,6,preventivo installazione condizionatori Minturno,preventivo installazione condizionatori,Minturno,comune,core,commerciale,Pagina servizio x citta,Alto intento: sta chiedendo un prezzo,,,,
3,Climatizzazione e fotovoltaico,6,preventivo installazione condizionatori Scauri,preventivo installazione condizionatori,Scauri,frazione,core,commerciale,Pagina servizio x citta,Alto intento: sta chiedendo un prezzo,,,,
3,Climatizzazione e fotovoltaico,6,preventivo manutenzione condizionatori Formia,preventivo manutenzione condizionatori,Formia,comune,core,commerciale,Pagina servizio x citta,Alto intento: sta chiedendo un prezzo,,,,
3,Climatizzazione e fotovoltaico,6,preventivo manutenzione condizionatori Gaeta,preventivo manutenzione condizionatori,Gaeta,comune,core,commerciale,Pagina servizio x citta,Alto intento: sta chiedendo un prezzo,,,,
3,Climatizzazione e fotovoltaico,6,preventivo manutenzione condizionatori Itri,preventivo manutenzione condizionatori,Itri,comune,core,commerciale,Pagina servizio x citta,Alto intento: sta chiedendo un prezzo,,,,
3,Climatizzazione e fotovoltaico,6,preventivo manutenzione condizionatori Minturno,preventivo manutenzione condizionatori,Minturno,comune,core,commerciale,Pagina servizio x citta,Alto intento: sta chiedendo un prezzo,,,,
3,Climatizzazione e fotovoltaico,6,preventivo manutenzione condizionatori Scauri,preventivo manutenzione condizionatori,Scauri,frazione,core,commerciale,Pagina servizio x citta,Alto intento: sta chiedendo un prezzo,,,,
3,Climatizzazione e fotovoltaico,6,preventivo pannelli solari Formia,preventivo pannelli solari,Formia,comune,core,commerciale,Pagina servizio x citta,Alto intento: sta chiedendo un prezzo,,,,
3,Climatizzazione e fotovoltaico,6,preventivo pannelli solari Gaeta,preventivo pannelli solari,Gaeta,comune,core,commerciale,Pagina servizio x citta,Alto intento: sta chiedendo un prezzo,,,,
3,Climatizzazione e fotovoltaico,6,preventivo pannelli solari Itri,preventivo pannelli solari,Itri,comune,core,commerciale,Pagina servizio x citta,Alto intento: sta chiedendo un prezzo,,,,
3,Climatizzazione e fotovoltaico,6,preventivo pannelli solari Minturno,preventivo pannelli solari,Minturno,comune,core,commerciale,Pagina servizio x citta,Alto intento: sta chiedendo un prezzo,,,,
3,Climatizzazione e fotovoltaico,6,preventivo pannelli solari Scauri,preventivo pannelli solari,Scauri,frazione,core,commerciale,Pagina servizio x citta,Alto intento: sta chiedendo un prezzo,,,,
3,Climatizzazione e fotovoltaico,6,preventivo pompa di calore Formia,preventivo pompa di calore,Formia,comune,core,commerciale,Pagina servizio x citta,Alto intento: sta chiedendo un prezzo,,,,
3,Climatizzazione e fotovoltaico,6,preventivo pompa di calore Gaeta,preventivo pompa di calore,Gaeta,comune,core,commerciale,Pagina servizio x citta,Alto intento: sta chiedendo un prezzo,,,,
3,Climatizzazione e fotovoltaico,6,preventivo pompa di calore Itri,preventivo pompa di calore,Itri,comune,core,commerciale,Pagina servizio x citta,Alto intento: sta chiedendo un prezzo,,,,
3,Climatizzazione e fotovoltaico,6,preventivo pompa di calore Minturno,preventivo pompa di calore,Minturno,comune,core,commerciale,Pagina servizio x citta,Alto intento: sta chiedendo un prezzo,,,,
3,Climatizzazione e fotovoltaico,6,preventivo pompa di calore Scauri,preventivo pompa di calore,Scauri,frazione,core,commerciale,Pagina servizio x citta,Alto intento: sta chiedendo un prezzo,,,,
3,Climatizzazione e fotovoltaico,6,preventivo preventivo fotovoltaico Formia,preventivo preventivo fotovoltaico,Formia,comune,core,commerciale,Pagina servizio x citta,Alto intento: sta chiedendo un prezzo,,,,
3,Climatizzazione e fotovoltaico,6,preventivo preventivo fotovoltaico Gaeta,preventivo preventivo fotovoltaico,Gaeta,comune,core,commerciale,Pagina servizio x citta,Alto intento: sta chiedendo un prezzo,,,,
3,Climatizzazione e fotovoltaico,6,preventivo preventivo fotovoltaico Itri,preventivo preventivo fotovoltaico,Itri,comune,core,commerciale,Pagina servizio x citta,Alto intento: sta chiedendo un prezzo,,,,
3,Climatizzazione e fotovoltaico,6,preventivo preventivo fotovoltaico Minturno,preventivo preventivo fotovoltaico,Minturno,comune,core,commerciale,Pagina servizio x citta,Alto intento: sta chiedendo un prezzo,,,,
3,Climatizzazione e fotovoltaico,6,preventivo preventivo fotovoltaico Scauri,preventivo preventivo fotovoltaico,Scauri,frazione,core,commerciale,Pagina servizio x citta,Alto intento: sta chiedendo un prezzo,,,,
3,Climatizzazione e fotovoltaico,6,migliore climatizzatori Formia,migliore climatizzatori,Formia,comune,core,comparativo,Pagina servizio x citta,Fase di scelta del fornitore,,,,
3,Climatizzazione e fotovoltaico,6,migliore climatizzatori Gaeta,migliore climatizzatori,Gaeta,comune,core,comparativo,Pagina servizio x citta,Fase di scelta del fornitore,,,,
3,Climatizzazione e fotovoltaico,6,migliore climatizzatori Itri,migliore climatizzatori,Itri,comune,core,comparativo,Pagina servizio x citta,Fase di scelta del fornitore,,,,
3,Climatizzazione e fotovoltaico,6,migliore climatizzatori Minturno,migliore climatizzatori,Minturno,comune,core,comparativo,Pagina servizio x citta,Fase di scelta del fornitore,,,,
3,Climatizzazione e fotovoltaico,6,migliore climatizzatori Scauri,migliore climatizzatori,Scauri,frazione,core,comparativo,Pagina servizio x citta,Fase di scelta del fornitore,,,,
3,Climatizzazione e fotovoltaico,6,migliore fotovoltaico con accumulo Formia,migliore fotovoltaico con accumulo,Formia,comune,core,comparativo,Pagina servizio x citta,Fase di scelta del fornitore,,,,
3,Climatizzazione e fotovoltaico,6,migliore fotovoltaico con accumulo Gaeta,migliore fotovoltaico con accumulo,Gaeta,comune,core,comparativo,Pagina servizio x citta,Fase di scelta del fornitore,,,,
3,Climatizzazione e fotovoltaico,6,migliore fotovoltaico con accumulo Itri,migliore fotovoltaico con accumulo,Itri,comune,core,comparativo,Pagina servizio x citta,Fase di scelta del fornitore,,,,
3,Climatizzazione e fotovoltaico,6,migliore fotovoltaico con accumulo Minturno,migliore fotovoltaico con accumulo,Minturno,comune,core,comparativo,Pagina servizio x citta,Fase di scelta del fornitore,,,,
3,Climatizzazione e fotovoltaico,6,migliore fotovoltaico con accumulo Scauri,migliore fotovoltaico con accumulo,Scauri,frazione,core,comparativo,Pagina servizio x citta,Fase di scelta del fornitore,,,,
3,Climatizzazione e fotovoltaico,6,migliore impianto fotovoltaico Formia,migliore impianto fotovoltaico,Formia,comune,core,comparativo,Pagina servizio x citta,Fase di scelta del fornitore,,,,
3,Climatizzazione e fotovoltaico,6,migliore impianto fotovoltaico Gaeta,migliore impianto fotovoltaico,Gaeta,comune,core,comparativo,Pagina servizio x citta,Fase di scelta del fornitore,,,,
3,Climatizzazione e fotovoltaico,6,migliore impianto fotovoltaico Itri,migliore impianto fotovoltaico,Itri,comune,core,comparativo,Pagina servizio x citta,Fase di scelta del fornitore,,,,
3,Climatizzazione e fotovoltaico,6,migliore impianto fotovoltaico Minturno,migliore impianto fotovoltaico,Minturno,comune,core,comparativo,Pagina servizio x citta,Fase di scelta del fornitore,,,,
3,Climatizzazione e fotovoltaico,6,migliore impianto fotovoltaico Scauri,migliore impianto fotovoltaico,Scauri,frazione,core,comparativo,Pagina servizio x citta,Fase di scelta del fornitore,,,,
3,Climatizzazione e fotovoltaico,6,migliore installazione condizionatori Formia,migliore installazione condizionatori,Formia,comune,core,comparativo,Pagina servizio x citta,Fase di scelta del fornitore,,,,
3,Climatizzazione e fotovoltaico,6,migliore installazione condizionatori Gaeta,migliore installazione condizionatori,Gaeta,comune,core,comparativo,Pagina servizio x citta,Fase di scelta del fornitore,,,,
3,Climatizzazione e fotovoltaico,6,migliore installazione condizionatori Itri,migliore installazione condizionatori,Itri,comune,core,comparativo,Pagina servizio x citta,Fase di scelta del fornitore,,,,
3,Climatizzazione e fotovoltaico,6,migliore installazione condizionatori Minturno,migliore installazione condizionatori,Minturno,comune,core,comparativo,Pagina servizio x citta,Fase di scelta del fornitore,,,,
3,Climatizzazione e fotovoltaico,6,migliore installazione condizionatori Scauri,migliore installazione condizionatori,Scauri,frazione,core,comparativo,Pagina servizio x citta,Fase di scelta del fornitore,,,,
3,Climatizzazione e fotovoltaico,6,migliore manutenzione condizionatori Formia,migliore manutenzione condizionatori,Formia,comune,core,comparativo,Pagina servizio x citta,Fase di scelta del fornitore,,,,
3,Climatizzazione e fotovoltaico,6,migliore manutenzione condizionatori Gaeta,migliore manutenzione condizionatori,Gaeta,comune,core,comparativo,Pagina servizio x citta,Fase di scelta del fornitore,,,,
3,Climatizzazione e fotovoltaico,6,migliore manutenzione condizionatori Itri,migliore manutenzione condizionatori,Itri,comune,core,comparativo,Pagina servizio x citta,Fase di scelta del fornitore,,,,
3,Climatizzazione e fotovoltaico,6,migliore manutenzione condizionatori Minturno,migliore manutenzione condizionatori,Minturno,comune,core,comparativo,Pagina servizio x citta,Fase di scelta del fornitore,,,,
3,Climatizzazione e fotovoltaico,6,migliore manutenzione condizionatori Scauri,migliore manutenzione condizionatori,Scauri,frazione,core,comparativo,Pagina servizio x citta,Fase di scelta del fornitore,,,,
3,Climatizzazione e fotovoltaico,6,migliore pannelli solari Formia,migliore pannelli solari,Formia,comune,core,comparativo,Pagina servizio x citta,Fase di scelta del fornitore,,,,
3,Climatizzazione e fotovoltaico,6,migliore pannelli solari Gaeta,migliore pannelli solari,Gaeta,comune,core,comparativo,Pagina servizio x citta,Fase di scelta del fornitore,,,,
3,Climatizzazione e fotovoltaico,6,migliore pannelli solari Itri,migliore pannelli solari,Itri,comune,core,comparativo,Pagina servizio x citta,Fase di scelta del fornitore,,,,
3,Climatizzazione e fotovoltaico,6,migliore pannelli solari Minturno,migliore pannelli solari,Minturno,comune,core,comparativo,Pagina servizio x citta,Fase di scelta del fornitore,,,,
3,Climatizzazione e fotovoltaico,6,migliore pannelli solari Scauri,migliore pannelli solari,Scauri,frazione,core,comparativo,Pagina servizio x citta,Fase di scelta del fornitore,,,,
3,Climatizzazione e fotovoltaico,6,migliore pompa di calore Formia,migliore pompa di calore,Formia,comune,core,comparativo,Pagina servizio x citta,Fase di scelta del fornitore,,,,
3,Climatizzazione e fotovoltaico,6,migliore pompa di calore Gaeta,migliore pompa di calore,Gaeta,comune,core,comparativo,Pagina servizio x citta,Fase di scelta del fornitore,,,,
3,Climatizzazione e fotovoltaico,6,migliore pompa di calore Itri,migliore pompa di calore,Itri,comune,core,comparativo,Pagina servizio x citta,Fase di scelta del fornitore,,,,
3,Climatizzazione e fotovoltaico,6,migliore pompa di calore Minturno,migliore pompa di calore,Minturno,comune,core,comparativo,Pagina servizio x citta,Fase di scelta del fornitore,,,,
3,Climatizzazione e fotovoltaico,6,migliore pompa di calore Scauri,migliore pompa di calore,Scauri,frazione,core,comparativo,Pagina servizio x citta,Fase di scelta del fornitore,,,,
3,Climatizzazione e fotovoltaico,6,migliore preventivo fotovoltaico Formia,migliore preventivo fotovoltaico,Formia,comune,core,comparativo,Pagina servizio x citta,Fase di scelta del fornitore,,,,
3,Climatizzazione e fotovoltaico,6,migliore preventivo fotovoltaico Gaeta,migliore preventivo fotovoltaico,Gaeta,comune,core,comparativo,Pagina servizio x citta,Fase di scelta del fornitore,,,,
3,Climatizzazione e fotovoltaico,6,migliore preventivo fotovoltaico Itri,migliore preventivo fotovoltaico,Itri,comune,core,comparativo,Pagina servizio x citta,Fase di scelta del fornitore,,,,
3,Climatizzazione e fotovoltaico,6,migliore preventivo fotovoltaico Minturno,migliore preventivo fotovoltaico,Minturno,comune,core,comparativo,Pagina servizio x citta,Fase di scelta del fornitore,,,,
3,Climatizzazione e fotovoltaico,6,migliore preventivo fotovoltaico Scauri,migliore preventivo fotovoltaico,Scauri,frazione,core,comparativo,Pagina servizio x citta,Fase di scelta del fornitore,,,,
3,Climatizzazione e fotovoltaico,6,climatizzatori Castelforte,climatizzatori,Castelforte,comune,espansione,core,Pagina servizio x citta,Testa: query principale della nicchia,,,,
3,Climatizzazione e fotovoltaico,6,climatizzatori Fondi,climatizzatori,Fondi,comune,espansione,core,Pagina servizio x citta,Testa: query principale della nicchia,,,,
3,Climatizzazione e fotovoltaico,6,climatizzatori Formia,climatizzatori,Formia,comune,core,core,Pagina servizio x citta,Testa: query principale della nicchia,,,,
3,Climatizzazione e fotovoltaico,6,climatizzatori Gaeta,climatizzatori,Gaeta,comune,core,core,Pagina servizio x citta,Testa: query principale della nicchia,,,,
3,Climatizzazione e fotovoltaico,6,climatizzatori Itri,climatizzatori,Itri,comune,core,core,Pagina servizio x citta,Testa: query principale della nicchia,,,,
3,Climatizzazione e fotovoltaico,6,climatizzatori Minturno,climatizzatori,Minturno,comune,core,core,Pagina servizio x citta,Testa: query principale della nicchia,,,,
3,Climatizzazione e fotovoltaico,6,climatizzatori Santi Cosma e Damiano,climatizzatori,Santi Cosma e Damiano,comune,espansione,core,Pagina servizio x citta,Testa: query principale della nicchia,,,,
3,Climatizzazione e fotovoltaico,6,climatizzatori Scauri,climatizzatori,Scauri,frazione,core,core,Pagina servizio x citta,Testa: query principale della nicchia,,,,
3,Climatizzazione e fotovoltaico,6,fotovoltaico con accumulo Castelforte,fotovoltaico con accumulo,Castelforte,comune,espansione,core,Pagina servizio x citta,Testa: query principale della nicchia,,,,
3,Climatizzazione e fotovoltaico,6,fotovoltaico con accumulo Fondi,fotovoltaico con accumulo,Fondi,comune,espansione,core,Pagina servizio x citta,Testa: query principale della nicchia,,,,
3,Climatizzazione e fotovoltaico,6,fotovoltaico con accumulo Formia,fotovoltaico con accumulo,Formia,comune,core,core,Pagina servizio x citta,Testa: query principale della nicchia,,,,
3,Climatizzazione e fotovoltaico,6,fotovoltaico con accumulo Gaeta,fotovoltaico con accumulo,Gaeta,comune,core,core,Pagina servizio x citta,Testa: query principale della nicchia,,,,
3,Climatizzazione e fotovoltaico,6,fotovoltaico con accumulo Itri,fotovoltaico con accumulo,Itri,comune,core,core,Pagina servizio x citta,Testa: query principale della nicchia,,,,
3,Climatizzazione e fotovoltaico,6,fotovoltaico con accumulo Minturno,fotovoltaico con accumulo,Minturno,comune,core,core,Pagina servizio x citta,Testa: query principale della nicchia,,,,
3,Climatizzazione e fotovoltaico,6,fotovoltaico con accumulo Santi Cosma e Damiano,fotovoltaico con accumulo,Santi Cosma e Damiano,comune,espansione,core,Pagina servizio x citta,Testa: query principale della nicchia,,,,
3,Climatizzazione e fotovoltaico,6,fotovoltaico con accumulo Scauri,fotovoltaico con accumulo,Scauri,frazione,core,core,Pagina servizio x citta,Testa: query principale della nicchia,,,,
3,Climatizzazione e fotovoltaico,6,impianto fotovoltaico Castelforte,impianto fotovoltaico,Castelforte,comune,espansione,core,Pagina servizio x citta,Testa: query principale della nicchia,,,,
3,Climatizzazione e fotovoltaico,6,impianto fotovoltaico Fondi,impianto fotovoltaico,Fondi,comune,espansione,core,Pagina servizio x citta,Testa: query principale della nicchia,,,,
3,Climatizzazione e fotovoltaico,6,impianto fotovoltaico Formia,impianto fotovoltaico,Formia,comune,core,core,Pagina servizio x citta,Testa: query principale della nicchia,,,,
3,Climatizzazione e fotovoltaico,6,impianto fotovoltaico Gaeta,impianto fotovoltaico,Gaeta,comune,core,core,Pagina servizio x citta,Testa: query principale della nicchia,,,,
3,Climatizzazione e fotovoltaico,6,impianto fotovoltaico Itri,impianto fotovoltaico,Itri,comune,core,core,Pagina servizio x citta,Testa: query principale della nicchia,,,,
3,Climatizzazione e fotovoltaico,6,impianto fotovoltaico Minturno,impianto fotovoltaico,Minturno,comune,core,core,Pagina servizio x citta,Testa: query principale della nicchia,,,,
3,Climatizzazione e fotovoltaico,6,impianto fotovoltaico Santi Cosma e Damiano,impianto fotovoltaico,Santi Cosma e Damiano,comune,espansione,core,Pagina servizio x citta,Testa: query principale della nicchia,,,,
3,Climatizzazione e fotovoltaico,6,impianto fotovoltaico Scauri,impianto fotovoltaico,Scauri,frazione,core,core,Pagina servizio x citta,Testa: query principale della nicchia,,,,
3,Climatizzazione e fotovoltaico,6,installazione condizionatori Castelforte,installazione condizionatori,Castelforte,comune,espansione,core,Pagina servizio x citta,Testa: query principale della nicchia,,,,
3,Climatizzazione e fotovoltaico,6,installazione condizionatori Fondi,installazione condizionatori,Fondi,comune,espansione,core,Pagina servizio x citta,Testa: query principale della nicchia,,,,
3,Climatizzazione e fotovoltaico,6,installazione condizionatori Formia,installazione condizionatori,Formia,comune,core,core,Pagina servizio x citta,Testa: query principale della nicchia,,,,
3,Climatizzazione e fotovoltaico,6,installazione condizionatori Gaeta,installazione condizionatori,Gaeta,comune,core,core,Pagina servizio x citta,Testa: query principale della nicchia,,,,
3,Climatizzazione e fotovoltaico,6,installazione condizionatori Itri,installazione condizionatori,Itri,comune,core,core,Pagina servizio x citta,Testa: query principale della nicchia,,,,
3,Climatizzazione e fotovoltaico,6,installazione condizionatori Minturno,installazione condizionatori,Minturno,comune,core,core,Pagina servizio x citta,Testa: query principale della nicchia,,,,
3,Climatizzazione e fotovoltaico,6,installazione condizionatori Santi Cosma e Damiano,installazione condizionatori,Santi Cosma e Damiano,comune,espansione,core,Pagina servizio x citta,Testa: query principale della nicchia,,,,
3,Climatizzazione e fotovoltaico,6,installazione condizionatori Scauri,installazione condizionatori,Scauri,frazione,core,core,Pagina servizio x citta,Testa: query principale della nicchia,,,,
3,Climatizzazione e fotovoltaico,6,manutenzione condizionatori Castelforte,manutenzione condizionatori,Castelforte,comune,espansione,core,Pagina servizio x citta,Testa: query principale della nicchia,,,,
3,Climatizzazione e fotovoltaico,6,manutenzione condizionatori Fondi,manutenzione condizionatori,Fondi,comune,espansione,core,Pagina servizio x citta,Testa: query principale della nicchia,,,,
3,Climatizzazione e fotovoltaico,6,manutenzione condizionatori Formia,manutenzione condizionatori,Formia,comune,core,core,Pagina servizio x citta,Testa: query principale della nicchia,,,,
3,Climatizzazione e fotovoltaico,6,manutenzione condizionatori Gaeta,manutenzione condizionatori,Gaeta,comune,core,core,Pagina servizio x citta,Testa: query principale della nicchia,,,,
3,Climatizzazione e fotovoltaico,6,manutenzione condizionatori Itri,manutenzione condizionatori,Itri,comune,core,core,Pagina servizio x citta,Testa: query principale della nicchia,,,,
3,Climatizzazione e fotovoltaico,6,manutenzione condizionatori Minturno,manutenzione condizionatori,Minturno,comune,core,core,Pagina servizio x citta,Testa: query principale della nicchia,,,,
3,Climatizzazione e fotovoltaico,6,manutenzione condizionatori Santi Cosma e Damiano,manutenzione condizionatori,Santi Cosma e Damiano,comune,espansione,core,Pagina servizio x citta,Testa: query principale della nicchia,,,,
3,Climatizzazione e fotovoltaico,6,manutenzione condizionatori Scauri,manutenzione condizionatori,Scauri,frazione,core,core,Pagina servizio x citta,Testa: query principale della nicchia,,,,
3,Climatizzazione e fotovoltaico,6,pannelli solari Castelforte,pannelli solari,Castelforte,comune,espansione,core,Pagina servizio x citta,Testa: query principale della nicchia,,,,
3,Climatizzazione e fotovoltaico,6,pannelli solari Fondi,pannelli solari,Fondi,comune,espansione,core,Pagina servizio x citta,Testa: query principale della nicchia,,,,
3,Climatizzazione e fotovoltaico,6,pannelli solari Formia,pannelli solari,Formia,comune,core,core,Pagina servizio x citta,Testa: query principale della nicchia,,,,
3,Climatizzazione e fotovoltaico,6,pannelli solari Gaeta,pannelli solari,Gaeta,comune,core,core,Pagina servizio x citta,Testa: query principale della nicchia,,,,
3,Climatizzazione e fotovoltaico,6,pannelli solari Itri,pannelli solari,Itri,comune,core,core,Pagina servizio x citta,Testa: query principale della nicchia,,,,
3,Climatizzazione e fotovoltaico,6,pannelli solari Minturno,pannelli solari,Minturno,comune,core,core,Pagina servizio x citta,Testa: query principale della nicchia,,,,
3,Climatizzazione e fotovoltaico,6,pannelli solari Santi Cosma e Damiano,pannelli solari,Santi Cosma e Damiano,comune,espansione,core,Pagina servizio x citta,Testa: query principale della nicchia,,,,
3,Climatizzazione e fotovoltaico,6,pannelli solari Scauri,pannelli solari,Scauri,frazione,core,core,Pagina servizio x citta,Testa: query principale della nicchia,,,,
3,Climatizzazione e fotovoltaico,6,pompa di calore Castelforte,pompa di calore,Castelforte,comune,espansione,core,Pagina servizio x citta,Testa: query principale della nicchia,,,,
3,Climatizzazione e fotovoltaico,6,pompa di calore Fondi,pompa di calore,Fondi,comune,espansione,core,Pagina servizio x citta,Testa: query principale della nicchia,,,,
3,Climatizzazione e fotovoltaico,6,pompa di calore Formia,pompa di calore,Formia,comune,core,core,Pagina servizio x citta,Testa: query principale della nicchia,,,,
3,Climatizzazione e fotovoltaico,6,pompa di calore Gaeta,pompa di calore,Gaeta,comune,core,core,Pagina servizio x citta,Testa: query principale della nicchia,,,,
3,Climatizzazione e fotovoltaico,6,pompa di calore Itri,pompa di calore,Itri,comune,core,core,Pagina servizio x citta,Testa: query principale della nicchia,,,,
3,Climatizzazione e fotovoltaico,6,pompa di calore Minturno,pompa di calore,Minturno,comune,core,core,Pagina servizio x citta,Testa: query principale della nicchia,,,,
3,Climatizzazione e fotovoltaico,6,pompa di calore Santi Cosma e Damiano,pompa di calore,Santi Cosma e Damiano,comune,espansione,core,Pagina servizio x citta,Testa: query principale della nicchia,,,,
3,Climatizzazione e fotovoltaico,6,pompa di calore Scauri,pompa di calore,Scauri,frazione,core,core,Pagina servizio x citta,Testa: query principale della nicchia,,,,
3,Climatizzazione e fotovoltaico,6,preventivo fotovoltaico Castelforte,preventivo fotovoltaico,Castelforte,comune,espansione,core,Pagina servizio x citta,Testa: query principale della nicchia,,,,
3,Climatizzazione e fotovoltaico,6,preventivo fotovoltaico Fondi,preventivo fotovoltaico,Fondi,comune,espansione,core,Pagina servizio x citta,Testa: query principale della nicchia,,,,
3,Climatizzazione e fotovoltaico,6,preventivo fotovoltaico Formia,preventivo fotovoltaico,Formia,comune,core,core,Pagina servizio x citta,Testa: query principale della nicchia,,,,
3,Climatizzazione e fotovoltaico,6,preventivo fotovoltaico Gaeta,preventivo fotovoltaico,Gaeta,comune,core,core,Pagina servizio x citta,Testa: query principale della nicchia,,,,
3,Climatizzazione e fotovoltaico,6,preventivo fotovoltaico Itri,preventivo fotovoltaico,Itri,comune,core,core,Pagina servizio x citta,Testa: query principale della nicchia,,,,
3,Climatizzazione e fotovoltaico,6,preventivo fotovoltaico Minturno,preventivo fotovoltaico,Minturno,comune,core,core,Pagina servizio x citta,Testa: query principale della nicchia,,,,
3,Climatizzazione e fotovoltaico,6,preventivo fotovoltaico Santi Cosma e Damiano,preventivo fotovoltaico,Santi Cosma e Damiano,comune,espansione,core,Pagina servizio x citta,Testa: query principale della nicchia,,,,
3,Climatizzazione e fotovoltaico,6,preventivo fotovoltaico Scauri,preventivo fotovoltaico,Scauri,frazione,core,core,Pagina servizio x citta,Testa: query principale della nicchia,,,,
3,Climatizzazione e fotovoltaico,6,climatizzatori urgente Formia,climatizzatori urgente,Formia,comune,core,emergenza,Pagina servizio x citta,"Massimo intento, chiama subito",,,,
3,Climatizzazione e fotovoltaico,6,climatizzatori urgente Gaeta,climatizzatori urgente,Gaeta,comune,core,emergenza,Pagina servizio x citta,"Massimo intento, chiama subito",,,,
3,Climatizzazione e fotovoltaico,6,climatizzatori urgente Itri,climatizzatori urgente,Itri,comune,core,emergenza,Pagina servizio x citta,"Massimo intento, chiama subito",,,,
3,Climatizzazione e fotovoltaico,6,climatizzatori urgente Minturno,climatizzatori urgente,Minturno,comune,core,emergenza,Pagina servizio x citta,"Massimo intento, chiama subito",,,,
3,Climatizzazione e fotovoltaico,6,climatizzatori urgente Scauri,climatizzatori urgente,Scauri,frazione,core,emergenza,Pagina servizio x citta,"Massimo intento, chiama subito",,,,
3,Climatizzazione e fotovoltaico,6,fotovoltaico con accumulo urgente Formia,fotovoltaico con accumulo urgente,Formia,comune,core,emergenza,Pagina servizio x citta,"Massimo intento, chiama subito",,,,
3,Climatizzazione e fotovoltaico,6,fotovoltaico con accumulo urgente Gaeta,fotovoltaico con accumulo urgente,Gaeta,comune,core,emergenza,Pagina servizio x citta,"Massimo intento, chiama subito",,,,
3,Climatizzazione e fotovoltaico,6,fotovoltaico con accumulo urgente Itri,fotovoltaico con accumulo urgente,Itri,comune,core,emergenza,Pagina servizio x citta,"Massimo intento, chiama subito",,,,
3,Climatizzazione e fotovoltaico,6,fotovoltaico con accumulo urgente Minturno,fotovoltaico con accumulo urgente,Minturno,comune,core,emergenza,Pagina servizio x citta,"Massimo intento, chiama subito",,,,
3,Climatizzazione e fotovoltaico,6,fotovoltaico con accumulo urgente Scauri,fotovoltaico con accumulo urgente,Scauri,frazione,core,emergenza,Pagina servizio x citta,"Massimo intento, chiama subito",,,,
3,Climatizzazione e fotovoltaico,6,impianto fotovoltaico urgente Formia,impianto fotovoltaico urgente,Formia,comune,core,emergenza,Pagina servizio x citta,"Massimo intento, chiama subito",,,,
3,Climatizzazione e fotovoltaico,6,impianto fotovoltaico urgente Gaeta,impianto fotovoltaico urgente,Gaeta,comune,core,emergenza,Pagina servizio x citta,"Massimo intento, chiama subito",,,,
3,Climatizzazione e fotovoltaico,6,impianto fotovoltaico urgente Itri,impianto fotovoltaico urgente,Itri,comune,core,emergenza,Pagina servizio x citta,"Massimo intento, chiama subito",,,,
3,Climatizzazione e fotovoltaico,6,impianto fotovoltaico urgente Minturno,impianto fotovoltaico urgente,Minturno,comune,core,emergenza,Pagina servizio x citta,"Massimo intento, chiama subito",,,,
3,Climatizzazione e fotovoltaico,6,impianto fotovoltaico urgente Scauri,impianto fotovoltaico urgente,Scauri,frazione,core,emergenza,Pagina servizio x citta,"Massimo intento, chiama subito",,,,
3,Climatizzazione e fotovoltaico,6,installazione condizionatori urgente Formia,installazione condizionatori urgente,Formia,comune,core,emergenza,Pagina servizio x citta,"Massimo intento, chiama subito",,,,
3,Climatizzazione e fotovoltaico,6,installazione condizionatori urgente Gaeta,installazione condizionatori urgente,Gaeta,comune,core,emergenza,Pagina servizio x citta,"Massimo intento, chiama subito",,,,
3,Climatizzazione e fotovoltaico,6,installazione condizionatori urgente Itri,installazione condizionatori urgente,Itri,comune,core,emergenza,Pagina servizio x citta,"Massimo intento, chiama subito",,,,
3,Climatizzazione e fotovoltaico,6,installazione condizionatori urgente Minturno,installazione condizionatori urgente,Minturno,comune,core,emergenza,Pagina servizio x citta,"Massimo intento, chiama subito",,,,
3,Climatizzazione e fotovoltaico,6,installazione condizionatori urgente Scauri,installazione condizionatori urgente,Scauri,frazione,core,emergenza,Pagina servizio x citta,"Massimo intento, chiama subito",,,,
3,Climatizzazione e fotovoltaico,6,manutenzione condizionatori urgente Formia,manutenzione condizionatori urgente,Formia,comune,core,emergenza,Pagina servizio x citta,"Massimo intento, chiama subito",,,,
3,Climatizzazione e fotovoltaico,6,manutenzione condizionatori urgente Gaeta,manutenzione condizionatori urgente,Gaeta,comune,core,emergenza,Pagina servizio x citta,"Massimo intento, chiama subito",,,,
3,Climatizzazione e fotovoltaico,6,manutenzione condizionatori urgente Itri,manutenzione condizionatori urgente,Itri,comune,core,emergenza,Pagina servizio x citta,"Massimo intento, chiama subito",,,,
3,Climatizzazione e fotovoltaico,6,manutenzione condizionatori urgente Minturno,manutenzione condizionatori urgente,Minturno,comune,core,emergenza,Pagina servizio x citta,"Massimo intento, chiama subito",,,,
3,Climatizzazione e fotovoltaico,6,manutenzione condizionatori urgente Scauri,manutenzione condizionatori urgente,Scauri,frazione,core,emergenza,Pagina servizio x citta,"Massimo intento, chiama subito",,,,
3,Climatizzazione e fotovoltaico,6,pannelli solari urgente Formia,pannelli solari urgente,Formia,comune,core,emergenza,Pagina servizio x citta,"Massimo intento, chiama subito",,,,
3,Climatizzazione e fotovoltaico,6,pannelli solari urgente Gaeta,pannelli solari urgente,Gaeta,comune,core,emergenza,Pagina servizio x citta,"Massimo intento, chiama subito",,,,
3,Climatizzazione e fotovoltaico,6,pannelli solari urgente Itri,pannelli solari urgente,Itri,comune,core,emergenza,Pagina servizio x citta,"Massimo intento, chiama subito",,,,
3,Climatizzazione e fotovoltaico,6,pannelli solari urgente Minturno,pannelli solari urgente,Minturno,comune,core,emergenza,Pagina servizio x citta,"Massimo intento, chiama subito",,,,
3,Climatizzazione e fotovoltaico,6,pannelli solari urgente Scauri,pannelli solari urgente,Scauri,frazione,core,emergenza,Pagina servizio x citta,"Massimo intento, chiama subito",,,,
3,Climatizzazione e fotovoltaico,6,pompa di calore urgente Formia,pompa di calore urgente,Formia,comune,core,emergenza,Pagina servizio x citta,"Massimo intento, chiama subito",,,,
3,Climatizzazione e fotovoltaico,6,pompa di calore urgente Gaeta,pompa di calore urgente,Gaeta,comune,core,emergenza,Pagina servizio x citta,"Massimo intento, chiama subito",,,,
3,Climatizzazione e fotovoltaico,6,pompa di calore urgente Itri,pompa di calore urgente,Itri,comune,core,emergenza,Pagina servizio x citta,"Massimo intento, chiama subito",,,,
3,Climatizzazione e fotovoltaico,6,pompa di calore urgente Minturno,pompa di calore urgente,Minturno,comune,core,emergenza,Pagina servizio x citta,"Massimo intento, chiama subito",,,,
3,Climatizzazione e fotovoltaico,6,pompa di calore urgente Scauri,pompa di calore urgente,Scauri,frazione,core,emergenza,Pagina servizio x citta,"Massimo intento, chiama subito",,,,
3,Climatizzazione e fotovoltaico,6,preventivo fotovoltaico urgente Formia,preventivo fotovoltaico urgente,Formia,comune,core,emergenza,Pagina servizio x citta,"Massimo intento, chiama subito",,,,
3,Climatizzazione e fotovoltaico,6,preventivo fotovoltaico urgente Gaeta,preventivo fotovoltaico urgente,Gaeta,comune,core,emergenza,Pagina servizio x citta,"Massimo intento, chiama subito",,,,
3,Climatizzazione e fotovoltaico,6,preventivo fotovoltaico urgente Itri,preventivo fotovoltaico urgente,Itri,comune,core,emergenza,Pagina servizio x citta,"Massimo intento, chiama subito",,,,
3,Climatizzazione e fotovoltaico,6,preventivo fotovoltaico urgente Minturno,preventivo fotovoltaico urgente,Minturno,comune,core,emergenza,Pagina servizio x citta,"Massimo intento, chiama subito",,,,
3,Climatizzazione e fotovoltaico,6,preventivo fotovoltaico urgente Scauri,preventivo fotovoltaico urgente,Scauri,frazione,core,emergenza,Pagina servizio x citta,"Massimo intento, chiama subito",,,,
3,Climatizzazione e fotovoltaico,6,conviene il fotovoltaico con accumulo,conviene il fotovoltaico con accumulo,-,-,nazionale,informazionale,Articolo blog,"TOFU: traffico e autorita, non conversione diretta",,,,
3,Climatizzazione e fotovoltaico,6,quanto costa impianto fotovoltaico 6 kw,quanto costa impianto fotovoltaico 6 kw,-,-,nazionale,informazionale,Articolo blog,"TOFU: traffico e autorita, non conversione diretta",,,,
3,Climatizzazione e fotovoltaico,6,quanto si risparmia con la pompa di calore,quanto si risparmia con la pompa di calore,-,-,nazionale,informazionale,Articolo blog,"TOFU: traffico e autorita, non conversione diretta",,,,
4,Elettricisti,7,antifurto casa costo Formia,antifurto casa costo,Formia,comune,core,commerciale,Pagina servizio x citta,"Confronto costi, medio intento",,,,
4,Elettricisti,7,antifurto casa costo Gaeta,antifurto casa costo,Gaeta,comune,core,commerciale,Pagina servizio x citta,"Confronto costi, medio intento",,,,
4,Elettricisti,7,antifurto casa costo Itri,antifurto casa costo,Itri,comune,core,commerciale,Pagina servizio x citta,"Confronto costi, medio intento",,,,
4,Elettricisti,7,antifurto casa costo Minturno,antifurto casa costo,Minturno,comune,core,commerciale,Pagina servizio x citta,"Confronto costi, medio intento",,,,
4,Elettricisti,7,antifurto casa costo Scauri,antifurto casa costo,Scauri,frazione,core,commerciale,Pagina servizio x citta,"Confronto costi, medio intento",,,,
4,Elettricisti,7,antifurto casa prezzi Formia,antifurto casa prezzi,Formia,comune,core,commerciale,Pagina servizio x citta,"Confronto costi, medio intento",,,,
4,Elettricisti,7,antifurto casa prezzi Gaeta,antifurto casa prezzi,Gaeta,comune,core,commerciale,Pagina servizio x citta,"Confronto costi, medio intento",,,,
4,Elettricisti,7,antifurto casa prezzi Itri,antifurto casa prezzi,Itri,comune,core,commerciale,Pagina servizio x citta,"Confronto costi, medio intento",,,,
4,Elettricisti,7,antifurto casa prezzi Minturno,antifurto casa prezzi,Minturno,comune,core,commerciale,Pagina servizio x citta,"Confronto costi, medio intento",,,,
4,Elettricisti,7,antifurto casa prezzi Scauri,antifurto casa prezzi,Scauri,frazione,core,commerciale,Pagina servizio x citta,"Confronto costi, medio intento",,,,
4,Elettricisti,7,certificazione impianto elettrico costo Formia,certificazione impianto elettrico costo,Formia,comune,core,commerciale,Pagina servizio x citta,"Confronto costi, medio intento",,,,
4,Elettricisti,7,certificazione impianto elettrico costo Gaeta,certificazione impianto elettrico costo,Gaeta,comune,core,commerciale,Pagina servizio x citta,"Confronto costi, medio intento",,,,
4,Elettricisti,7,certificazione impianto elettrico costo Itri,certificazione impianto elettrico costo,Itri,comune,core,commerciale,Pagina servizio x citta,"Confronto costi, medio intento",,,,
4,Elettricisti,7,certificazione impianto elettrico costo Minturno,certificazione impianto elettrico costo,Minturno,comune,core,commerciale,Pagina servizio x citta,"Confronto costi, medio intento",,,,
4,Elettricisti,7,certificazione impianto elettrico costo Scauri,certificazione impianto elettrico costo,Scauri,frazione,core,commerciale,Pagina servizio x citta,"Confronto costi, medio intento",,,,
4,Elettricisti,7,certificazione impianto elettrico prezzi Formia,certificazione impianto elettrico prezzi,Formia,comune,core,commerciale,Pagina servizio x citta,"Confronto costi, medio intento",,,,
4,Elettricisti,7,certificazione impianto elettrico prezzi Gaeta,certificazione impianto elettrico prezzi,Gaeta,comune,core,commerciale,Pagina servizio x citta,"Confronto costi, medio intento",,,,
4,Elettricisti,7,certificazione impianto elettrico prezzi Itri,certificazione impianto elettrico prezzi,Itri,comune,core,commerciale,Pagina servizio x citta,"Confronto costi, medio intento",,,,
4,Elettricisti,7,certificazione impianto elettrico prezzi Minturno,certificazione impianto elettrico prezzi,Minturno,comune,core,commerciale,Pagina servizio x citta,"Confronto costi, medio intento",,,,
4,Elettricisti,7,certificazione impianto elettrico prezzi Scauri,certificazione impianto elettrico prezzi,Scauri,frazione,core,commerciale,Pagina servizio x citta,"Confronto costi, medio intento",,,,
4,Elettricisti,7,domotica costo Formia,domotica costo,Formia,comune,core,commerciale,Pagina servizio x citta,"Confronto costi, medio intento",,,,
4,Elettricisti,7,domotica costo Gaeta,domotica costo,Gaeta,comune,core,commerciale,Pagina servizio x citta,"Confronto costi, medio intento",,,,
4,Elettricisti,7,domotica costo Itri,domotica costo,Itri,comune,core,commerciale,Pagina servizio x citta,"Confronto costi, medio intento",,,,
4,Elettricisti,7,domotica costo Minturno,domotica costo,Minturno,comune,core,commerciale,Pagina servizio x citta,"Confronto costi, medio intento",,,,
4,Elettricisti,7,domotica costo Scauri,domotica costo,Scauri,frazione,core,commerciale,Pagina servizio x citta,"Confronto costi, medio intento",,,,
4,Elettricisti,7,domotica prezzi Formia,domotica prezzi,Formia,comune,core,commerciale,Pagina servizio x citta,"Confronto costi, medio intento",,,,
4,Elettricisti,7,domotica prezzi Gaeta,domotica prezzi,Gaeta,comune,core,commerciale,Pagina servizio x citta,"Confronto costi, medio intento",,,,
4,Elettricisti,7,domotica prezzi Itri,domotica prezzi,Itri,comune,core,commerciale,Pagina servizio x citta,"Confronto costi, medio intento",,,,
4,Elettricisti,7,domotica prezzi Minturno,domotica prezzi,Minturno,comune,core,commerciale,Pagina servizio x citta,"Confronto costi, medio intento",,,,
4,Elettricisti,7,domotica prezzi Scauri,domotica prezzi,Scauri,frazione,core,commerciale,Pagina servizio x citta,"Confronto costi, medio intento",,,,
4,Elettricisti,7,elettricista costo Formia,elettricista costo,Formia,comune,core,commerciale,Pagina servizio x citta,"Confronto costi, medio intento",,,,
4,Elettricisti,7,elettricista costo Gaeta,elettricista costo,Gaeta,comune,core,commerciale,Pagina servizio x citta,"Confronto costi, medio intento",,,,
4,Elettricisti,7,elettricista costo Itri,elettricista costo,Itri,comune,core,commerciale,Pagina servizio x citta,"Confronto costi, medio intento",,,,
4,Elettricisti,7,elettricista costo Minturno,elettricista costo,Minturno,comune,core,commerciale,Pagina servizio x citta,"Confronto costi, medio intento",,,,
4,Elettricisti,7,elettricista costo Scauri,elettricista costo,Scauri,frazione,core,commerciale,Pagina servizio x citta,"Confronto costi, medio intento",,,,
4,Elettricisti,7,elettricista prezzi Formia,elettricista prezzi,Formia,comune,core,commerciale,Pagina servizio x citta,"Confronto costi, medio intento",,,,
4,Elettricisti,7,elettricista prezzi Gaeta,elettricista prezzi,Gaeta,comune,core,commerciale,Pagina servizio x citta,"Confronto costi, medio intento",,,,
4,Elettricisti,7,elettricista prezzi Itri,elettricista prezzi,Itri,comune,core,commerciale,Pagina servizio x citta,"Confronto costi, medio intento",,,,
4,Elettricisti,7,elettricista prezzi Minturno,elettricista prezzi,Minturno,comune,core,commerciale,Pagina servizio x citta,"Confronto costi, medio intento",,,,
4,Elettricisti,7,elettricista prezzi Scauri,elettricista prezzi,Scauri,frazione,core,commerciale,Pagina servizio x citta,"Confronto costi, medio intento",,,,
4,Elettricisti,7,elettricista urgente costo Formia,elettricista urgente costo,Formia,comune,core,commerciale,Pagina servizio x citta,"Confronto costi, medio intento",,,,
4,Elettricisti,7,elettricista urgente costo Gaeta,elettricista urgente costo,Gaeta,comune,core,commerciale,Pagina servizio x citta,"Confronto costi, medio intento",,,,
4,Elettricisti,7,elettricista urgente costo Itri,elettricista urgente costo,Itri,comune,core,commerciale,Pagina servizio x citta,"Confronto costi, medio intento",,,,
4,Elettricisti,7,elettricista urgente costo Minturno,elettricista urgente costo,Minturno,comune,core,commerciale,Pagina servizio x citta,"Confronto costi, medio intento",,,,
4,Elettricisti,7,elettricista urgente costo Scauri,elettricista urgente costo,Scauri,frazione,core,commerciale,Pagina servizio x citta,"Confronto costi, medio intento",,,,
4,Elettricisti,7,elettricista urgente prezzi Formia,elettricista urgente prezzi,Formia,comune,core,commerciale,Pagina servizio x citta,"Confronto costi, medio intento",,,,
4,Elettricisti,7,elettricista urgente prezzi Gaeta,elettricista urgente prezzi,Gaeta,comune,core,commerciale,Pagina servizio x citta,"Confronto costi, medio intento",,,,
4,Elettricisti,7,elettricista urgente prezzi Itri,elettricista urgente prezzi,Itri,comune,core,commerciale,Pagina servizio x citta,"Confronto costi, medio intento",,,,
4,Elettricisti,7,elettricista urgente prezzi Minturno,elettricista urgente prezzi,Minturno,comune,core,commerciale,Pagina servizio x citta,"Confronto costi, medio intento",,,,
4,Elettricisti,7,elettricista urgente prezzi Scauri,elettricista urgente prezzi,Scauri,frazione,core,commerciale,Pagina servizio x citta,"Confronto costi, medio intento",,,,
4,Elettricisti,7,impianto elettrico casa costo Formia,impianto elettrico casa costo,Formia,comune,core,commerciale,Pagina servizio x citta,"Confronto costi, medio intento",,,,
4,Elettricisti,7,impianto elettrico casa costo Gaeta,impianto elettrico casa costo,Gaeta,comune,core,commerciale,Pagina servizio x citta,"Confronto costi, medio intento",,,,
4,Elettricisti,7,impianto elettrico casa costo Itri,impianto elettrico casa costo,Itri,comune,core,commerciale,Pagina servizio x citta,"Confronto costi, medio intento",,,,
4,Elettricisti,7,impianto elettrico casa costo Minturno,impianto elettrico casa costo,Minturno,comune,core,commerciale,Pagina servizio x citta,"Confronto costi, medio intento",,,,
4,Elettricisti,7,impianto elettrico casa costo Scauri,impianto elettrico casa costo,Scauri,frazione,core,commerciale,Pagina servizio x citta,"Confronto costi, medio intento",,,,
4,Elettricisti,7,impianto elettrico casa prezzi Formia,impianto elettrico casa prezzi,Formia,comune,core,commerciale,Pagina servizio x citta,"Confronto costi, medio intento",,,,
4,Elettricisti,7,impianto elettrico casa prezzi Gaeta,impianto elettrico casa prezzi,Gaeta,comune,core,commerciale,Pagina servizio x citta,"Confronto costi, medio intento",,,,
4,Elettricisti,7,impianto elettrico casa prezzi Itri,impianto elettrico casa prezzi,Itri,comune,core,commerciale,Pagina servizio x citta,"Confronto costi, medio intento",,,,
4,Elettricisti,7,impianto elettrico casa prezzi Minturno,impianto elettrico casa prezzi,Minturno,comune,core,commerciale,Pagina servizio x citta,"Confronto costi, medio intento",,,,
4,Elettricisti,7,impianto elettrico casa prezzi Scauri,impianto elettrico casa prezzi,Scauri,frazione,core,commerciale,Pagina servizio x citta,"Confronto costi, medio intento",,,,
4,Elettricisti,7,preventivo antifurto casa Formia,preventivo antifurto casa,Formia,comune,core,commerciale,Pagina servizio x citta,Alto intento: sta chiedendo un prezzo,,,,
4,Elettricisti,7,preventivo antifurto casa Gaeta,preventivo antifurto casa,Gaeta,comune,core,commerciale,Pagina servizio x citta,Alto intento: sta chiedendo un prezzo,,,,
4,Elettricisti,7,preventivo antifurto casa Itri,preventivo antifurto casa,Itri,comune,core,commerciale,Pagina servizio x citta,Alto intento: sta chiedendo un prezzo,,,,
4,Elettricisti,7,preventivo antifurto casa Minturno,preventivo antifurto casa,Minturno,comune,core,commerciale,Pagina servizio x citta,Alto intento: sta chiedendo un prezzo,,,,
4,Elettricisti,7,preventivo antifurto casa Scauri,preventivo antifurto casa,Scauri,frazione,core,commerciale,Pagina servizio x citta,Alto intento: sta chiedendo un prezzo,,,,
4,Elettricisti,7,preventivo certificazione impianto elettrico Formia,preventivo certificazione impianto elettrico,Formia,comune,core,commerciale,Pagina servizio x citta,Alto intento: sta chiedendo un prezzo,,,,
4,Elettricisti,7,preventivo certificazione impianto elettrico Gaeta,preventivo certificazione impianto elettrico,Gaeta,comune,core,commerciale,Pagina servizio x citta,Alto intento: sta chiedendo un prezzo,,,,
4,Elettricisti,7,preventivo certificazione impianto elettrico Itri,preventivo certificazione impianto elettrico,Itri,comune,core,commerciale,Pagina servizio x citta,Alto intento: sta chiedendo un prezzo,,,,
4,Elettricisti,7,preventivo certificazione impianto elettrico Minturno,preventivo certificazione impianto elettrico,Minturno,comune,core,commerciale,Pagina servizio x citta,Alto intento: sta chiedendo un prezzo,,,,
4,Elettricisti,7,preventivo certificazione impianto elettrico Scauri,preventivo certificazione impianto elettrico,Scauri,frazione,core,commerciale,Pagina servizio x citta,Alto intento: sta chiedendo un prezzo,,,,
4,Elettricisti,7,preventivo domotica Formia,preventivo domotica,Formia,comune,core,commerciale,Pagina servizio x citta,Alto intento: sta chiedendo un prezzo,,,,
4,Elettricisti,7,preventivo domotica Gaeta,preventivo domotica,Gaeta,comune,core,commerciale,Pagina servizio x citta,Alto intento: sta chiedendo un prezzo,,,,
4,Elettricisti,7,preventivo domotica Itri,preventivo domotica,Itri,comune,core,commerciale,Pagina servizio x citta,Alto intento: sta chiedendo un prezzo,,,,
4,Elettricisti,7,preventivo domotica Minturno,preventivo domotica,Minturno,comune,core,commerciale,Pagina servizio x citta,Alto intento: sta chiedendo un prezzo,,,,
4,Elettricisti,7,preventivo domotica Scauri,preventivo domotica,Scauri,frazione,core,commerciale,Pagina servizio x citta,Alto intento: sta chiedendo un prezzo,,,,
4,Elettricisti,7,preventivo elettricista Formia,preventivo elettricista,Formia,comune,core,commerciale,Pagina servizio x citta,Alto intento: sta chiedendo un prezzo,,,,
4,Elettricisti,7,preventivo elettricista Gaeta,preventivo elettricista,Gaeta,comune,core,commerciale,Pagina servizio x citta,Alto intento: sta chiedendo un prezzo,,,,
4,Elettricisti,7,preventivo elettricista Itri,preventivo elettricista,Itri,comune,core,commerciale,Pagina servizio x citta,Alto intento: sta chiedendo un prezzo,,,,
4,Elettricisti,7,preventivo elettricista Minturno,preventivo elettricista,Minturno,comune,core,commerciale,Pagina servizio x citta,Alto intento: sta chiedendo un prezzo,,,,
4,Elettricisti,7,preventivo elettricista Scauri,preventivo elettricista,Scauri,frazione,core,commerciale,Pagina servizio x citta,Alto intento: sta chiedendo un prezzo,,,,
4,Elettricisti,7,preventivo elettricista urgente Formia,preventivo elettricista urgente,Formia,comune,core,commerciale,Pagina servizio x citta,Alto intento: sta chiedendo un prezzo,,,,
4,Elettricisti,7,preventivo elettricista urgente Gaeta,preventivo elettricista urgente,Gaeta,comune,core,commerciale,Pagina servizio x citta,Alto intento: sta chiedendo un prezzo,,,,
4,Elettricisti,7,preventivo elettricista urgente Itri,preventivo elettricista urgente,Itri,comune,core,commerciale,Pagina servizio x citta,Alto intento: sta chiedendo un prezzo,,,,
4,Elettricisti,7,preventivo elettricista urgente Minturno,preventivo elettricista urgente,Minturno,comune,core,commerciale,Pagina servizio x citta,Alto intento: sta chiedendo un prezzo,,,,
4,Elettricisti,7,preventivo elettricista urgente Scauri,preventivo elettricista urgente,Scauri,frazione,core,commerciale,Pagina servizio x citta,Alto intento: sta chiedendo un prezzo,,,,
4,Elettricisti,7,preventivo impianto elettrico casa Formia,preventivo impianto elettrico casa,Formia,comune,core,commerciale,Pagina servizio x citta,Alto intento: sta chiedendo un prezzo,,,,
4,Elettricisti,7,preventivo impianto elettrico casa Gaeta,preventivo impianto elettrico casa,Gaeta,comune,core,commerciale,Pagina servizio x citta,Alto intento: sta chiedendo un prezzo,,,,
4,Elettricisti,7,preventivo impianto elettrico casa Itri,preventivo impianto elettrico casa,Itri,comune,core,commerciale,Pagina servizio x citta,Alto intento: sta chiedendo un prezzo,,,,
4,Elettricisti,7,preventivo impianto elettrico casa Minturno,preventivo impianto elettrico casa,Minturno,comune,core,commerciale,Pagina servizio x citta,Alto intento: sta chiedendo un prezzo,,,,
4,Elettricisti,7,preventivo impianto elettrico casa Scauri,preventivo impianto elettrico casa,Scauri,frazione,core,commerciale,Pagina servizio x citta,Alto intento: sta chiedendo un prezzo,,,,
4,Elettricisti,7,preventivo rifacimento impianto elettrico Formia,preventivo rifacimento impianto elettrico,Formia,comune,core,commerciale,Pagina servizio x citta,Alto intento: sta chiedendo un prezzo,,,,
4,Elettricisti,7,preventivo rifacimento impianto elettrico Gaeta,preventivo rifacimento impianto elettrico,Gaeta,comune,core,commerciale,Pagina servizio x citta,Alto intento: sta chiedendo un prezzo,,,,
4,Elettricisti,7,preventivo rifacimento impianto elettrico Itri,preventivo rifacimento impianto elettrico,Itri,comune,core,commerciale,Pagina servizio x citta,Alto intento: sta chiedendo un prezzo,,,,
4,Elettricisti,7,preventivo rifacimento impianto elettrico Minturno,preventivo rifacimento impianto elettrico,Minturno,comune,core,commerciale,Pagina servizio x citta,Alto intento: sta chiedendo un prezzo,,,,
4,Elettricisti,7,preventivo rifacimento impianto elettrico Scauri,preventivo rifacimento impianto elettrico,Scauri,frazione,core,commerciale,Pagina servizio x citta,Alto intento: sta chiedendo un prezzo,,,,
4,Elettricisti,7,preventivo videosorveglianza Formia,preventivo videosorveglianza,Formia,comune,core,commerciale,Pagina servizio x citta,Alto intento: sta chiedendo un prezzo,,,,
4,Elettricisti,7,preventivo videosorveglianza Gaeta,preventivo videosorveglianza,Gaeta,comune,core,commerciale,Pagina servizio x citta,Alto intento: sta chiedendo un prezzo,,,,
4,Elettricisti,7,preventivo videosorveglianza Itri,preventivo videosorveglianza,Itri,comune,core,commerciale,Pagina servizio x citta,Alto intento: sta chiedendo un prezzo,,,,
4,Elettricisti,7,preventivo videosorveglianza Minturno,preventivo videosorveglianza,Minturno,comune,core,commerciale,Pagina servizio x citta,Alto intento: sta chiedendo un prezzo,,,,
4,Elettricisti,7,preventivo videosorveglianza Scauri,preventivo videosorveglianza,Scauri,frazione,core,commerciale,Pagina servizio x citta,Alto intento: sta chiedendo un prezzo,,,,
4,Elettricisti,7,rifacimento impianto elettrico costo Formia,rifacimento impianto elettrico costo,Formia,comune,core,commerciale,Pagina servizio x citta,"Confronto costi, medio intento",,,,
4,Elettricisti,7,rifacimento impianto elettrico costo Gaeta,rifacimento impianto elettrico costo,Gaeta,comune,core,commerciale,Pagina servizio x citta,"Confronto costi, medio intento",,,,
4,Elettricisti,7,rifacimento impianto elettrico costo Itri,rifacimento impianto elettrico costo,Itri,comune,core,commerciale,Pagina servizio x citta,"Confronto costi, medio intento",,,,
4,Elettricisti,7,rifacimento impianto elettrico costo Minturno,rifacimento impianto elettrico costo,Minturno,comune,core,commerciale,Pagina servizio x citta,"Confronto costi, medio intento",,,,
4,Elettricisti,7,rifacimento impianto elettrico costo Scauri,rifacimento impianto elettrico costo,Scauri,frazione,core,commerciale,Pagina servizio x citta,"Confronto costi, medio intento",,,,
4,Elettricisti,7,rifacimento impianto elettrico prezzi Formia,rifacimento impianto elettrico prezzi,Formia,comune,core,commerciale,Pagina servizio x citta,"Confronto costi, medio intento",,,,
4,Elettricisti,7,rifacimento impianto elettrico prezzi Gaeta,rifacimento impianto elettrico prezzi,Gaeta,comune,core,commerciale,Pagina servizio x citta,"Confronto costi, medio intento",,,,
4,Elettricisti,7,rifacimento impianto elettrico prezzi Itri,rifacimento impianto elettrico prezzi,Itri,comune,core,commerciale,Pagina servizio x citta,"Confronto costi, medio intento",,,,
4,Elettricisti,7,rifacimento impianto elettrico prezzi Minturno,rifacimento impianto elettrico prezzi,Minturno,comune,core,commerciale,Pagina servizio x citta,"Confronto costi, medio intento",,,,
4,Elettricisti,7,rifacimento impianto elettrico prezzi Scauri,rifacimento impianto elettrico prezzi,Scauri,frazione,core,commerciale,Pagina servizio x citta,"Confronto costi, medio intento",,,,
4,Elettricisti,7,videosorveglianza costo Formia,videosorveglianza costo,Formia,comune,core,commerciale,Pagina servizio x citta,"Confronto costi, medio intento",,,,
4,Elettricisti,7,videosorveglianza costo Gaeta,videosorveglianza costo,Gaeta,comune,core,commerciale,Pagina servizio x citta,"Confronto costi, medio intento",,,,
4,Elettricisti,7,videosorveglianza costo Itri,videosorveglianza costo,Itri,comune,core,commerciale,Pagina servizio x citta,"Confronto costi, medio intento",,,,
4,Elettricisti,7,videosorveglianza costo Minturno,videosorveglianza costo,Minturno,comune,core,commerciale,Pagina servizio x citta,"Confronto costi, medio intento",,,,
4,Elettricisti,7,videosorveglianza costo Scauri,videosorveglianza costo,Scauri,frazione,core,commerciale,Pagina servizio x citta,"Confronto costi, medio intento",,,,
4,Elettricisti,7,videosorveglianza prezzi Formia,videosorveglianza prezzi,Formia,comune,core,commerciale,Pagina servizio x citta,"Confronto costi, medio intento",,,,
4,Elettricisti,7,videosorveglianza prezzi Gaeta,videosorveglianza prezzi,Gaeta,comune,core,commerciale,Pagina servizio x citta,"Confronto costi, medio intento",,,,
4,Elettricisti,7,videosorveglianza prezzi Itri,videosorveglianza prezzi,Itri,comune,core,commerciale,Pagina servizio x citta,"Confronto costi, medio intento",,,,
4,Elettricisti,7,videosorveglianza prezzi Minturno,videosorveglianza prezzi,Minturno,comune,core,commerciale,Pagina servizio x citta,"Confronto costi, medio intento",,,,
4,Elettricisti,7,videosorveglianza prezzi Scauri,videosorveglianza prezzi,Scauri,frazione,core,commerciale,Pagina servizio x citta,"Confronto costi, medio intento",,,,
4,Elettricisti,7,migliore antifurto casa Formia,migliore antifurto casa,Formia,comune,core,comparativo,Pagina servizio x citta,Fase di scelta del fornitore,,,,
4,Elettricisti,7,migliore antifurto casa Gaeta,migliore antifurto casa,Gaeta,comune,core,comparativo,Pagina servizio x citta,Fase di scelta del fornitore,,,,
4,Elettricisti,7,migliore antifurto casa Itri,migliore antifurto casa,Itri,comune,core,comparativo,Pagina servizio x citta,Fase di scelta del fornitore,,,,
4,Elettricisti,7,migliore antifurto casa Minturno,migliore antifurto casa,Minturno,comune,core,comparativo,Pagina servizio x citta,Fase di scelta del fornitore,,,,
4,Elettricisti,7,migliore antifurto casa Scauri,migliore antifurto casa,Scauri,frazione,core,comparativo,Pagina servizio x citta,Fase di scelta del fornitore,,,,
4,Elettricisti,7,migliore certificazione impianto elettrico Formia,migliore certificazione impianto elettrico,Formia,comune,core,comparativo,Pagina servizio x citta,Fase di scelta del fornitore,,,,
4,Elettricisti,7,migliore certificazione impianto elettrico Gaeta,migliore certificazione impianto elettrico,Gaeta,comune,core,comparativo,Pagina servizio x citta,Fase di scelta del fornitore,,,,
4,Elettricisti,7,migliore certificazione impianto elettrico Itri,migliore certificazione impianto elettrico,Itri,comune,core,comparativo,Pagina servizio x citta,Fase di scelta del fornitore,,,,
4,Elettricisti,7,migliore certificazione impianto elettrico Minturno,migliore certificazione impianto elettrico,Minturno,comune,core,comparativo,Pagina servizio x citta,Fase di scelta del fornitore,,,,
4,Elettricisti,7,migliore certificazione impianto elettrico Scauri,migliore certificazione impianto elettrico,Scauri,frazione,core,comparativo,Pagina servizio x citta,Fase di scelta del fornitore,,,,
4,Elettricisti,7,migliore domotica Formia,migliore domotica,Formia,comune,core,comparativo,Pagina servizio x citta,Fase di scelta del fornitore,,,,
4,Elettricisti,7,migliore domotica Gaeta,migliore domotica,Gaeta,comune,core,comparativo,Pagina servizio x citta,Fase di scelta del fornitore,,,,
4,Elettricisti,7,migliore domotica Itri,migliore domotica,Itri,comune,core,comparativo,Pagina servizio x citta,Fase di scelta del fornitore,,,,
4,Elettricisti,7,migliore domotica Minturno,migliore domotica,Minturno,comune,core,comparativo,Pagina servizio x citta,Fase di scelta del fornitore,,,,
4,Elettricisti,7,migliore domotica Scauri,migliore domotica,Scauri,frazione,core,comparativo,Pagina servizio x citta,Fase di scelta del fornitore,,,,
4,Elettricisti,7,migliore elettricista Formia,migliore elettricista,Formia,comune,core,comparativo,Pagina servizio x citta,Fase di scelta del fornitore,,,,
4,Elettricisti,7,migliore elettricista Gaeta,migliore elettricista,Gaeta,comune,core,comparativo,Pagina servizio x citta,Fase di scelta del fornitore,,,,
4,Elettricisti,7,migliore elettricista Itri,migliore elettricista,Itri,comune,core,comparativo,Pagina servizio x citta,Fase di scelta del fornitore,,,,
4,Elettricisti,7,migliore elettricista Minturno,migliore elettricista,Minturno,comune,core,comparativo,Pagina servizio x citta,Fase di scelta del fornitore,,,,
4,Elettricisti,7,migliore elettricista Scauri,migliore elettricista,Scauri,frazione,core,comparativo,Pagina servizio x citta,Fase di scelta del fornitore,,,,
4,Elettricisti,7,migliore elettricista urgente Formia,migliore elettricista urgente,Formia,comune,core,comparativo,Pagina servizio x citta,Fase di scelta del fornitore,,,,
4,Elettricisti,7,migliore elettricista urgente Gaeta,migliore elettricista urgente,Gaeta,comune,core,comparativo,Pagina servizio x citta,Fase di scelta del fornitore,,,,
4,Elettricisti,7,migliore elettricista urgente Itri,migliore elettricista urgente,Itri,comune,core,comparativo,Pagina servizio x citta,Fase di scelta del fornitore,,,,
4,Elettricisti,7,migliore elettricista urgente Minturno,migliore elettricista urgente,Minturno,comune,core,comparativo,Pagina servizio x citta,Fase di scelta del fornitore,,,,
4,Elettricisti,7,migliore elettricista urgente Scauri,migliore elettricista urgente,Scauri,frazione,core,comparativo,Pagina servizio x citta,Fase di scelta del fornitore,,,,
4,Elettricisti,7,migliore impianto elettrico casa Formia,migliore impianto elettrico casa,Formia,comune,core,comparativo,Pagina servizio x citta,Fase di scelta del fornitore,,,,
4,Elettricisti,7,migliore impianto elettrico casa Gaeta,migliore impianto elettrico casa,Gaeta,comune,core,comparativo,Pagina servizio x citta,Fase di scelta del fornitore,,,,
4,Elettricisti,7,migliore impianto elettrico casa Itri,migliore impianto elettrico casa,Itri,comune,core,comparativo,Pagina servizio x citta,Fase di scelta del fornitore,,,,
4,Elettricisti,7,migliore impianto elettrico casa Minturno,migliore impianto elettrico casa,Minturno,comune,core,comparativo,Pagina servizio x citta,Fase di scelta del fornitore,,,,
4,Elettricisti,7,migliore impianto elettrico casa Scauri,migliore impianto elettrico casa,Scauri,frazione,core,comparativo,Pagina servizio x citta,Fase di scelta del fornitore,,,,
4,Elettricisti,7,migliore rifacimento impianto elettrico Formia,migliore rifacimento impianto elettrico,Formia,comune,core,comparativo,Pagina servizio x citta,Fase di scelta del fornitore,,,,
4,Elettricisti,7,migliore rifacimento impianto elettrico Gaeta,migliore rifacimento impianto elettrico,Gaeta,comune,core,comparativo,Pagina servizio x citta,Fase di scelta del fornitore,,,,
4,Elettricisti,7,migliore rifacimento impianto elettrico Itri,migliore rifacimento impianto elettrico,Itri,comune,core,comparativo,Pagina servizio x citta,Fase di scelta del fornitore,,,,
4,Elettricisti,7,migliore rifacimento impianto elettrico Minturno,migliore rifacimento impianto elettrico,Minturno,comune,core,comparativo,Pagina servizio x citta,Fase di scelta del fornitore,,,,
4,Elettricisti,7,migliore rifacimento impianto elettrico Scauri,migliore rifacimento impianto elettrico,Scauri,frazione,core,comparativo,Pagina servizio x citta,Fase di scelta del fornitore,,,,
4,Elettricisti,7,migliore videosorveglianza Formia,migliore videosorveglianza,Formia,comune,core,comparativo,Pagina servizio x citta,Fase di scelta del fornitore,,,,
4,Elettricisti,7,migliore videosorveglianza Gaeta,migliore videosorveglianza,Gaeta,comune,core,comparativo,Pagina servizio x citta,Fase di scelta del fornitore,,,,
4,Elettricisti,7,migliore videosorveglianza Itri,migliore videosorveglianza,Itri,comune,core,comparativo,Pagina servizio x citta,Fase di scelta del fornitore,,,,
4,Elettricisti,7,migliore videosorveglianza Minturno,migliore videosorveglianza,Minturno,comune,core,comparativo,Pagina servizio x citta,Fase di scelta del fornitore,,,,
4,Elettricisti,7,migliore videosorveglianza Scauri,migliore videosorveglianza,Scauri,frazione,core,comparativo,Pagina servizio x citta,Fase di scelta del fornitore,,,,
4,Elettricisti,7,antifurto casa Castelforte,antifurto casa,Castelforte,comune,espansione,core,Pagina servizio x citta,Testa: query principale della nicchia,,,,
4,Elettricisti,7,antifurto casa Fondi,antifurto casa,Fondi,comune,espansione,core,Pagina servizio x citta,Testa: query principale della nicchia,,,,
4,Elettricisti,7,antifurto casa Formia,antifurto casa,Formia,comune,core,core,Pagina servizio x citta,Testa: query principale della nicchia,,,,
4,Elettricisti,7,antifurto casa Gaeta,antifurto casa,Gaeta,comune,core,core,Pagina servizio x citta,Testa: query principale della nicchia,,,,
4,Elettricisti,7,antifurto casa Itri,antifurto casa,Itri,comune,core,core,Pagina servizio x citta,Testa: query principale della nicchia,,,,
4,Elettricisti,7,antifurto casa Minturno,antifurto casa,Minturno,comune,core,core,Pagina servizio x citta,Testa: query principale della nicchia,,,,
4,Elettricisti,7,antifurto casa Santi Cosma e Damiano,antifurto casa,Santi Cosma e Damiano,comune,espansione,core,Pagina servizio x citta,Testa: query principale della nicchia,,,,
4,Elettricisti,7,antifurto casa Scauri,antifurto casa,Scauri,frazione,core,core,Pagina servizio x citta,Testa: query principale della nicchia,,,,
4,Elettricisti,7,certificazione impianto elettrico Castelforte,certificazione impianto elettrico,Castelforte,comune,espansione,core,Pagina servizio x citta,Testa: query principale della nicchia,,,,
4,Elettricisti,7,certificazione impianto elettrico Fondi,certificazione impianto elettrico,Fondi,comune,espansione,core,Pagina servizio x citta,Testa: query principale della nicchia,,,,
4,Elettricisti,7,certificazione impianto elettrico Formia,certificazione impianto elettrico,Formia,comune,core,core,Pagina servizio x citta,Testa: query principale della nicchia,,,,
4,Elettricisti,7,certificazione impianto elettrico Gaeta,certificazione impianto elettrico,Gaeta,comune,core,core,Pagina servizio x citta,Testa: query principale della nicchia,,,,
4,Elettricisti,7,certificazione impianto elettrico Itri,certificazione impianto elettrico,Itri,comune,core,core,Pagina servizio x citta,Testa: query principale della nicchia,,,,
4,Elettricisti,7,certificazione impianto elettrico Minturno,certificazione impianto elettrico,Minturno,comune,core,core,Pagina servizio x citta,Testa: query principale della nicchia,,,,
4,Elettricisti,7,certificazione impianto elettrico Santi Cosma e Damiano,certificazione impianto elettrico,Santi Cosma e Damiano,comune,espansione,core,Pagina servizio x citta,Testa: query principale della nicchia,,,,
4,Elettricisti,7,certificazione impianto elettrico Scauri,certificazione impianto elettrico,Scauri,frazione,core,core,Pagina servizio x citta,Testa: query principale della nicchia,,,,
4,Elettricisti,7,domotica Castelforte,domotica,Castelforte,comune,espansione,core,Pagina servizio x citta,Testa: query principale della nicchia,,,,
4,Elettricisti,7,domotica Fondi,domotica,Fondi,comune,espansione,core,Pagina servizio x citta,Testa: query principale della nicchia,,,,
4,Elettricisti,7,domotica Formia,domotica,Formia,comune,core,core,Pagina servizio x citta,Testa: query principale della nicchia,,,,
4,Elettricisti,7,domotica Gaeta,domotica,Gaeta,comune,core,core,Pagina servizio x citta,Testa: query principale della nicchia,,,,
4,Elettricisti,7,domotica Itri,domotica,Itri,comune,core,core,Pagina servizio x citta,Testa: query principale della nicchia,,,,
4,Elettricisti,7,domotica Minturno,domotica,Minturno,comune,core,core,Pagina servizio x citta,Testa: query principale della nicchia,,,,
4,Elettricisti,7,domotica Santi Cosma e Damiano,domotica,Santi Cosma e Damiano,comune,espansione,core,Pagina servizio x citta,Testa: query principale della nicchia,,,,
4,Elettricisti,7,domotica Scauri,domotica,Scauri,frazione,core,core,Pagina servizio x citta,Testa: query principale della nicchia,,,,
4,Elettricisti,7,elettricista Castelforte,elettricista,Castelforte,comune,espansione,core,Pagina servizio x citta,Testa: query principale della nicchia,,,,
4,Elettricisti,7,elettricista Fondi,elettricista,Fondi,comune,espansione,core,Pagina servizio x citta,Testa: query principale della nicchia,,,,
4,Elettricisti,7,elettricista Formia,elettricista,Formia,comune,core,core,Pagina servizio x citta,Testa: query principale della nicchia,,,,
4,Elettricisti,7,elettricista Gaeta,elettricista,Gaeta,comune,core,core,Pagina servizio x citta,Testa: query principale della nicchia,,,,
4,Elettricisti,7,elettricista Itri,elettricista,Itri,comune,core,core,Pagina servizio x citta,Testa: query principale della nicchia,,,,
4,Elettricisti,7,elettricista Minturno,elettricista,Minturno,comune,core,core,Pagina servizio x citta,Testa: query principale della nicchia,,,,
4,Elettricisti,7,elettricista Santi Cosma e Damiano,elettricista,Santi Cosma e Damiano,comune,espansione,core,Pagina servizio x citta,Testa: query principale della nicchia,,,,
4,Elettricisti,7,elettricista Scauri,elettricista,Scauri,frazione,core,core,Pagina servizio x citta,Testa: query principale della nicchia,,,,
4,Elettricisti,7,elettricista urgente Castelforte,elettricista urgente,Castelforte,comune,espansione,core,Pagina servizio x citta,Testa: query principale della nicchia,,,,
4,Elettricisti,7,elettricista urgente Fondi,elettricista urgente,Fondi,comune,espansione,core,Pagina servizio x citta,Testa: query principale della nicchia,,,,
4,Elettricisti,7,elettricista urgente Santi Cosma e Damiano,elettricista urgente,Santi Cosma e Damiano,comune,espansione,core,Pagina servizio x citta,Testa: query principale della nicchia,,,,
4,Elettricisti,7,impianto elettrico casa Castelforte,impianto elettrico casa,Castelforte,comune,espansione,core,Pagina servizio x citta,Testa: query principale della nicchia,,,,
4,Elettricisti,7,impianto elettrico casa Fondi,impianto elettrico casa,Fondi,comune,espansione,core,Pagina servizio x citta,Testa: query principale della nicchia,,,,
4,Elettricisti,7,impianto elettrico casa Formia,impianto elettrico casa,Formia,comune,core,core,Pagina servizio x citta,Testa: query principale della nicchia,,,,
4,Elettricisti,7,impianto elettrico casa Gaeta,impianto elettrico casa,Gaeta,comune,core,core,Pagina servizio x citta,Testa: query principale della nicchia,,,,
4,Elettricisti,7,impianto elettrico casa Itri,impianto elettrico casa,Itri,comune,core,core,Pagina servizio x citta,Testa: query principale della nicchia,,,,
4,Elettricisti,7,impianto elettrico casa Minturno,impianto elettrico casa,Minturno,comune,core,core,Pagina servizio x citta,Testa: query principale della nicchia,,,,
4,Elettricisti,7,impianto elettrico casa Santi Cosma e Damiano,impianto elettrico casa,Santi Cosma e Damiano,comune,espansione,core,Pagina servizio x citta,Testa: query principale della nicchia,,,,
4,Elettricisti,7,impianto elettrico casa Scauri,impianto elettrico casa,Scauri,frazione,core,core,Pagina servizio x citta,Testa: query principale della nicchia,,,,
4,Elettricisti,7,rifacimento impianto elettrico Castelforte,rifacimento impianto elettrico,Castelforte,comune,espansione,core,Pagina servizio x citta,Testa: query principale della nicchia,,,,
4,Elettricisti,7,rifacimento impianto elettrico Fondi,rifacimento impianto elettrico,Fondi,comune,espansione,core,Pagina servizio x citta,Testa: query principale della nicchia,,,,
4,Elettricisti,7,rifacimento impianto elettrico Formia,rifacimento impianto elettrico,Formia,comune,core,core,Pagina servizio x citta,Testa: query principale della nicchia,,,,
4,Elettricisti,7,rifacimento impianto elettrico Gaeta,rifacimento impianto elettrico,Gaeta,comune,core,core,Pagina servizio x citta,Testa: query principale della nicchia,,,,
4,Elettricisti,7,rifacimento impianto elettrico Itri,rifacimento impianto elettrico,Itri,comune,core,core,Pagina servizio x citta,Testa: query principale della nicchia,,,,
4,Elettricisti,7,rifacimento impianto elettrico Minturno,rifacimento impianto elettrico,Minturno,comune,core,core,Pagina servizio x citta,Testa: query principale della nicchia,,,,
4,Elettricisti,7,rifacimento impianto elettrico Santi Cosma e Damiano,rifacimento impianto elettrico,Santi Cosma e Damiano,comune,espansione,core,Pagina servizio x citta,Testa: query principale della nicchia,,,,
4,Elettricisti,7,rifacimento impianto elettrico Scauri,rifacimento impianto elettrico,Scauri,frazione,core,core,Pagina servizio x citta,Testa: query principale della nicchia,,,,
4,Elettricisti,7,videosorveglianza Castelforte,videosorveglianza,Castelforte,comune,espansione,core,Pagina servizio x citta,Testa: query principale della nicchia,,,,
4,Elettricisti,7,videosorveglianza Fondi,videosorveglianza,Fondi,comune,espansione,core,Pagina servizio x citta,Testa: query principale della nicchia,,,,
4,Elettricisti,7,videosorveglianza Formia,videosorveglianza,Formia,comune,core,core,Pagina servizio x citta,Testa: query principale della nicchia,,,,
4,Elettricisti,7,videosorveglianza Gaeta,videosorveglianza,Gaeta,comune,core,core,Pagina servizio x citta,Testa: query principale della nicchia,,,,
4,Elettricisti,7,videosorveglianza Itri,videosorveglianza,Itri,comune,core,core,Pagina servizio x citta,Testa: query principale della nicchia,,,,
4,Elettricisti,7,videosorveglianza Minturno,videosorveglianza,Minturno,comune,core,core,Pagina servizio x citta,Testa: query principale della nicchia,,,,
4,Elettricisti,7,videosorveglianza Santi Cosma e Damiano,videosorveglianza,Santi Cosma e Damiano,comune,espansione,core,Pagina servizio x citta,Testa: query principale della nicchia,,,,
4,Elettricisti,7,videosorveglianza Scauri,videosorveglianza,Scauri,frazione,core,core,Pagina servizio x citta,Testa: query principale della nicchia,,,,
4,Elettricisti,7,antifurto casa urgente Formia,antifurto casa urgente,Formia,comune,core,emergenza,Pagina servizio x citta,"Massimo intento, chiama subito",,,,
4,Elettricisti,7,antifurto casa urgente Gaeta,antifurto casa urgente,Gaeta,comune,core,emergenza,Pagina servizio x citta,"Massimo intento, chiama subito",,,,
4,Elettricisti,7,antifurto casa urgente Itri,antifurto casa urgente,Itri,comune,core,emergenza,Pagina servizio x citta,"Massimo intento, chiama subito",,,,
4,Elettricisti,7,antifurto casa urgente Minturno,antifurto casa urgente,Minturno,comune,core,emergenza,Pagina servizio x citta,"Massimo intento, chiama subito",,,,
4,Elettricisti,7,antifurto casa urgente Scauri,antifurto casa urgente,Scauri,frazione,core,emergenza,Pagina servizio x citta,"Massimo intento, chiama subito",,,,
4,Elettricisti,7,certificazione impianto elettrico urgente Formia,certificazione impianto elettrico urgente,Formia,comune,core,emergenza,Pagina servizio x citta,"Massimo intento, chiama subito",,,,
4,Elettricisti,7,certificazione impianto elettrico urgente Gaeta,certificazione impianto elettrico urgente,Gaeta,comune,core,emergenza,Pagina servizio x citta,"Massimo intento, chiama subito",,,,
4,Elettricisti,7,certificazione impianto elettrico urgente Itri,certificazione impianto elettrico urgente,Itri,comune,core,emergenza,Pagina servizio x citta,"Massimo intento, chiama subito",,,,
4,Elettricisti,7,certificazione impianto elettrico urgente Minturno,certificazione impianto elettrico urgente,Minturno,comune,core,emergenza,Pagina servizio x citta,"Massimo intento, chiama subito",,,,
4,Elettricisti,7,certificazione impianto elettrico urgente Scauri,certificazione impianto elettrico urgente,Scauri,frazione,core,emergenza,Pagina servizio x citta,"Massimo intento, chiama subito",,,,
4,Elettricisti,7,domotica urgente Formia,domotica urgente,Formia,comune,core,emergenza,Pagina servizio x citta,"Massimo intento, chiama subito",,,,
4,Elettricisti,7,domotica urgente Gaeta,domotica urgente,Gaeta,comune,core,emergenza,Pagina servizio x citta,"Massimo intento, chiama subito",,,,
4,Elettricisti,7,domotica urgente Itri,domotica urgente,Itri,comune,core,emergenza,Pagina servizio x citta,"Massimo intento, chiama subito",,,,
4,Elettricisti,7,domotica urgente Minturno,domotica urgente,Minturno,comune,core,emergenza,Pagina servizio x citta,"Massimo intento, chiama subito",,,,
4,Elettricisti,7,domotica urgente Scauri,domotica urgente,Scauri,frazione,core,emergenza,Pagina servizio x citta,"Massimo intento, chiama subito",,,,
4,Elettricisti,7,elettricista urgente Formia,elettricista urgente,Formia,comune,core,emergenza,Pagina servizio x citta,"Massimo intento, chiama subito",,,,
4,Elettricisti,7,elettricista urgente Gaeta,elettricista urgente,Gaeta,comune,core,emergenza,Pagina servizio x citta,"Massimo intento, chiama subito",,,,
4,Elettricisti,7,elettricista urgente Itri,elettricista urgente,Itri,comune,core,emergenza,Pagina servizio x citta,"Massimo intento, chiama subito",,,,
4,Elettricisti,7,elettricista urgente Minturno,elettricista urgente,Minturno,comune,core,emergenza,Pagina servizio x citta,"Massimo intento, chiama subito",,,,
4,Elettricisti,7,elettricista urgente Scauri,elettricista urgente,Scauri,frazione,core,emergenza,Pagina servizio x citta,"Massimo intento, chiama subito",,,,
4,Elettricisti,7,elettricista urgente urgente Formia,elettricista urgente urgente,Formia,comune,core,emergenza,Pagina servizio x citta,"Massimo intento, chiama subito",,,,
4,Elettricisti,7,elettricista urgente urgente Gaeta,elettricista urgente urgente,Gaeta,comune,core,emergenza,Pagina servizio x citta,"Massimo intento, chiama subito",,,,
4,Elettricisti,7,elettricista urgente urgente Itri,elettricista urgente urgente,Itri,comune,core,emergenza,Pagina servizio x citta,"Massimo intento, chiama subito",,,,
4,Elettricisti,7,elettricista urgente urgente Minturno,elettricista urgente urgente,Minturno,comune,core,emergenza,Pagina servizio x citta,"Massimo intento, chiama subito",,,,
4,Elettricisti,7,elettricista urgente urgente Scauri,elettricista urgente urgente,Scauri,frazione,core,emergenza,Pagina servizio x citta,"Massimo intento, chiama subito",,,,
4,Elettricisti,7,impianto elettrico casa urgente Formia,impianto elettrico casa urgente,Formia,comune,core,emergenza,Pagina servizio x citta,"Massimo intento, chiama subito",,,,
4,Elettricisti,7,impianto elettrico casa urgente Gaeta,impianto elettrico casa urgente,Gaeta,comune,core,emergenza,Pagina servizio x citta,"Massimo intento, chiama subito",,,,
4,Elettricisti,7,impianto elettrico casa urgente Itri,impianto elettrico casa urgente,Itri,comune,core,emergenza,Pagina servizio x citta,"Massimo intento, chiama subito",,,,
4,Elettricisti,7,impianto elettrico casa urgente Minturno,impianto elettrico casa urgente,Minturno,comune,core,emergenza,Pagina servizio x citta,"Massimo intento, chiama subito",,,,
4,Elettricisti,7,impianto elettrico casa urgente Scauri,impianto elettrico casa urgente,Scauri,frazione,core,emergenza,Pagina servizio x citta,"Massimo intento, chiama subito",,,,
4,Elettricisti,7,rifacimento impianto elettrico urgente Formia,rifacimento impianto elettrico urgente,Formia,comune,core,emergenza,Pagina servizio x citta,"Massimo intento, chiama subito",,,,
4,Elettricisti,7,rifacimento impianto elettrico urgente Gaeta,rifacimento impianto elettrico urgente,Gaeta,comune,core,emergenza,Pagina servizio x citta,"Massimo intento, chiama subito",,,,
4,Elettricisti,7,rifacimento impianto elettrico urgente Itri,rifacimento impianto elettrico urgente,Itri,comune,core,emergenza,Pagina servizio x citta,"Massimo intento, chiama subito",,,,
4,Elettricisti,7,rifacimento impianto elettrico urgente Minturno,rifacimento impianto elettrico urgente,Minturno,comune,core,emergenza,Pagina servizio x citta,"Massimo intento, chiama subito",,,,
4,Elettricisti,7,rifacimento impianto elettrico urgente Scauri,rifacimento impianto elettrico urgente,Scauri,frazione,core,emergenza,Pagina servizio x citta,"Massimo intento, chiama subito",,,,
4,Elettricisti,7,videosorveglianza urgente Formia,videosorveglianza urgente,Formia,comune,core,emergenza,Pagina servizio x citta,"Massimo intento, chiama subito",,,,
4,Elettricisti,7,videosorveglianza urgente Gaeta,videosorveglianza urgente,Gaeta,comune,core,emergenza,Pagina servizio x citta,"Massimo intento, chiama subito",,,,
4,Elettricisti,7,videosorveglianza urgente Itri,videosorveglianza urgente,Itri,comune,core,emergenza,Pagina servizio x citta,"Massimo intento, chiama subito",,,,
4,Elettricisti,7,videosorveglianza urgente Minturno,videosorveglianza urgente,Minturno,comune,core,emergenza,Pagina servizio x citta,"Massimo intento, chiama subito",,,,
4,Elettricisti,7,videosorveglianza urgente Scauri,videosorveglianza urgente,Scauri,frazione,core,emergenza,Pagina servizio x citta,"Massimo intento, chiama subito",,,,
4,Elettricisti,7,obbligo certificazione impianto elettrico,obbligo certificazione impianto elettrico,-,-,nazionale,informazionale,Articolo blog,"TOFU: traffico e autorita, non conversione diretta",,,,
4,Elettricisti,7,quanto costa rifare impianto elettrico,quanto costa rifare impianto elettrico,-,-,nazionale,informazionale,Articolo blog,"TOFU: traffico e autorita, non conversione diretta",,,,
5,Studi tecnici,6,APE attestato prestazione energetica costo Formia,APE attestato prestazione energetica costo,Formia,comune,core,commerciale,Pagina servizio x citta,"Confronto costi, medio intento",,,,
5,Studi tecnici,6,APE attestato prestazione energetica costo Gaeta,APE attestato prestazione energetica costo,Gaeta,comune,core,commerciale,Pagina servizio x citta,"Confronto costi, medio intento",,,,
5,Studi tecnici,6,APE attestato prestazione energetica costo Itri,APE attestato prestazione energetica costo,Itri,comune,core,commerciale,Pagina servizio x citta,"Confronto costi, medio intento",,,,
5,Studi tecnici,6,APE attestato prestazione energetica costo Minturno,APE attestato prestazione energetica costo,Minturno,comune,core,commerciale,Pagina servizio x citta,"Confronto costi, medio intento",,,,
5,Studi tecnici,6,APE attestato prestazione energetica costo Scauri,APE attestato prestazione energetica costo,Scauri,frazione,core,commerciale,Pagina servizio x citta,"Confronto costi, medio intento",,,,
5,Studi tecnici,6,APE attestato prestazione energetica prezzi Formia,APE attestato prestazione energetica prezzi,Formia,comune,core,commerciale,Pagina servizio x citta,"Confronto costi, medio intento",,,,
5,Studi tecnici,6,APE attestato prestazione energetica prezzi Gaeta,APE attestato prestazione energetica prezzi,Gaeta,comune,core,commerciale,Pagina servizio x citta,"Confronto costi, medio intento",,,,
5,Studi tecnici,6,APE attestato prestazione energetica prezzi Itri,APE attestato prestazione energetica prezzi,Itri,comune,core,commerciale,Pagina servizio x citta,"Confronto costi, medio intento",,,,
5,Studi tecnici,6,APE attestato prestazione energetica prezzi Minturno,APE attestato prestazione energetica prezzi,Minturno,comune,core,commerciale,Pagina servizio x citta,"Confronto costi, medio intento",,,,
5,Studi tecnici,6,APE attestato prestazione energetica prezzi Scauri,APE attestato prestazione energetica prezzi,Scauri,frazione,core,commerciale,Pagina servizio x citta,"Confronto costi, medio intento",,,,
5,Studi tecnici,6,CILA SCIA costo Formia,CILA SCIA costo,Formia,comune,core,commerciale,Pagina servizio x citta,"Confronto costi, medio intento",,,,
5,Studi tecnici,6,CILA SCIA costo Gaeta,CILA SCIA costo,Gaeta,comune,core,commerciale,Pagina servizio x citta,"Confronto costi, medio intento",,,,
5,Studi tecnici,6,CILA SCIA costo Itri,CILA SCIA costo,Itri,comune,core,commerciale,Pagina servizio x citta,"Confronto costi, medio intento",,,,
5,Studi tecnici,6,CILA SCIA costo Minturno,CILA SCIA costo,Minturno,comune,core,commerciale,Pagina servizio x citta,"Confronto costi, medio intento",,,,
5,Studi tecnici,6,CILA SCIA costo Scauri,CILA SCIA costo,Scauri,frazione,core,commerciale,Pagina servizio x citta,"Confronto costi, medio intento",,,,
5,Studi tecnici,6,CILA SCIA prezzi Formia,CILA SCIA prezzi,Formia,comune,core,commerciale,Pagina servizio x citta,"Confronto costi, medio intento",,,,
5,Studi tecnici,6,CILA SCIA prezzi Gaeta,CILA SCIA prezzi,Gaeta,comune,core,commerciale,Pagina servizio x citta,"Confronto costi, medio intento",,,,
5,Studi tecnici,6,CILA SCIA prezzi Itri,CILA SCIA prezzi,Itri,comune,core,commerciale,Pagina servizio x citta,"Confronto costi, medio intento",,,,
5,Studi tecnici,6,CILA SCIA prezzi Minturno,CILA SCIA prezzi,Minturno,comune,core,commerciale,Pagina servizio x citta,"Confronto costi, medio intento",,,,
5,Studi tecnici,6,CILA SCIA prezzi Scauri,CILA SCIA prezzi,Scauri,frazione,core,commerciale,Pagina servizio x citta,"Confronto costi, medio intento",,,,
5,Studi tecnici,6,accatastamento costo Formia,accatastamento costo,Formia,comune,core,commerciale,Pagina servizio x citta,"Confronto costi, medio intento",,,,
5,Studi tecnici,6,accatastamento costo Gaeta,accatastamento costo,Gaeta,comune,core,commerciale,Pagina servizio x citta,"Confronto costi, medio intento",,,,
5,Studi tecnici,6,accatastamento costo Itri,accatastamento costo,Itri,comune,core,commerciale,Pagina servizio x citta,"Confronto costi, medio intento",,,,
5,Studi tecnici,6,accatastamento costo Minturno,accatastamento costo,Minturno,comune,core,commerciale,Pagina servizio x citta,"Confronto costi, medio intento",,,,
5,Studi tecnici,6,accatastamento costo Scauri,accatastamento costo,Scauri,frazione,core,commerciale,Pagina servizio x citta,"Confronto costi, medio intento",,,,
5,Studi tecnici,6,accatastamento prezzi Formia,accatastamento prezzi,Formia,comune,core,commerciale,Pagina servizio x citta,"Confronto costi, medio intento",,,,
5,Studi tecnici,6,accatastamento prezzi Gaeta,accatastamento prezzi,Gaeta,comune,core,commerciale,Pagina servizio x citta,"Confronto costi, medio intento",,,,
5,Studi tecnici,6,accatastamento prezzi Itri,accatastamento prezzi,Itri,comune,core,commerciale,Pagina servizio x citta,"Confronto costi, medio intento",,,,
5,Studi tecnici,6,accatastamento prezzi Minturno,accatastamento prezzi,Minturno,comune,core,commerciale,Pagina servizio x citta,"Confronto costi, medio intento",,,,
5,Studi tecnici,6,accatastamento prezzi Scauri,accatastamento prezzi,Scauri,frazione,core,commerciale,Pagina servizio x citta,"Confronto costi, medio intento",,,,
5,Studi tecnici,6,architetto costo Formia,architetto costo,Formia,comune,core,commerciale,Pagina servizio x citta,"Confronto costi, medio intento",,,,
5,Studi tecnici,6,architetto costo Gaeta,architetto costo,Gaeta,comune,core,commerciale,Pagina servizio x citta,"Confronto costi, medio intento",,,,
5,Studi tecnici,6,architetto costo Itri,architetto costo,Itri,comune,core,commerciale,Pagina servizio x citta,"Confronto costi, medio intento",,,,
5,Studi tecnici,6,architetto costo Minturno,architetto costo,Minturno,comune,core,commerciale,Pagina servizio x citta,"Confronto costi, medio intento",,,,
5,Studi tecnici,6,architetto costo Scauri,architetto costo,Scauri,frazione,core,commerciale,Pagina servizio x citta,"Confronto costi, medio intento",,,,
5,Studi tecnici,6,architetto prezzi Formia,architetto prezzi,Formia,comune,core,commerciale,Pagina servizio x citta,"Confronto costi, medio intento",,,,
5,Studi tecnici,6,architetto prezzi Gaeta,architetto prezzi,Gaeta,comune,core,commerciale,Pagina servizio x citta,"Confronto costi, medio intento",,,,
5,Studi tecnici,6,architetto prezzi Itri,architetto prezzi,Itri,comune,core,commerciale,Pagina servizio x citta,"Confronto costi, medio intento",,,,
5,Studi tecnici,6,architetto prezzi Minturno,architetto prezzi,Minturno,comune,core,commerciale,Pagina servizio x citta,"Confronto costi, medio intento",,,,
5,Studi tecnici,6,architetto prezzi Scauri,architetto prezzi,Scauri,frazione,core,commerciale,Pagina servizio x citta,"Confronto costi, medio intento",,,,
5,Studi tecnici,6,direzione lavori costo Formia,direzione lavori costo,Formia,comune,core,commerciale,Pagina servizio x citta,"Confronto costi, medio intento",,,,
5,Studi tecnici,6,direzione lavori costo Gaeta,direzione lavori costo,Gaeta,comune,core,commerciale,Pagina servizio x citta,"Confronto costi, medio intento",,,,
5,Studi tecnici,6,direzione lavori costo Itri,direzione lavori costo,Itri,comune,core,commerciale,Pagina servizio x citta,"Confronto costi, medio intento",,,,
5,Studi tecnici,6,direzione lavori costo Minturno,direzione lavori costo,Minturno,comune,core,commerciale,Pagina servizio x citta,"Confronto costi, medio intento",,,,
5,Studi tecnici,6,direzione lavori costo Scauri,direzione lavori costo,Scauri,frazione,core,commerciale,Pagina servizio x citta,"Confronto costi, medio intento",,,,
5,Studi tecnici,6,direzione lavori prezzi Formia,direzione lavori prezzi,Formia,comune,core,commerciale,Pagina servizio x citta,"Confronto costi, medio intento",,,,
5,Studi tecnici,6,direzione lavori prezzi Gaeta,direzione lavori prezzi,Gaeta,comune,core,commerciale,Pagina servizio x citta,"Confronto costi, medio intento",,,,
5,Studi tecnici,6,direzione lavori prezzi Itri,direzione lavori prezzi,Itri,comune,core,commerciale,Pagina servizio x citta,"Confronto costi, medio intento",,,,
5,Studi tecnici,6,direzione lavori prezzi Minturno,direzione lavori prezzi,Minturno,comune,core,commerciale,Pagina servizio x citta,"Confronto costi, medio intento",,,,
5,Studi tecnici,6,direzione lavori prezzi Scauri,direzione lavori prezzi,Scauri,frazione,core,commerciale,Pagina servizio x citta,"Confronto costi, medio intento",,,,
5,Studi tecnici,6,geometra costo Formia,geometra costo,Formia,comune,core,commerciale,Pagina servizio x citta,"Confronto costi, medio intento",,,,
5,Studi tecnici,6,geometra costo Gaeta,geometra costo,Gaeta,comune,core,commerciale,Pagina servizio x citta,"Confronto costi, medio intento",,,,
5,Studi tecnici,6,geometra costo Itri,geometra costo,Itri,comune,core,commerciale,Pagina servizio x citta,"Confronto costi, medio intento",,,,
5,Studi tecnici,6,geometra costo Minturno,geometra costo,Minturno,comune,core,commerciale,Pagina servizio x citta,"Confronto costi, medio intento",,,,
5,Studi tecnici,6,geometra costo Scauri,geometra costo,Scauri,frazione,core,commerciale,Pagina servizio x citta,"Confronto costi, medio intento",,,,
5,Studi tecnici,6,geometra prezzi Formia,geometra prezzi,Formia,comune,core,commerciale,Pagina servizio x citta,"Confronto costi, medio intento",,,,
5,Studi tecnici,6,geometra prezzi Gaeta,geometra prezzi,Gaeta,comune,core,commerciale,Pagina servizio x citta,"Confronto costi, medio intento",,,,
5,Studi tecnici,6,geometra prezzi Itri,geometra prezzi,Itri,comune,core,commerciale,Pagina servizio x citta,"Confronto costi, medio intento",,,,
5,Studi tecnici,6,geometra prezzi Minturno,geometra prezzi,Minturno,comune,core,commerciale,Pagina servizio x citta,"Confronto costi, medio intento",,,,
5,Studi tecnici,6,geometra prezzi Scauri,geometra prezzi,Scauri,frazione,core,commerciale,Pagina servizio x citta,"Confronto costi, medio intento",,,,
5,Studi tecnici,6,perizia immobiliare costo Formia,perizia immobiliare costo,Formia,comune,core,commerciale,Pagina servizio x citta,"Confronto costi, medio intento",,,,
5,Studi tecnici,6,perizia immobiliare costo Gaeta,perizia immobiliare costo,Gaeta,comune,core,commerciale,Pagina servizio x citta,"Confronto costi, medio intento",,,,
5,Studi tecnici,6,perizia immobiliare costo Itri,perizia immobiliare costo,Itri,comune,core,commerciale,Pagina servizio x citta,"Confronto costi, medio intento",,,,
5,Studi tecnici,6,perizia immobiliare costo Minturno,perizia immobiliare costo,Minturno,comune,core,commerciale,Pagina servizio x citta,"Confronto costi, medio intento",,,,
5,Studi tecnici,6,perizia immobiliare costo Scauri,perizia immobiliare costo,Scauri,frazione,core,commerciale,Pagina servizio x citta,"Confronto costi, medio intento",,,,
5,Studi tecnici,6,perizia immobiliare prezzi Formia,perizia immobiliare prezzi,Formia,comune,core,commerciale,Pagina servizio x citta,"Confronto costi, medio intento",,,,
5,Studi tecnici,6,perizia immobiliare prezzi Gaeta,perizia immobiliare prezzi,Gaeta,comune,core,commerciale,Pagina servizio x citta,"Confronto costi, medio intento",,,,
5,Studi tecnici,6,perizia immobiliare prezzi Itri,perizia immobiliare prezzi,Itri,comune,core,commerciale,Pagina servizio x citta,"Confronto costi, medio intento",,,,
5,Studi tecnici,6,perizia immobiliare prezzi Minturno,perizia immobiliare prezzi,Minturno,comune,core,commerciale,Pagina servizio x citta,"Confronto costi, medio intento",,,,
5,Studi tecnici,6,perizia immobiliare prezzi Scauri,perizia immobiliare prezzi,Scauri,frazione,core,commerciale,Pagina servizio x citta,"Confronto costi, medio intento",,,,
5,Studi tecnici,6,pratica edilizia costo Formia,pratica edilizia costo,Formia,comune,core,commerciale,Pagina servizio x citta,"Confronto costi, medio intento",,,,
5,Studi tecnici,6,pratica edilizia costo Gaeta,pratica edilizia costo,Gaeta,comune,core,commerciale,Pagina servizio x citta,"Confronto costi, medio intento",,,,
5,Studi tecnici,6,pratica edilizia costo Itri,pratica edilizia costo,Itri,comune,core,commerciale,Pagina servizio x citta,"Confronto costi, medio intento",,,,
5,Studi tecnici,6,pratica edilizia costo Minturno,pratica edilizia costo,Minturno,comune,core,commerciale,Pagina servizio x citta,"Confronto costi, medio intento",,,,
5,Studi tecnici,6,pratica edilizia costo Scauri,pratica edilizia costo,Scauri,frazione,core,commerciale,Pagina servizio x citta,"Confronto costi, medio intento",,,,
5,Studi tecnici,6,pratica edilizia prezzi Formia,pratica edilizia prezzi,Formia,comune,core,commerciale,Pagina servizio x citta,"Confronto costi, medio intento",,,,
5,Studi tecnici,6,pratica edilizia prezzi Gaeta,pratica edilizia prezzi,Gaeta,comune,core,commerciale,Pagina servizio x citta,"Confronto costi, medio intento",,,,
5,Studi tecnici,6,pratica edilizia prezzi Itri,pratica edilizia prezzi,Itri,comune,core,commerciale,Pagina servizio x citta,"Confronto costi, medio intento",,,,
5,Studi tecnici,6,pratica edilizia prezzi Minturno,pratica edilizia prezzi,Minturno,comune,core,commerciale,Pagina servizio x citta,"Confronto costi, medio intento",,,,
5,Studi tecnici,6,pratica edilizia prezzi Scauri,pratica edilizia prezzi,Scauri,frazione,core,commerciale,Pagina servizio x citta,"Confronto costi, medio intento",,,,
5,Studi tecnici,6,preventivo APE attestato prestazione energetica Formia,preventivo APE attestato prestazione energetica,Formia,comune,core,commerciale,Pagina servizio x citta,Alto intento: sta chiedendo un prezzo,,,,
5,Studi tecnici,6,preventivo APE attestato prestazione energetica Gaeta,preventivo APE attestato prestazione energetica,Gaeta,comune,core,commerciale,Pagina servizio x citta,Alto intento: sta chiedendo un prezzo,,,,
5,Studi tecnici,6,preventivo APE attestato prestazione energetica Itri,preventivo APE attestato prestazione energetica,Itri,comune,core,commerciale,Pagina servizio x citta,Alto intento: sta chiedendo un prezzo,,,,
5,Studi tecnici,6,preventivo APE attestato prestazione energetica Minturno,preventivo APE attestato prestazione energetica,Minturno,comune,core,commerciale,Pagina servizio x citta,Alto intento: sta chiedendo un prezzo,,,,
5,Studi tecnici,6,preventivo APE attestato prestazione energetica Scauri,preventivo APE attestato prestazione energetica,Scauri,frazione,core,commerciale,Pagina servizio x citta,Alto intento: sta chiedendo un prezzo,,,,
5,Studi tecnici,6,preventivo CILA SCIA Formia,preventivo CILA SCIA,Formia,comune,core,commerciale,Pagina servizio x citta,Alto intento: sta chiedendo un prezzo,,,,
5,Studi tecnici,6,preventivo CILA SCIA Gaeta,preventivo CILA SCIA,Gaeta,comune,core,commerciale,Pagina servizio x citta,Alto intento: sta chiedendo un prezzo,,,,
5,Studi tecnici,6,preventivo CILA SCIA Itri,preventivo CILA SCIA,Itri,comune,core,commerciale,Pagina servizio x citta,Alto intento: sta chiedendo un prezzo,,,,
5,Studi tecnici,6,preventivo CILA SCIA Minturno,preventivo CILA SCIA,Minturno,comune,core,commerciale,Pagina servizio x citta,Alto intento: sta chiedendo un prezzo,,,,
5,Studi tecnici,6,preventivo CILA SCIA Scauri,preventivo CILA SCIA,Scauri,frazione,core,commerciale,Pagina servizio x citta,Alto intento: sta chiedendo un prezzo,,,,
5,Studi tecnici,6,preventivo accatastamento Formia,preventivo accatastamento,Formia,comune,core,commerciale,Pagina servizio x citta,Alto intento: sta chiedendo un prezzo,,,,
5,Studi tecnici,6,preventivo accatastamento Gaeta,preventivo accatastamento,Gaeta,comune,core,commerciale,Pagina servizio x citta,Alto intento: sta chiedendo un prezzo,,,,
5,Studi tecnici,6,preventivo accatastamento Itri,preventivo accatastamento,Itri,comune,core,commerciale,Pagina servizio x citta,Alto intento: sta chiedendo un prezzo,,,,
5,Studi tecnici,6,preventivo accatastamento Minturno,preventivo accatastamento,Minturno,comune,core,commerciale,Pagina servizio x citta,Alto intento: sta chiedendo un prezzo,,,,
5,Studi tecnici,6,preventivo accatastamento Scauri,preventivo accatastamento,Scauri,frazione,core,commerciale,Pagina servizio x citta,Alto intento: sta chiedendo un prezzo,,,,
5,Studi tecnici,6,preventivo architetto Formia,preventivo architetto,Formia,comune,core,commerciale,Pagina servizio x citta,Alto intento: sta chiedendo un prezzo,,,,
5,Studi tecnici,6,preventivo architetto Gaeta,preventivo architetto,Gaeta,comune,core,commerciale,Pagina servizio x citta,Alto intento: sta chiedendo un prezzo,,,,
5,Studi tecnici,6,preventivo architetto Itri,preventivo architetto,Itri,comune,core,commerciale,Pagina servizio x citta,Alto intento: sta chiedendo un prezzo,,,,
5,Studi tecnici,6,preventivo architetto Minturno,preventivo architetto,Minturno,comune,core,commerciale,Pagina servizio x citta,Alto intento: sta chiedendo un prezzo,,,,
5,Studi tecnici,6,preventivo architetto Scauri,preventivo architetto,Scauri,frazione,core,commerciale,Pagina servizio x citta,Alto intento: sta chiedendo un prezzo,,,,
5,Studi tecnici,6,preventivo direzione lavori Formia,preventivo direzione lavori,Formia,comune,core,commerciale,Pagina servizio x citta,Alto intento: sta chiedendo un prezzo,,,,
5,Studi tecnici,6,preventivo direzione lavori Gaeta,preventivo direzione lavori,Gaeta,comune,core,commerciale,Pagina servizio x citta,Alto intento: sta chiedendo un prezzo,,,,
5,Studi tecnici,6,preventivo direzione lavori Itri,preventivo direzione lavori,Itri,comune,core,commerciale,Pagina servizio x citta,Alto intento: sta chiedendo un prezzo,,,,
5,Studi tecnici,6,preventivo direzione lavori Minturno,preventivo direzione lavori,Minturno,comune,core,commerciale,Pagina servizio x citta,Alto intento: sta chiedendo un prezzo,,,,
5,Studi tecnici,6,preventivo direzione lavori Scauri,preventivo direzione lavori,Scauri,frazione,core,commerciale,Pagina servizio x citta,Alto intento: sta chiedendo un prezzo,,,,
5,Studi tecnici,6,preventivo geometra Formia,preventivo geometra,Formia,comune,core,commerciale,Pagina servizio x citta,Alto intento: sta chiedendo un prezzo,,,,
5,Studi tecnici,6,preventivo geometra Gaeta,preventivo geometra,Gaeta,comune,core,commerciale,Pagina servizio x citta,Alto intento: sta chiedendo un prezzo,,,,
5,Studi tecnici,6,preventivo geometra Itri,preventivo geometra,Itri,comune,core,commerciale,Pagina servizio x citta,Alto intento: sta chiedendo un prezzo,,,,
5,Studi tecnici,6,preventivo geometra Minturno,preventivo geometra,Minturno,comune,core,commerciale,Pagina servizio x citta,Alto intento: sta chiedendo un prezzo,,,,
5,Studi tecnici,6,preventivo geometra Scauri,preventivo geometra,Scauri,frazione,core,commerciale,Pagina servizio x citta,Alto intento: sta chiedendo un prezzo,,,,
5,Studi tecnici,6,preventivo perizia immobiliare Formia,preventivo perizia immobiliare,Formia,comune,core,commerciale,Pagina servizio x citta,Alto intento: sta chiedendo un prezzo,,,,
5,Studi tecnici,6,preventivo perizia immobiliare Gaeta,preventivo perizia immobiliare,Gaeta,comune,core,commerciale,Pagina servizio x citta,Alto intento: sta chiedendo un prezzo,,,,
5,Studi tecnici,6,preventivo perizia immobiliare Itri,preventivo perizia immobiliare,Itri,comune,core,commerciale,Pagina servizio x citta,Alto intento: sta chiedendo un prezzo,,,,
5,Studi tecnici,6,preventivo perizia immobiliare Minturno,preventivo perizia immobiliare,Minturno,comune,core,commerciale,Pagina servizio x citta,Alto intento: sta chiedendo un prezzo,,,,
5,Studi tecnici,6,preventivo perizia immobiliare Scauri,preventivo perizia immobiliare,Scauri,frazione,core,commerciale,Pagina servizio x citta,Alto intento: sta chiedendo un prezzo,,,,
5,Studi tecnici,6,preventivo pratica edilizia Formia,preventivo pratica edilizia,Formia,comune,core,commerciale,Pagina servizio x citta,Alto intento: sta chiedendo un prezzo,,,,
5,Studi tecnici,6,preventivo pratica edilizia Gaeta,preventivo pratica edilizia,Gaeta,comune,core,commerciale,Pagina servizio x citta,Alto intento: sta chiedendo un prezzo,,,,
5,Studi tecnici,6,preventivo pratica edilizia Itri,preventivo pratica edilizia,Itri,comune,core,commerciale,Pagina servizio x citta,Alto intento: sta chiedendo un prezzo,,,,
5,Studi tecnici,6,preventivo pratica edilizia Minturno,preventivo pratica edilizia,Minturno,comune,core,commerciale,Pagina servizio x citta,Alto intento: sta chiedendo un prezzo,,,,
5,Studi tecnici,6,preventivo pratica edilizia Scauri,preventivo pratica edilizia,Scauri,frazione,core,commerciale,Pagina servizio x citta,Alto intento: sta chiedendo un prezzo,,,,
5,Studi tecnici,6,preventivo sanatoria edilizia Formia,preventivo sanatoria edilizia,Formia,comune,core,commerciale,Pagina servizio x citta,Alto intento: sta chiedendo un prezzo,,,,
5,Studi tecnici,6,preventivo sanatoria edilizia Gaeta,preventivo sanatoria edilizia,Gaeta,comune,core,commerciale,Pagina servizio x citta,Alto intento: sta chiedendo un prezzo,,,,
5,Studi tecnici,6,preventivo sanatoria edilizia Itri,preventivo sanatoria edilizia,Itri,comune,core,commerciale,Pagina servizio x citta,Alto intento: sta chiedendo un prezzo,,,,
5,Studi tecnici,6,preventivo sanatoria edilizia Minturno,preventivo sanatoria edilizia,Minturno,comune,core,commerciale,Pagina servizio x citta,Alto intento: sta chiedendo un prezzo,,,,
5,Studi tecnici,6,preventivo sanatoria edilizia Scauri,preventivo sanatoria edilizia,Scauri,frazione,core,commerciale,Pagina servizio x citta,Alto intento: sta chiedendo un prezzo,,,,
5,Studi tecnici,6,preventivo visura catastale Formia,preventivo visura catastale,Formia,comune,core,commerciale,Pagina servizio x citta,Alto intento: sta chiedendo un prezzo,,,,
5,Studi tecnici,6,preventivo visura catastale Gaeta,preventivo visura catastale,Gaeta,comune,core,commerciale,Pagina servizio x citta,Alto intento: sta chiedendo un prezzo,,,,
5,Studi tecnici,6,preventivo visura catastale Itri,preventivo visura catastale,Itri,comune,core,commerciale,Pagina servizio x citta,Alto intento: sta chiedendo un prezzo,,,,
5,Studi tecnici,6,preventivo visura catastale Minturno,preventivo visura catastale,Minturno,comune,core,commerciale,Pagina servizio x citta,Alto intento: sta chiedendo un prezzo,,,,
5,Studi tecnici,6,preventivo visura catastale Scauri,preventivo visura catastale,Scauri,frazione,core,commerciale,Pagina servizio x citta,Alto intento: sta chiedendo un prezzo,,,,
5,Studi tecnici,6,sanatoria edilizia costo Formia,sanatoria edilizia costo,Formia,comune,core,commerciale,Pagina servizio x citta,"Confronto costi, medio intento",,,,
5,Studi tecnici,6,sanatoria edilizia costo Gaeta,sanatoria edilizia costo,Gaeta,comune,core,commerciale,Pagina servizio x citta,"Confronto costi, medio intento",,,,
5,Studi tecnici,6,sanatoria edilizia costo Itri,sanatoria edilizia costo,Itri,comune,core,commerciale,Pagina servizio x citta,"Confronto costi, medio intento",,,,
5,Studi tecnici,6,sanatoria edilizia costo Minturno,sanatoria edilizia costo,Minturno,comune,core,commerciale,Pagina servizio x citta,"Confronto costi, medio intento",,,,
5,Studi tecnici,6,sanatoria edilizia costo Scauri,sanatoria edilizia costo,Scauri,frazione,core,commerciale,Pagina servizio x citta,"Confronto costi, medio intento",,,,
5,Studi tecnici,6,sanatoria edilizia prezzi Formia,sanatoria edilizia prezzi,Formia,comune,core,commerciale,Pagina servizio x citta,"Confronto costi, medio intento",,,,
5,Studi tecnici,6,sanatoria edilizia prezzi Gaeta,sanatoria edilizia prezzi,Gaeta,comune,core,commerciale,Pagina servizio x citta,"Confronto costi, medio intento",,,,
5,Studi tecnici,6,sanatoria edilizia prezzi Itri,sanatoria edilizia prezzi,Itri,comune,core,commerciale,Pagina servizio x citta,"Confronto costi, medio intento",,,,
5,Studi tecnici,6,sanatoria edilizia prezzi Minturno,sanatoria edilizia prezzi,Minturno,comune,core,commerciale,Pagina servizio x citta,"Confronto costi, medio intento",,,,
5,Studi tecnici,6,sanatoria edilizia prezzi Scauri,sanatoria edilizia prezzi,Scauri,frazione,core,commerciale,Pagina servizio x citta,"Confronto costi, medio intento",,,,
5,Studi tecnici,6,visura catastale costo Formia,visura catastale costo,Formia,comune,core,commerciale,Pagina servizio x citta,"Confronto costi, medio intento",,,,
5,Studi tecnici,6,visura catastale costo Gaeta,visura catastale costo,Gaeta,comune,core,commerciale,Pagina servizio x citta,"Confronto costi, medio intento",,,,
5,Studi tecnici,6,visura catastale costo Itri,visura catastale costo,Itri,comune,core,commerciale,Pagina servizio x citta,"Confronto costi, medio intento",,,,
5,Studi tecnici,6,visura catastale costo Minturno,visura catastale costo,Minturno,comune,core,commerciale,Pagina servizio x citta,"Confronto costi, medio intento",,,,
5,Studi tecnici,6,visura catastale costo Scauri,visura catastale costo,Scauri,frazione,core,commerciale,Pagina servizio x citta,"Confronto costi, medio intento",,,,
5,Studi tecnici,6,visura catastale prezzi Formia,visura catastale prezzi,Formia,comune,core,commerciale,Pagina servizio x citta,"Confronto costi, medio intento",,,,
5,Studi tecnici,6,visura catastale prezzi Gaeta,visura catastale prezzi,Gaeta,comune,core,commerciale,Pagina servizio x citta,"Confronto costi, medio intento",,,,
5,Studi tecnici,6,visura catastale prezzi Itri,visura catastale prezzi,Itri,comune,core,commerciale,Pagina servizio x citta,"Confronto costi, medio intento",,,,
5,Studi tecnici,6,visura catastale prezzi Minturno,visura catastale prezzi,Minturno,comune,core,commerciale,Pagina servizio x citta,"Confronto costi, medio intento",,,,
5,Studi tecnici,6,visura catastale prezzi Scauri,visura catastale prezzi,Scauri,frazione,core,commerciale,Pagina servizio x citta,"Confronto costi, medio intento",,,,
5,Studi tecnici,6,migliore APE attestato prestazione energetica Formia,migliore APE attestato prestazione energetica,Formia,comune,core,comparativo,Pagina servizio x citta,Fase di scelta del fornitore,,,,
5,Studi tecnici,6,migliore APE attestato prestazione energetica Gaeta,migliore APE attestato prestazione energetica,Gaeta,comune,core,comparativo,Pagina servizio x citta,Fase di scelta del fornitore,,,,
5,Studi tecnici,6,migliore APE attestato prestazione energetica Itri,migliore APE attestato prestazione energetica,Itri,comune,core,comparativo,Pagina servizio x citta,Fase di scelta del fornitore,,,,
5,Studi tecnici,6,migliore APE attestato prestazione energetica Minturno,migliore APE attestato prestazione energetica,Minturno,comune,core,comparativo,Pagina servizio x citta,Fase di scelta del fornitore,,,,
5,Studi tecnici,6,migliore APE attestato prestazione energetica Scauri,migliore APE attestato prestazione energetica,Scauri,frazione,core,comparativo,Pagina servizio x citta,Fase di scelta del fornitore,,,,
5,Studi tecnici,6,migliore CILA SCIA Formia,migliore CILA SCIA,Formia,comune,core,comparativo,Pagina servizio x citta,Fase di scelta del fornitore,,,,
5,Studi tecnici,6,migliore CILA SCIA Gaeta,migliore CILA SCIA,Gaeta,comune,core,comparativo,Pagina servizio x citta,Fase di scelta del fornitore,,,,
5,Studi tecnici,6,migliore CILA SCIA Itri,migliore CILA SCIA,Itri,comune,core,comparativo,Pagina servizio x citta,Fase di scelta del fornitore,,,,
5,Studi tecnici,6,migliore CILA SCIA Minturno,migliore CILA SCIA,Minturno,comune,core,comparativo,Pagina servizio x citta,Fase di scelta del fornitore,,,,
5,Studi tecnici,6,migliore CILA SCIA Scauri,migliore CILA SCIA,Scauri,frazione,core,comparativo,Pagina servizio x citta,Fase di scelta del fornitore,,,,
5,Studi tecnici,6,migliore accatastamento Formia,migliore accatastamento,Formia,comune,core,comparativo,Pagina servizio x citta,Fase di scelta del fornitore,,,,
5,Studi tecnici,6,migliore accatastamento Gaeta,migliore accatastamento,Gaeta,comune,core,comparativo,Pagina servizio x citta,Fase di scelta del fornitore,,,,
5,Studi tecnici,6,migliore accatastamento Itri,migliore accatastamento,Itri,comune,core,comparativo,Pagina servizio x citta,Fase di scelta del fornitore,,,,
5,Studi tecnici,6,migliore accatastamento Minturno,migliore accatastamento,Minturno,comune,core,comparativo,Pagina servizio x citta,Fase di scelta del fornitore,,,,
5,Studi tecnici,6,migliore accatastamento Scauri,migliore accatastamento,Scauri,frazione,core,comparativo,Pagina servizio x citta,Fase di scelta del fornitore,,,,
5,Studi tecnici,6,migliore architetto Formia,migliore architetto,Formia,comune,core,comparativo,Pagina servizio x citta,Fase di scelta del fornitore,,,,
5,Studi tecnici,6,migliore architetto Gaeta,migliore architetto,Gaeta,comune,core,comparativo,Pagina servizio x citta,Fase di scelta del fornitore,,,,
5,Studi tecnici,6,migliore architetto Itri,migliore architetto,Itri,comune,core,comparativo,Pagina servizio x citta,Fase di scelta del fornitore,,,,
5,Studi tecnici,6,migliore architetto Minturno,migliore architetto,Minturno,comune,core,comparativo,Pagina servizio x citta,Fase di scelta del fornitore,,,,
5,Studi tecnici,6,migliore architetto Scauri,migliore architetto,Scauri,frazione,core,comparativo,Pagina servizio x citta,Fase di scelta del fornitore,,,,
5,Studi tecnici,6,migliore direzione lavori Formia,migliore direzione lavori,Formia,comune,core,comparativo,Pagina servizio x citta,Fase di scelta del fornitore,,,,
5,Studi tecnici,6,migliore direzione lavori Gaeta,migliore direzione lavori,Gaeta,comune,core,comparativo,Pagina servizio x citta,Fase di scelta del fornitore,,,,
5,Studi tecnici,6,migliore direzione lavori Itri,migliore direzione lavori,Itri,comune,core,comparativo,Pagina servizio x citta,Fase di scelta del fornitore,,,,
5,Studi tecnici,6,migliore direzione lavori Minturno,migliore direzione lavori,Minturno,comune,core,comparativo,Pagina servizio x citta,Fase di scelta del fornitore,,,,
5,Studi tecnici,6,migliore direzione lavori Scauri,migliore direzione lavori,Scauri,frazione,core,comparativo,Pagina servizio x citta,Fase di scelta del fornitore,,,,
5,Studi tecnici,6,migliore geometra Formia,migliore geometra,Formia,comune,core,comparativo,Pagina servizio x citta,Fase di scelta del fornitore,,,,
5,Studi tecnici,6,migliore geometra Gaeta,migliore geometra,Gaeta,comune,core,comparativo,Pagina servizio x citta,Fase di scelta del fornitore,,,,
5,Studi tecnici,6,migliore geometra Itri,migliore geometra,Itri,comune,core,comparativo,Pagina servizio x citta,Fase di scelta del fornitore,,,,
5,Studi tecnici,6,migliore geometra Minturno,migliore geometra,Minturno,comune,core,comparativo,Pagina servizio x citta,Fase di scelta del fornitore,,,,
5,Studi tecnici,6,migliore geometra Scauri,migliore geometra,Scauri,frazione,core,comparativo,Pagina servizio x citta,Fase di scelta del fornitore,,,,
5,Studi tecnici,6,migliore perizia immobiliare Formia,migliore perizia immobiliare,Formia,comune,core,comparativo,Pagina servizio x citta,Fase di scelta del fornitore,,,,
5,Studi tecnici,6,migliore perizia immobiliare Gaeta,migliore perizia immobiliare,Gaeta,comune,core,comparativo,Pagina servizio x citta,Fase di scelta del fornitore,,,,
5,Studi tecnici,6,migliore perizia immobiliare Itri,migliore perizia immobiliare,Itri,comune,core,comparativo,Pagina servizio x citta,Fase di scelta del fornitore,,,,
5,Studi tecnici,6,migliore perizia immobiliare Minturno,migliore perizia immobiliare,Minturno,comune,core,comparativo,Pagina servizio x citta,Fase di scelta del fornitore,,,,
5,Studi tecnici,6,migliore perizia immobiliare Scauri,migliore perizia immobiliare,Scauri,frazione,core,comparativo,Pagina servizio x citta,Fase di scelta del fornitore,,,,
5,Studi tecnici,6,migliore pratica edilizia Formia,migliore pratica edilizia,Formia,comune,core,comparativo,Pagina servizio x citta,Fase di scelta del fornitore,,,,
5,Studi tecnici,6,migliore pratica edilizia Gaeta,migliore pratica edilizia,Gaeta,comune,core,comparativo,Pagina servizio x citta,Fase di scelta del fornitore,,,,
5,Studi tecnici,6,migliore pratica edilizia Itri,migliore pratica edilizia,Itri,comune,core,comparativo,Pagina servizio x citta,Fase di scelta del fornitore,,,,
5,Studi tecnici,6,migliore pratica edilizia Minturno,migliore pratica edilizia,Minturno,comune,core,comparativo,Pagina servizio x citta,Fase di scelta del fornitore,,,,
5,Studi tecnici,6,migliore pratica edilizia Scauri,migliore pratica edilizia,Scauri,frazione,core,comparativo,Pagina servizio x citta,Fase di scelta del fornitore,,,,
5,Studi tecnici,6,migliore sanatoria edilizia Formia,migliore sanatoria edilizia,Formia,comune,core,comparativo,Pagina servizio x citta,Fase di scelta del fornitore,,,,
5,Studi tecnici,6,migliore sanatoria edilizia Gaeta,migliore sanatoria edilizia,Gaeta,comune,core,comparativo,Pagina servizio x citta,Fase di scelta del fornitore,,,,
5,Studi tecnici,6,migliore sanatoria edilizia Itri,migliore sanatoria edilizia,Itri,comune,core,comparativo,Pagina servizio x citta,Fase di scelta del fornitore,,,,
5,Studi tecnici,6,migliore sanatoria edilizia Minturno,migliore sanatoria edilizia,Minturno,comune,core,comparativo,Pagina servizio x citta,Fase di scelta del fornitore,,,,
5,Studi tecnici,6,migliore sanatoria edilizia Scauri,migliore sanatoria edilizia,Scauri,frazione,core,comparativo,Pagina servizio x citta,Fase di scelta del fornitore,,,,
5,Studi tecnici,6,migliore visura catastale Formia,migliore visura catastale,Formia,comune,core,comparativo,Pagina servizio x citta,Fase di scelta del fornitore,,,,
5,Studi tecnici,6,migliore visura catastale Gaeta,migliore visura catastale,Gaeta,comune,core,comparativo,Pagina servizio x citta,Fase di scelta del fornitore,,,,
5,Studi tecnici,6,migliore visura catastale Itri,migliore visura catastale,Itri,comune,core,comparativo,Pagina servizio x citta,Fase di scelta del fornitore,,,,
5,Studi tecnici,6,migliore visura catastale Minturno,migliore visura catastale,Minturno,comune,core,comparativo,Pagina servizio x citta,Fase di scelta del fornitore,,,,
5,Studi tecnici,6,migliore visura catastale Scauri,migliore visura catastale,Scauri,frazione,core,comparativo,Pagina servizio x citta,Fase di scelta del fornitore,,,,
5,Studi tecnici,6,APE attestato prestazione energetica Castelforte,APE attestato prestazione energetica,Castelforte,comune,espansione,core,Pagina servizio x citta,Testa: query principale della nicchia,,,,
5,Studi tecnici,6,APE attestato prestazione energetica Fondi,APE attestato prestazione energetica,Fondi,comune,espansione,core,Pagina servizio x citta,Testa: query principale della nicchia,,,,
5,Studi tecnici,6,APE attestato prestazione energetica Formia,APE attestato prestazione energetica,Formia,comune,core,core,Pagina servizio x citta,Testa: query principale della nicchia,,,,
5,Studi tecnici,6,APE attestato prestazione energetica Gaeta,APE attestato prestazione energetica,Gaeta,comune,core,core,Pagina servizio x citta,Testa: query principale della nicchia,,,,
5,Studi tecnici,6,APE attestato prestazione energetica Itri,APE attestato prestazione energetica,Itri,comune,core,core,Pagina servizio x citta,Testa: query principale della nicchia,,,,
5,Studi tecnici,6,APE attestato prestazione energetica Minturno,APE attestato prestazione energetica,Minturno,comune,core,core,Pagina servizio x citta,Testa: query principale della nicchia,,,,
5,Studi tecnici,6,APE attestato prestazione energetica Santi Cosma e Damiano,APE attestato prestazione energetica,Santi Cosma e Damiano,comune,espansione,core,Pagina servizio x citta,Testa: query principale della nicchia,,,,
5,Studi tecnici,6,APE attestato prestazione energetica Scauri,APE attestato prestazione energetica,Scauri,frazione,core,core,Pagina servizio x citta,Testa: query principale della nicchia,,,,
5,Studi tecnici,6,CILA SCIA Castelforte,CILA SCIA,Castelforte,comune,espansione,core,Pagina servizio x citta,Testa: query principale della nicchia,,,,
5,Studi tecnici,6,CILA SCIA Fondi,CILA SCIA,Fondi,comune,espansione,core,Pagina servizio x citta,Testa: query principale della nicchia,,,,
5,Studi tecnici,6,CILA SCIA Formia,CILA SCIA,Formia,comune,core,core,Pagina servizio x citta,Testa: query principale della nicchia,,,,
5,Studi tecnici,6,CILA SCIA Gaeta,CILA SCIA,Gaeta,comune,core,core,Pagina servizio x citta,Testa: query principale della nicchia,,,,
5,Studi tecnici,6,CILA SCIA Itri,CILA SCIA,Itri,comune,core,core,Pagina servizio x citta,Testa: query principale della nicchia,,,,
5,Studi tecnici,6,CILA SCIA Minturno,CILA SCIA,Minturno,comune,core,core,Pagina servizio x citta,Testa: query principale della nicchia,,,,
5,Studi tecnici,6,CILA SCIA Santi Cosma e Damiano,CILA SCIA,Santi Cosma e Damiano,comune,espansione,core,Pagina servizio x citta,Testa: query principale della nicchia,,,,
5,Studi tecnici,6,CILA SCIA Scauri,CILA SCIA,Scauri,frazione,core,core,Pagina servizio x citta,Testa: query principale della nicchia,,,,
5,Studi tecnici,6,accatastamento Castelforte,accatastamento,Castelforte,comune,espansione,core,Pagina servizio x citta,Testa: query principale della nicchia,,,,
5,Studi tecnici,6,accatastamento Fondi,accatastamento,Fondi,comune,espansione,core,Pagina servizio x citta,Testa: query principale della nicchia,,,,
5,Studi tecnici,6,accatastamento Formia,accatastamento,Formia,comune,core,core,Pagina servizio x citta,Testa: query principale della nicchia,,,,
5,Studi tecnici,6,accatastamento Gaeta,accatastamento,Gaeta,comune,core,core,Pagina servizio x citta,Testa: query principale della nicchia,,,,
5,Studi tecnici,6,accatastamento Itri,accatastamento,Itri,comune,core,core,Pagina servizio x citta,Testa: query principale della nicchia,,,,
5,Studi tecnici,6,accatastamento Minturno,accatastamento,Minturno,comune,core,core,Pagina servizio x citta,Testa: query principale della nicchia,,,,
5,Studi tecnici,6,accatastamento Santi Cosma e Damiano,accatastamento,Santi Cosma e Damiano,comune,espansione,core,Pagina servizio x citta,Testa: query principale della nicchia,,,,
5,Studi tecnici,6,accatastamento Scauri,accatastamento,Scauri,frazione,core,core,Pagina servizio x citta,Testa: query principale della nicchia,,,,
5,Studi tecnici,6,architetto Castelforte,architetto,Castelforte,comune,espansione,core,Pagina servizio x citta,Testa: query principale della nicchia,,,,
5,Studi tecnici,6,architetto Fondi,architetto,Fondi,comune,espansione,core,Pagina servizio x citta,Testa: query principale della nicchia,,,,
5,Studi tecnici,6,architetto Formia,architetto,Formia,comune,core,core,Pagina servizio x citta,Testa: query principale della nicchia,,,,
5,Studi tecnici,6,architetto Gaeta,architetto,Gaeta,comune,core,core,Pagina servizio x citta,Testa: query principale della nicchia,,,,
5,Studi tecnici,6,architetto Itri,architetto,Itri,comune,core,core,Pagina servizio x citta,Testa: query principale della nicchia,,,,
5,Studi tecnici,6,architetto Minturno,architetto,Minturno,comune,core,core,Pagina servizio x citta,Testa: query principale della nicchia,,,,
5,Studi tecnici,6,architetto Santi Cosma e Damiano,architetto,Santi Cosma e Damiano,comune,espansione,core,Pagina servizio x citta,Testa: query principale della nicchia,,,,
5,Studi tecnici,6,architetto Scauri,architetto,Scauri,frazione,core,core,Pagina servizio x citta,Testa: query principale della nicchia,,,,
5,Studi tecnici,6,direzione lavori Castelforte,direzione lavori,Castelforte,comune,espansione,core,Pagina servizio x citta,Testa: query principale della nicchia,,,,
5,Studi tecnici,6,direzione lavori Fondi,direzione lavori,Fondi,comune,espansione,core,Pagina servizio x citta,Testa: query principale della nicchia,,,,
5,Studi tecnici,6,direzione lavori Formia,direzione lavori,Formia,comune,core,core,Pagina servizio x citta,Testa: query principale della nicchia,,,,
5,Studi tecnici,6,direzione lavori Gaeta,direzione lavori,Gaeta,comune,core,core,Pagina servizio x citta,Testa: query principale della nicchia,,,,
5,Studi tecnici,6,direzione lavori Itri,direzione lavori,Itri,comune,core,core,Pagina servizio x citta,Testa: query principale della nicchia,,,,
5,Studi tecnici,6,direzione lavori Minturno,direzione lavori,Minturno,comune,core,core,Pagina servizio x citta,Testa: query principale della nicchia,,,,
5,Studi tecnici,6,direzione lavori Santi Cosma e Damiano,direzione lavori,Santi Cosma e Damiano,comune,espansione,core,Pagina servizio x citta,Testa: query principale della nicchia,,,,
5,Studi tecnici,6,direzione lavori Scauri,direzione lavori,Scauri,frazione,core,core,Pagina servizio x citta,Testa: query principale della nicchia,,,,
5,Studi tecnici,6,geometra Castelforte,geometra,Castelforte,comune,espansione,core,Pagina servizio x citta,Testa: query principale della nicchia,,,,
5,Studi tecnici,6,geometra Fondi,geometra,Fondi,comune,espansione,core,Pagina servizio x citta,Testa: query principale della nicchia,,,,
5,Studi tecnici,6,geometra Formia,geometra,Formia,comune,core,core,Pagina servizio x citta,Testa: query principale della nicchia,,,,
5,Studi tecnici,6,geometra Gaeta,geometra,Gaeta,comune,core,core,Pagina servizio x citta,Testa: query principale della nicchia,,,,
5,Studi tecnici,6,geometra Itri,geometra,Itri,comune,core,core,Pagina servizio x citta,Testa: query principale della nicchia,,,,
5,Studi tecnici,6,geometra Minturno,geometra,Minturno,comune,core,core,Pagina servizio x citta,Testa: query principale della nicchia,,,,
5,Studi tecnici,6,geometra Santi Cosma e Damiano,geometra,Santi Cosma e Damiano,comune,espansione,core,Pagina servizio x citta,Testa: query principale della nicchia,,,,
5,Studi tecnici,6,geometra Scauri,geometra,Scauri,frazione,core,core,Pagina servizio x citta,Testa: query principale della nicchia,,,,
5,Studi tecnici,6,perizia immobiliare Castelforte,perizia immobiliare,Castelforte,comune,espansione,core,Pagina servizio x citta,Testa: query principale della nicchia,,,,
5,Studi tecnici,6,perizia immobiliare Fondi,perizia immobiliare,Fondi,comune,espansione,core,Pagina servizio x citta,Testa: query principale della nicchia,,,,
5,Studi tecnici,6,perizia immobiliare Formia,perizia immobiliare,Formia,comune,core,core,Pagina servizio x citta,Testa: query principale della nicchia,,,,
5,Studi tecnici,6,perizia immobiliare Gaeta,perizia immobiliare,Gaeta,comune,core,core,Pagina servizio x citta,Testa: query principale della nicchia,,,,
5,Studi tecnici,6,perizia immobiliare Itri,perizia immobiliare,Itri,comune,core,core,Pagina servizio x citta,Testa: query principale della nicchia,,,,
5,Studi tecnici,6,perizia immobiliare Minturno,perizia immobiliare,Minturno,comune,core,core,Pagina servizio x citta,Testa: query principale della nicchia,,,,
5,Studi tecnici,6,perizia immobiliare Santi Cosma e Damiano,perizia immobiliare,Santi Cosma e Damiano,comune,espansione,core,Pagina servizio x citta,Testa: query principale della nicchia,,,,
5,Studi tecnici,6,perizia immobiliare Scauri,perizia immobiliare,Scauri,frazione,core,core,Pagina servizio x citta,Testa: query principale della nicchia,,,,
5,Studi tecnici,6,pratica edilizia Castelforte,pratica edilizia,Castelforte,comune,espansione,core,Pagina servizio x citta,Testa: query principale della nicchia,,,,
5,Studi tecnici,6,pratica edilizia Fondi,pratica edilizia,Fondi,comune,espansione,core,Pagina servizio x citta,Testa: query principale della nicchia,,,,
5,Studi tecnici,6,pratica edilizia Formia,pratica edilizia,Formia,comune,core,core,Pagina servizio x citta,Testa: query principale della nicchia,,,,
5,Studi tecnici,6,pratica edilizia Gaeta,pratica edilizia,Gaeta,comune,core,core,Pagina servizio x citta,Testa: query principale della nicchia,,,,
5,Studi tecnici,6,pratica edilizia Itri,pratica edilizia,Itri,comune,core,core,Pagina servizio x citta,Testa: query principale della nicchia,,,,
5,Studi tecnici,6,pratica edilizia Minturno,pratica edilizia,Minturno,comune,core,core,Pagina servizio x citta,Testa: query principale della nicchia,,,,
5,Studi tecnici,6,pratica edilizia Santi Cosma e Damiano,pratica edilizia,Santi Cosma e Damiano,comune,espansione,core,Pagina servizio x citta,Testa: query principale della nicchia,,,,
5,Studi tecnici,6,pratica edilizia Scauri,pratica edilizia,Scauri,frazione,core,core,Pagina servizio x citta,Testa: query principale della nicchia,,,,
5,Studi tecnici,6,sanatoria edilizia Castelforte,sanatoria edilizia,Castelforte,comune,espansione,core,Pagina servizio x citta,Testa: query principale della nicchia,,,,
5,Studi tecnici,6,sanatoria edilizia Fondi,sanatoria edilizia,Fondi,comune,espansione,core,Pagina servizio x citta,Testa: query principale della nicchia,,,,
5,Studi tecnici,6,sanatoria edilizia Formia,sanatoria edilizia,Formia,comune,core,core,Pagina servizio x citta,Testa: query principale della nicchia,,,,
5,Studi tecnici,6,sanatoria edilizia Gaeta,sanatoria edilizia,Gaeta,comune,core,core,Pagina servizio x citta,Testa: query principale della nicchia,,,,
5,Studi tecnici,6,sanatoria edilizia Itri,sanatoria edilizia,Itri,comune,core,core,Pagina servizio x citta,Testa: query principale della nicchia,,,,
5,Studi tecnici,6,sanatoria edilizia Minturno,sanatoria edilizia,Minturno,comune,core,core,Pagina servizio x citta,Testa: query principale della nicchia,,,,
5,Studi tecnici,6,sanatoria edilizia Santi Cosma e Damiano,sanatoria edilizia,Santi Cosma e Damiano,comune,espansione,core,Pagina servizio x citta,Testa: query principale della nicchia,,,,
5,Studi tecnici,6,sanatoria edilizia Scauri,sanatoria edilizia,Scauri,frazione,core,core,Pagina servizio x citta,Testa: query principale della nicchia,,,,
5,Studi tecnici,6,visura catastale Castelforte,visura catastale,Castelforte,comune,espansione,core,Pagina servizio x citta,Testa: query principale della nicchia,,,,
5,Studi tecnici,6,visura catastale Fondi,visura catastale,Fondi,comune,espansione,core,Pagina servizio x citta,Testa: query principale della nicchia,,,,
5,Studi tecnici,6,visura catastale Formia,visura catastale,Formia,comune,core,core,Pagina servizio x citta,Testa: query principale della nicchia,,,,
5,Studi tecnici,6,visura catastale Gaeta,visura catastale,Gaeta,comune,core,core,Pagina servizio x citta,Testa: query principale della nicchia,,,,
5,Studi tecnici,6,visura catastale Itri,visura catastale,Itri,comune,core,core,Pagina servizio x citta,Testa: query principale della nicchia,,,,
5,Studi tecnici,6,visura catastale Minturno,visura catastale,Minturno,comune,core,core,Pagina servizio x citta,Testa: query principale della nicchia,,,,
5,Studi tecnici,6,visura catastale Santi Cosma e Damiano,visura catastale,Santi Cosma e Damiano,comune,espansione,core,Pagina servizio x citta,Testa: query principale della nicchia,,,,
5,Studi tecnici,6,visura catastale Scauri,visura catastale,Scauri,frazione,core,core,Pagina servizio x citta,Testa: query principale della nicchia,,,,
5,Studi tecnici,6,APE attestato prestazione energetica urgente Formia,APE attestato prestazione energetica urgente,Formia,comune,core,emergenza,Pagina servizio x citta,"Massimo intento, chiama subito",,,,
5,Studi tecnici,6,APE attestato prestazione energetica urgente Gaeta,APE attestato prestazione energetica urgente,Gaeta,comune,core,emergenza,Pagina servizio x citta,"Massimo intento, chiama subito",,,,
5,Studi tecnici,6,APE attestato prestazione energetica urgente Itri,APE attestato prestazione energetica urgente,Itri,comune,core,emergenza,Pagina servizio x citta,"Massimo intento, chiama subito",,,,
5,Studi tecnici,6,APE attestato prestazione energetica urgente Minturno,APE attestato prestazione energetica urgente,Minturno,comune,core,emergenza,Pagina servizio x citta,"Massimo intento, chiama subito",,,,
5,Studi tecnici,6,APE attestato prestazione energetica urgente Scauri,APE attestato prestazione energetica urgente,Scauri,frazione,core,emergenza,Pagina servizio x citta,"Massimo intento, chiama subito",,,,
5,Studi tecnici,6,CILA SCIA urgente Formia,CILA SCIA urgente,Formia,comune,core,emergenza,Pagina servizio x citta,"Massimo intento, chiama subito",,,,
5,Studi tecnici,6,CILA SCIA urgente Gaeta,CILA SCIA urgente,Gaeta,comune,core,emergenza,Pagina servizio x citta,"Massimo intento, chiama subito",,,,
5,Studi tecnici,6,CILA SCIA urgente Itri,CILA SCIA urgente,Itri,comune,core,emergenza,Pagina servizio x citta,"Massimo intento, chiama subito",,,,
5,Studi tecnici,6,CILA SCIA urgente Minturno,CILA SCIA urgente,Minturno,comune,core,emergenza,Pagina servizio x citta,"Massimo intento, chiama subito",,,,
5,Studi tecnici,6,CILA SCIA urgente Scauri,CILA SCIA urgente,Scauri,frazione,core,emergenza,Pagina servizio x citta,"Massimo intento, chiama subito",,,,
5,Studi tecnici,6,accatastamento urgente Formia,accatastamento urgente,Formia,comune,core,emergenza,Pagina servizio x citta,"Massimo intento, chiama subito",,,,
5,Studi tecnici,6,accatastamento urgente Gaeta,accatastamento urgente,Gaeta,comune,core,emergenza,Pagina servizio x citta,"Massimo intento, chiama subito",,,,
5,Studi tecnici,6,accatastamento urgente Itri,accatastamento urgente,Itri,comune,core,emergenza,Pagina servizio x citta,"Massimo intento, chiama subito",,,,
5,Studi tecnici,6,accatastamento urgente Minturno,accatastamento urgente,Minturno,comune,core,emergenza,Pagina servizio x citta,"Massimo intento, chiama subito",,,,
5,Studi tecnici,6,accatastamento urgente Scauri,accatastamento urgente,Scauri,frazione,core,emergenza,Pagina servizio x citta,"Massimo intento, chiama subito",,,,
5,Studi tecnici,6,architetto urgente Formia,architetto urgente,Formia,comune,core,emergenza,Pagina servizio x citta,"Massimo intento, chiama subito",,,,
5,Studi tecnici,6,architetto urgente Gaeta,architetto urgente,Gaeta,comune,core,emergenza,Pagina servizio x citta,"Massimo intento, chiama subito",,,,
5,Studi tecnici,6,architetto urgente Itri,architetto urgente,Itri,comune,core,emergenza,Pagina servizio x citta,"Massimo intento, chiama subito",,,,
5,Studi tecnici,6,architetto urgente Minturno,architetto urgente,Minturno,comune,core,emergenza,Pagina servizio x citta,"Massimo intento, chiama subito",,,,
5,Studi tecnici,6,architetto urgente Scauri,architetto urgente,Scauri,frazione,core,emergenza,Pagina servizio x citta,"Massimo intento, chiama subito",,,,
5,Studi tecnici,6,direzione lavori urgente Formia,direzione lavori urgente,Formia,comune,core,emergenza,Pagina servizio x citta,"Massimo intento, chiama subito",,,,
5,Studi tecnici,6,direzione lavori urgente Gaeta,direzione lavori urgente,Gaeta,comune,core,emergenza,Pagina servizio x citta,"Massimo intento, chiama subito",,,,
5,Studi tecnici,6,direzione lavori urgente Itri,direzione lavori urgente,Itri,comune,core,emergenza,Pagina servizio x citta,"Massimo intento, chiama subito",,,,
5,Studi tecnici,6,direzione lavori urgente Minturno,direzione lavori urgente,Minturno,comune,core,emergenza,Pagina servizio x citta,"Massimo intento, chiama subito",,,,
5,Studi tecnici,6,direzione lavori urgente Scauri,direzione lavori urgente,Scauri,frazione,core,emergenza,Pagina servizio x citta,"Massimo intento, chiama subito",,,,
5,Studi tecnici,6,geometra urgente Formia,geometra urgente,Formia,comune,core,emergenza,Pagina servizio x citta,"Massimo intento, chiama subito",,,,
5,Studi tecnici,6,geometra urgente Gaeta,geometra urgente,Gaeta,comune,core,emergenza,Pagina servizio x citta,"Massimo intento, chiama subito",,,,
5,Studi tecnici,6,geometra urgente Itri,geometra urgente,Itri,comune,core,emergenza,Pagina servizio x citta,"Massimo intento, chiama subito",,,,
5,Studi tecnici,6,geometra urgente Minturno,geometra urgente,Minturno,comune,core,emergenza,Pagina servizio x citta,"Massimo intento, chiama subito",,,,
5,Studi tecnici,6,geometra urgente Scauri,geometra urgente,Scauri,frazione,core,emergenza,Pagina servizio x citta,"Massimo intento, chiama subito",,,,
5,Studi tecnici,6,perizia immobiliare urgente Formia,perizia immobiliare urgente,Formia,comune,core,emergenza,Pagina servizio x citta,"Massimo intento, chiama subito",,,,
5,Studi tecnici,6,perizia immobiliare urgente Gaeta,perizia immobiliare urgente,Gaeta,comune,core,emergenza,Pagina servizio x citta,"Massimo intento, chiama subito",,,,
5,Studi tecnici,6,perizia immobiliare urgente Itri,perizia immobiliare urgente,Itri,comune,core,emergenza,Pagina servizio x citta,"Massimo intento, chiama subito",,,,
5,Studi tecnici,6,perizia immobiliare urgente Minturno,perizia immobiliare urgente,Minturno,comune,core,emergenza,Pagina servizio x citta,"Massimo intento, chiama subito",,,,
5,Studi tecnici,6,perizia immobiliare urgente Scauri,perizia immobiliare urgente,Scauri,frazione,core,emergenza,Pagina servizio x citta,"Massimo intento, chiama subito",,,,
5,Studi tecnici,6,pratica edilizia urgente Formia,pratica edilizia urgente,Formia,comune,core,emergenza,Pagina servizio x citta,"Massimo intento, chiama subito",,,,
5,Studi tecnici,6,pratica edilizia urgente Gaeta,pratica edilizia urgente,Gaeta,comune,core,emergenza,Pagina servizio x citta,"Massimo intento, chiama subito",,,,
5,Studi tecnici,6,pratica edilizia urgente Itri,pratica edilizia urgente,Itri,comune,core,emergenza,Pagina servizio x citta,"Massimo intento, chiama subito",,,,
5,Studi tecnici,6,pratica edilizia urgente Minturno,pratica edilizia urgente,Minturno,comune,core,emergenza,Pagina servizio x citta,"Massimo intento, chiama subito",,,,
5,Studi tecnici,6,pratica edilizia urgente Scauri,pratica edilizia urgente,Scauri,frazione,core,emergenza,Pagina servizio x citta,"Massimo intento, chiama subito",,,,
5,Studi tecnici,6,sanatoria edilizia urgente Formia,sanatoria edilizia urgente,Formia,comune,core,emergenza,Pagina servizio x citta,"Massimo intento, chiama subito",,,,
5,Studi tecnici,6,sanatoria edilizia urgente Gaeta,sanatoria edilizia urgente,Gaeta,comune,core,emergenza,Pagina servizio x citta,"Massimo intento, chiama subito",,,,
5,Studi tecnici,6,sanatoria edilizia urgente Itri,sanatoria edilizia urgente,Itri,comune,core,emergenza,Pagina servizio x citta,"Massimo intento, chiama subito",,,,
5,Studi tecnici,6,sanatoria edilizia urgente Minturno,sanatoria edilizia urgente,Minturno,comune,core,emergenza,Pagina servizio x citta,"Massimo intento, chiama subito",,,,
5,Studi tecnici,6,sanatoria edilizia urgente Scauri,sanatoria edilizia urgente,Scauri,frazione,core,emergenza,Pagina servizio x citta,"Massimo intento, chiama subito",,,,
5,Studi tecnici,6,visura catastale urgente Formia,visura catastale urgente,Formia,comune,core,emergenza,Pagina servizio x citta,"Massimo intento, chiama subito",,,,
5,Studi tecnici,6,visura catastale urgente Gaeta,visura catastale urgente,Gaeta,comune,core,emergenza,Pagina servizio x citta,"Massimo intento, chiama subito",,,,
5,Studi tecnici,6,visura catastale urgente Itri,visura catastale urgente,Itri,comune,core,emergenza,Pagina servizio x citta,"Massimo intento, chiama subito",,,,
5,Studi tecnici,6,visura catastale urgente Minturno,visura catastale urgente,Minturno,comune,core,emergenza,Pagina servizio x citta,"Massimo intento, chiama subito",,,,
5,Studi tecnici,6,visura catastale urgente Scauri,visura catastale urgente,Scauri,frazione,core,emergenza,Pagina servizio x citta,"Massimo intento, chiama subito",,,,
5,Studi tecnici,6,differenza CILA e SCIA,differenza CILA e SCIA,-,-,nazionale,informazionale,Articolo blog,"TOFU: traffico e autorita, non conversione diretta",,,,
5,Studi tecnici,6,quanto costa un APE,quanto costa un APE,-,-,nazionale,informazionale,Articolo blog,"TOFU: traffico e autorita, non conversione diretta",,,,
5,Studi tecnici,6,quanto costa una sanatoria edilizia,quanto costa una sanatoria edilizia,-,-,nazionale,informazionale,Articolo blog,"TOFU: traffico e autorita, non conversione diretta",,,,
6,Serramenti e infissi,4,infissi costo Formia,infissi costo,Formia,comune,core,commerciale,Pagina servizio x citta,"Confronto costi, medio intento",,,,
6,Serramenti e infissi,4,infissi costo Gaeta,infissi costo,Gaeta,comune,core,commerciale,Pagina servizio x citta,"Confronto costi, medio intento",,,,
6,Serramenti e infissi,4,infissi costo Itri,infissi costo,Itri,comune,core,commerciale,Pagina servizio x citta,"Confronto costi, medio intento",,,,
6,Serramenti e infissi,4,infissi costo Minturno,infissi costo,Minturno,comune,core,commerciale,Pagina servizio x citta,"Confronto costi, medio intento",,,,
6,Serramenti e infissi,4,infissi costo Scauri,infissi costo,Scauri,frazione,core,commerciale,Pagina servizio x citta,"Confronto costi, medio intento",,,,
6,Serramenti e infissi,4,infissi in pvc costo Formia,infissi in pvc costo,Formia,comune,core,commerciale,Pagina servizio x citta,"Confronto costi, medio intento",,,,
6,Serramenti e infissi,4,infissi in pvc costo Gaeta,infissi in pvc costo,Gaeta,comune,core,commerciale,Pagina servizio x citta,"Confronto costi, medio intento",,,,
6,Serramenti e infissi,4,infissi in pvc costo Itri,infissi in pvc costo,Itri,comune,core,commerciale,Pagina servizio x citta,"Confronto costi, medio intento",,,,
6,Serramenti e infissi,4,infissi in pvc costo Minturno,infissi in pvc costo,Minturno,comune,core,commerciale,Pagina servizio x citta,"Confronto costi, medio intento",,,,
6,Serramenti e infissi,4,infissi in pvc costo Scauri,infissi in pvc costo,Scauri,frazione,core,commerciale,Pagina servizio x citta,"Confronto costi, medio intento",,,,
6,Serramenti e infissi,4,infissi in pvc prezzi Formia,infissi in pvc prezzi,Formia,comune,core,commerciale,Pagina servizio x citta,"Confronto costi, medio intento",,,,
6,Serramenti e infissi,4,infissi in pvc prezzi Gaeta,infissi in pvc prezzi,Gaeta,comune,core,commerciale,Pagina servizio x citta,"Confronto costi, medio intento",,,,
6,Serramenti e infissi,4,infissi in pvc prezzi Itri,infissi in pvc prezzi,Itri,comune,core,commerciale,Pagina servizio x citta,"Confronto costi, medio intento",,,,
6,Serramenti e infissi,4,infissi in pvc prezzi Minturno,infissi in pvc prezzi,Minturno,comune,core,commerciale,Pagina servizio x citta,"Confronto costi, medio intento",,,,
6,Serramenti e infissi,4,infissi in pvc prezzi Scauri,infissi in pvc prezzi,Scauri,frazione,core,commerciale,Pagina servizio x citta,"Confronto costi, medio intento",,,,
6,Serramenti e infissi,4,infissi prezzi Formia,infissi prezzi,Formia,comune,core,commerciale,Pagina servizio x citta,"Confronto costi, medio intento",,,,
6,Serramenti e infissi,4,infissi prezzi Gaeta,infissi prezzi,Gaeta,comune,core,commerciale,Pagina servizio x citta,"Confronto costi, medio intento",,,,
6,Serramenti e infissi,4,infissi prezzi Itri,infissi prezzi,Itri,comune,core,commerciale,Pagina servizio x citta,"Confronto costi, medio intento",,,,
6,Serramenti e infissi,4,infissi prezzi Minturno,infissi prezzi,Minturno,comune,core,commerciale,Pagina servizio x citta,"Confronto costi, medio intento",,,,
6,Serramenti e infissi,4,infissi prezzi Scauri,infissi prezzi,Scauri,frazione,core,commerciale,Pagina servizio x citta,"Confronto costi, medio intento",,,,
6,Serramenti e infissi,4,persiane e avvolgibili costo Formia,persiane e avvolgibili costo,Formia,comune,core,commerciale,Pagina servizio x citta,"Confronto costi, medio intento",,,,
6,Serramenti e infissi,4,persiane e avvolgibili costo Gaeta,persiane e avvolgibili costo,Gaeta,comune,core,commerciale,Pagina servizio x citta,"Confronto costi, medio intento",,,,
6,Serramenti e infissi,4,persiane e avvolgibili costo Itri,persiane e avvolgibili costo,Itri,comune,core,commerciale,Pagina servizio x citta,"Confronto costi, medio intento",,,,
6,Serramenti e infissi,4,persiane e avvolgibili costo Minturno,persiane e avvolgibili costo,Minturno,comune,core,commerciale,Pagina servizio x citta,"Confronto costi, medio intento",,,,
6,Serramenti e infissi,4,persiane e avvolgibili costo Scauri,persiane e avvolgibili costo,Scauri,frazione,core,commerciale,Pagina servizio x citta,"Confronto costi, medio intento",,,,
6,Serramenti e infissi,4,persiane e avvolgibili prezzi Formia,persiane e avvolgibili prezzi,Formia,comune,core,commerciale,Pagina servizio x citta,"Confronto costi, medio intento",,,,
6,Serramenti e infissi,4,persiane e avvolgibili prezzi Gaeta,persiane e avvolgibili prezzi,Gaeta,comune,core,commerciale,Pagina servizio x citta,"Confronto costi, medio intento",,,,
6,Serramenti e infissi,4,persiane e avvolgibili prezzi Itri,persiane e avvolgibili prezzi,Itri,comune,core,commerciale,Pagina servizio x citta,"Confronto costi, medio intento",,,,
6,Serramenti e infissi,4,persiane e avvolgibili prezzi Minturno,persiane e avvolgibili prezzi,Minturno,comune,core,commerciale,Pagina servizio x citta,"Confronto costi, medio intento",,,,
6,Serramenti e infissi,4,persiane e avvolgibili prezzi Scauri,persiane e avvolgibili prezzi,Scauri,frazione,core,commerciale,Pagina servizio x citta,"Confronto costi, medio intento",,,,
6,Serramenti e infissi,4,porta blindata costo Formia,porta blindata costo,Formia,comune,core,commerciale,Pagina servizio x citta,"Confronto costi, medio intento",,,,
6,Serramenti e infissi,4,porta blindata costo Gaeta,porta blindata costo,Gaeta,comune,core,commerciale,Pagina servizio x citta,"Confronto costi, medio intento",,,,
6,Serramenti e infissi,4,porta blindata costo Itri,porta blindata costo,Itri,comune,core,commerciale,Pagina servizio x citta,"Confronto costi, medio intento",,,,
6,Serramenti e infissi,4,porta blindata costo Minturno,porta blindata costo,Minturno,comune,core,commerciale,Pagina servizio x citta,"Confronto costi, medio intento",,,,
6,Serramenti e infissi,4,porta blindata costo Scauri,porta blindata costo,Scauri,frazione,core,commerciale,Pagina servizio x citta,"Confronto costi, medio intento",,,,
6,Serramenti e infissi,4,porta blindata prezzi Formia,porta blindata prezzi,Formia,comune,core,commerciale,Pagina servizio x citta,"Confronto costi, medio intento",,,,
6,Serramenti e infissi,4,porta blindata prezzi Gaeta,porta blindata prezzi,Gaeta,comune,core,commerciale,Pagina servizio x citta,"Confronto costi, medio intento",,,,
6,Serramenti e infissi,4,porta blindata prezzi Itri,porta blindata prezzi,Itri,comune,core,commerciale,Pagina servizio x citta,"Confronto costi, medio intento",,,,
6,Serramenti e infissi,4,porta blindata prezzi Minturno,porta blindata prezzi,Minturno,comune,core,commerciale,Pagina servizio x citta,"Confronto costi, medio intento",,,,
6,Serramenti e infissi,4,porta blindata prezzi Scauri,porta blindata prezzi,Scauri,frazione,core,commerciale,Pagina servizio x citta,"Confronto costi, medio intento",,,,
6,Serramenti e infissi,4,preventivo infissi Formia,preventivo infissi,Formia,comune,core,commerciale,Pagina servizio x citta,Alto intento: sta chiedendo un prezzo,,,,
6,Serramenti e infissi,4,preventivo infissi Gaeta,preventivo infissi,Gaeta,comune,core,commerciale,Pagina servizio x citta,Alto intento: sta chiedendo un prezzo,,,,
6,Serramenti e infissi,4,preventivo infissi Itri,preventivo infissi,Itri,comune,core,commerciale,Pagina servizio x citta,Alto intento: sta chiedendo un prezzo,,,,
6,Serramenti e infissi,4,preventivo infissi Minturno,preventivo infissi,Minturno,comune,core,commerciale,Pagina servizio x citta,Alto intento: sta chiedendo un prezzo,,,,
6,Serramenti e infissi,4,preventivo infissi Scauri,preventivo infissi,Scauri,frazione,core,commerciale,Pagina servizio x citta,Alto intento: sta chiedendo un prezzo,,,,
6,Serramenti e infissi,4,preventivo infissi costo Formia,preventivo infissi costo,Formia,comune,core,commerciale,Pagina servizio x citta,"Confronto costi, medio intento",,,,
6,Serramenti e infissi,4,preventivo infissi costo Gaeta,preventivo infissi costo,Gaeta,comune,core,commerciale,Pagina servizio x citta,"Confronto costi, medio intento",,,,
6,Serramenti e infissi,4,preventivo infissi costo Itri,preventivo infissi costo,Itri,comune,core,commerciale,Pagina servizio x citta,"Confronto costi, medio intento",,,,
6,Serramenti e infissi,4,preventivo infissi costo Minturno,preventivo infissi costo,Minturno,comune,core,commerciale,Pagina servizio x citta,"Confronto costi, medio intento",,,,
6,Serramenti e infissi,4,preventivo infissi costo Scauri,preventivo infissi costo,Scauri,frazione,core,commerciale,Pagina servizio x citta,"Confronto costi, medio intento",,,,
6,Serramenti e infissi,4,preventivo infissi in pvc Formia,preventivo infissi in pvc,Formia,comune,core,commerciale,Pagina servizio x citta,Alto intento: sta chiedendo un prezzo,,,,
6,Serramenti e infissi,4,preventivo infissi in pvc Gaeta,preventivo infissi in pvc,Gaeta,comune,core,commerciale,Pagina servizio x citta,Alto intento: sta chiedendo un prezzo,,,,
6,Serramenti e infissi,4,preventivo infissi in pvc Itri,preventivo infissi in pvc,Itri,comune,core,commerciale,Pagina servizio x citta,Alto intento: sta chiedendo un prezzo,,,,
6,Serramenti e infissi,4,preventivo infissi in pvc Minturno,preventivo infissi in pvc,Minturno,comune,core,commerciale,Pagina servizio x citta,Alto intento: sta chiedendo un prezzo,,,,
6,Serramenti e infissi,4,preventivo infissi in pvc Scauri,preventivo infissi in pvc,Scauri,frazione,core,commerciale,Pagina servizio x citta,Alto intento: sta chiedendo un prezzo,,,,
6,Serramenti e infissi,4,preventivo infissi prezzi Formia,preventivo infissi prezzi,Formia,comune,core,commerciale,Pagina servizio x citta,"Confronto costi, medio intento",,,,
6,Serramenti e infissi,4,preventivo infissi prezzi Gaeta,preventivo infissi prezzi,Gaeta,comune,core,commerciale,Pagina servizio x citta,"Confronto costi, medio intento",,,,
6,Serramenti e infissi,4,preventivo infissi prezzi Itri,preventivo infissi prezzi,Itri,comune,core,commerciale,Pagina servizio x citta,"Confronto costi, medio intento",,,,
6,Serramenti e infissi,4,preventivo infissi prezzi Minturno,preventivo infissi prezzi,Minturno,comune,core,commerciale,Pagina servizio x citta,"Confronto costi, medio intento",,,,
6,Serramenti e infissi,4,preventivo infissi prezzi Scauri,preventivo infissi prezzi,Scauri,frazione,core,commerciale,Pagina servizio x citta,"Confronto costi, medio intento",,,,
6,Serramenti e infissi,4,preventivo persiane e avvolgibili Formia,preventivo persiane e avvolgibili,Formia,comune,core,commerciale,Pagina servizio x citta,Alto intento: sta chiedendo un prezzo,,,,
6,Serramenti e infissi,4,preventivo persiane e avvolgibili Gaeta,preventivo persiane e avvolgibili,Gaeta,comune,core,commerciale,Pagina servizio x citta,Alto intento: sta chiedendo un prezzo,,,,
6,Serramenti e infissi,4,preventivo persiane e avvolgibili Itri,preventivo persiane e avvolgibili,Itri,comune,core,commerciale,Pagina servizio x citta,Alto intento: sta chiedendo un prezzo,,,,
6,Serramenti e infissi,4,preventivo persiane e avvolgibili Minturno,preventivo persiane e avvolgibili,Minturno,comune,core,commerciale,Pagina servizio x citta,Alto intento: sta chiedendo un prezzo,,,,
6,Serramenti e infissi,4,preventivo persiane e avvolgibili Scauri,preventivo persiane e avvolgibili,Scauri,frazione,core,commerciale,Pagina servizio x citta,Alto intento: sta chiedendo un prezzo,,,,
6,Serramenti e infissi,4,preventivo porta blindata Formia,preventivo porta blindata,Formia,comune,core,commerciale,Pagina servizio x citta,Alto intento: sta chiedendo un prezzo,,,,
6,Serramenti e infissi,4,preventivo porta blindata Gaeta,preventivo porta blindata,Gaeta,comune,core,commerciale,Pagina servizio x citta,Alto intento: sta chiedendo un prezzo,,,,
6,Serramenti e infissi,4,preventivo porta blindata Itri,preventivo porta blindata,Itri,comune,core,commerciale,Pagina servizio x citta,Alto intento: sta chiedendo un prezzo,,,,
6,Serramenti e infissi,4,preventivo porta blindata Minturno,preventivo porta blindata,Minturno,comune,core,commerciale,Pagina servizio x citta,Alto intento: sta chiedendo un prezzo,,,,
6,Serramenti e infissi,4,preventivo porta blindata Scauri,preventivo porta blindata,Scauri,frazione,core,commerciale,Pagina servizio x citta,Alto intento: sta chiedendo un prezzo,,,,
6,Serramenti e infissi,4,preventivo preventivo infissi Formia,preventivo preventivo infissi,Formia,comune,core,commerciale,Pagina servizio x citta,Alto intento: sta chiedendo un prezzo,,,,
6,Serramenti e infissi,4,preventivo preventivo infissi Gaeta,preventivo preventivo infissi,Gaeta,comune,core,commerciale,Pagina servizio x citta,Alto intento: sta chiedendo un prezzo,,,,
6,Serramenti e infissi,4,preventivo preventivo infissi Itri,preventivo preventivo infissi,Itri,comune,core,commerciale,Pagina servizio x citta,Alto intento: sta chiedendo un prezzo,,,,
6,Serramenti e infissi,4,preventivo preventivo infissi Minturno,preventivo preventivo infissi,Minturno,comune,core,commerciale,Pagina servizio x citta,Alto intento: sta chiedendo un prezzo,,,,
6,Serramenti e infissi,4,preventivo preventivo infissi Scauri,preventivo preventivo infissi,Scauri,frazione,core,commerciale,Pagina servizio x citta,Alto intento: sta chiedendo un prezzo,,,,
6,Serramenti e infissi,4,preventivo serramenti in alluminio Formia,preventivo serramenti in alluminio,Formia,comune,core,commerciale,Pagina servizio x citta,Alto intento: sta chiedendo un prezzo,,,,
6,Serramenti e infissi,4,preventivo serramenti in alluminio Gaeta,preventivo serramenti in alluminio,Gaeta,comune,core,commerciale,Pagina servizio x citta,Alto intento: sta chiedendo un prezzo,,,,
6,Serramenti e infissi,4,preventivo serramenti in alluminio Itri,preventivo serramenti in alluminio,Itri,comune,core,commerciale,Pagina servizio x citta,Alto intento: sta chiedendo un prezzo,,,,
6,Serramenti e infissi,4,preventivo serramenti in alluminio Minturno,preventivo serramenti in alluminio,Minturno,comune,core,commerciale,Pagina servizio x citta,Alto intento: sta chiedendo un prezzo,,,,
6,Serramenti e infissi,4,preventivo serramenti in alluminio Scauri,preventivo serramenti in alluminio,Scauri,frazione,core,commerciale,Pagina servizio x citta,Alto intento: sta chiedendo un prezzo,,,,
6,Serramenti e infissi,4,preventivo sostituzione infissi Formia,preventivo sostituzione infissi,Formia,comune,core,commerciale,Pagina servizio x citta,Alto intento: sta chiedendo un prezzo,,,,
6,Serramenti e infissi,4,preventivo sostituzione infissi Gaeta,preventivo sostituzione infissi,Gaeta,comune,core,commerciale,Pagina servizio x citta,Alto intento: sta chiedendo un prezzo,,,,
6,Serramenti e infissi,4,preventivo sostituzione infissi Itri,preventivo sostituzione infissi,Itri,comune,core,commerciale,Pagina servizio x citta,Alto intento: sta chiedendo un prezzo,,,,
6,Serramenti e infissi,4,preventivo sostituzione infissi Minturno,preventivo sostituzione infissi,Minturno,comune,core,commerciale,Pagina servizio x citta,Alto intento: sta chiedendo un prezzo,,,,
6,Serramenti e infissi,4,preventivo sostituzione infissi Scauri,preventivo sostituzione infissi,Scauri,frazione,core,commerciale,Pagina servizio x citta,Alto intento: sta chiedendo un prezzo,,,,
6,Serramenti e infissi,4,preventivo zanzariere Formia,preventivo zanzariere,Formia,comune,core,commerciale,Pagina servizio x citta,Alto intento: sta chiedendo un prezzo,,,,
6,Serramenti e infissi,4,preventivo zanzariere Gaeta,preventivo zanzariere,Gaeta,comune,core,commerciale,Pagina servizio x citta,Alto intento: sta chiedendo un prezzo,,,,
6,Serramenti e infissi,4,preventivo zanzariere Itri,preventivo zanzariere,Itri,comune,core,commerciale,Pagina servizio x citta,Alto intento: sta chiedendo un prezzo,,,,
6,Serramenti e infissi,4,preventivo zanzariere Minturno,preventivo zanzariere,Minturno,comune,core,commerciale,Pagina servizio x citta,Alto intento: sta chiedendo un prezzo,,,,
6,Serramenti e infissi,4,preventivo zanzariere Scauri,preventivo zanzariere,Scauri,frazione,core,commerciale,Pagina servizio x citta,Alto intento: sta chiedendo un prezzo,,,,
6,Serramenti e infissi,4,serramenti in alluminio costo Formia,serramenti in alluminio costo,Formia,comune,core,commerciale,Pagina servizio x citta,"Confronto costi, medio intento",,,,
6,Serramenti e infissi,4,serramenti in alluminio costo Gaeta,serramenti in alluminio costo,Gaeta,comune,core,commerciale,Pagina servizio x citta,"Confronto costi, medio intento",,,,
6,Serramenti e infissi,4,serramenti in alluminio costo Itri,serramenti in alluminio costo,Itri,comune,core,commerciale,Pagina servizio x citta,"Confronto costi, medio intento",,,,
6,Serramenti e infissi,4,serramenti in alluminio costo Minturno,serramenti in alluminio costo,Minturno,comune,core,commerciale,Pagina servizio x citta,"Confronto costi, medio intento",,,,
6,Serramenti e infissi,4,serramenti in alluminio costo Scauri,serramenti in alluminio costo,Scauri,frazione,core,commerciale,Pagina servizio x citta,"Confronto costi, medio intento",,,,
6,Serramenti e infissi,4,serramenti in alluminio prezzi Formia,serramenti in alluminio prezzi,Formia,comune,core,commerciale,Pagina servizio x citta,"Confronto costi, medio intento",,,,
6,Serramenti e infissi,4,serramenti in alluminio prezzi Gaeta,serramenti in alluminio prezzi,Gaeta,comune,core,commerciale,Pagina servizio x citta,"Confronto costi, medio intento",,,,
6,Serramenti e infissi,4,serramenti in alluminio prezzi Itri,serramenti in alluminio prezzi,Itri,comune,core,commerciale,Pagina servizio x citta,"Confronto costi, medio intento",,,,
6,Serramenti e infissi,4,serramenti in alluminio prezzi Minturno,serramenti in alluminio prezzi,Minturno,comune,core,commerciale,Pagina servizio x citta,"Confronto costi, medio intento",,,,
6,Serramenti e infissi,4,serramenti in alluminio prezzi Scauri,serramenti in alluminio prezzi,Scauri,frazione,core,commerciale,Pagina servizio x citta,"Confronto costi, medio intento",,,,
6,Serramenti e infissi,4,sostituzione infissi costo Formia,sostituzione infissi costo,Formia,comune,core,commerciale,Pagina servizio x citta,"Confronto costi, medio intento",,,,
6,Serramenti e infissi,4,sostituzione infissi costo Gaeta,sostituzione infissi costo,Gaeta,comune,core,commerciale,Pagina servizio x citta,"Confronto costi, medio intento",,,,
6,Serramenti e infissi,4,sostituzione infissi costo Itri,sostituzione infissi costo,Itri,comune,core,commerciale,Pagina servizio x citta,"Confronto costi, medio intento",,,,
6,Serramenti e infissi,4,sostituzione infissi costo Minturno,sostituzione infissi costo,Minturno,comune,core,commerciale,Pagina servizio x citta,"Confronto costi, medio intento",,,,
6,Serramenti e infissi,4,sostituzione infissi costo Scauri,sostituzione infissi costo,Scauri,frazione,core,commerciale,Pagina servizio x citta,"Confronto costi, medio intento",,,,
6,Serramenti e infissi,4,sostituzione infissi prezzi Formia,sostituzione infissi prezzi,Formia,comune,core,commerciale,Pagina servizio x citta,"Confronto costi, medio intento",,,,
6,Serramenti e infissi,4,sostituzione infissi prezzi Gaeta,sostituzione infissi prezzi,Gaeta,comune,core,commerciale,Pagina servizio x citta,"Confronto costi, medio intento",,,,
6,Serramenti e infissi,4,sostituzione infissi prezzi Itri,sostituzione infissi prezzi,Itri,comune,core,commerciale,Pagina servizio x citta,"Confronto costi, medio intento",,,,
6,Serramenti e infissi,4,sostituzione infissi prezzi Minturno,sostituzione infissi prezzi,Minturno,comune,core,commerciale,Pagina servizio x citta,"Confronto costi, medio intento",,,,
6,Serramenti e infissi,4,sostituzione infissi prezzi Scauri,sostituzione infissi prezzi,Scauri,frazione,core,commerciale,Pagina servizio x citta,"Confronto costi, medio intento",,,,
6,Serramenti e infissi,4,zanzariere costo Formia,zanzariere costo,Formia,comune,core,commerciale,Pagina servizio x citta,"Confronto costi, medio intento",,,,
6,Serramenti e infissi,4,zanzariere costo Gaeta,zanzariere costo,Gaeta,comune,core,commerciale,Pagina servizio x citta,"Confronto costi, medio intento",,,,
6,Serramenti e infissi,4,zanzariere costo Itri,zanzariere costo,Itri,comune,core,commerciale,Pagina servizio x citta,"Confronto costi, medio intento",,,,
6,Serramenti e infissi,4,zanzariere costo Minturno,zanzariere costo,Minturno,comune,core,commerciale,Pagina servizio x citta,"Confronto costi, medio intento",,,,
6,Serramenti e infissi,4,zanzariere costo Scauri,zanzariere costo,Scauri,frazione,core,commerciale,Pagina servizio x citta,"Confronto costi, medio intento",,,,
6,Serramenti e infissi,4,zanzariere prezzi Formia,zanzariere prezzi,Formia,comune,core,commerciale,Pagina servizio x citta,"Confronto costi, medio intento",,,,
6,Serramenti e infissi,4,zanzariere prezzi Gaeta,zanzariere prezzi,Gaeta,comune,core,commerciale,Pagina servizio x citta,"Confronto costi, medio intento",,,,
6,Serramenti e infissi,4,zanzariere prezzi Itri,zanzariere prezzi,Itri,comune,core,commerciale,Pagina servizio x citta,"Confronto costi, medio intento",,,,
6,Serramenti e infissi,4,zanzariere prezzi Minturno,zanzariere prezzi,Minturno,comune,core,commerciale,Pagina servizio x citta,"Confronto costi, medio intento",,,,
6,Serramenti e infissi,4,zanzariere prezzi Scauri,zanzariere prezzi,Scauri,frazione,core,commerciale,Pagina servizio x citta,"Confronto costi, medio intento",,,,
6,Serramenti e infissi,4,migliore infissi Formia,migliore infissi,Formia,comune,core,comparativo,Pagina servizio x citta,Fase di scelta del fornitore,,,,
6,Serramenti e infissi,4,migliore infissi Gaeta,migliore infissi,Gaeta,comune,core,comparativo,Pagina servizio x citta,Fase di scelta del fornitore,,,,
6,Serramenti e infissi,4,migliore infissi Itri,migliore infissi,Itri,comune,core,comparativo,Pagina servizio x citta,Fase di scelta del fornitore,,,,
6,Serramenti e infissi,4,migliore infissi Minturno,migliore infissi,Minturno,comune,core,comparativo,Pagina servizio x citta,Fase di scelta del fornitore,,,,
6,Serramenti e infissi,4,migliore infissi Scauri,migliore infissi,Scauri,frazione,core,comparativo,Pagina servizio x citta,Fase di scelta del fornitore,,,,
6,Serramenti e infissi,4,migliore infissi in pvc Formia,migliore infissi in pvc,Formia,comune,core,comparativo,Pagina servizio x citta,Fase di scelta del fornitore,,,,
6,Serramenti e infissi,4,migliore infissi in pvc Gaeta,migliore infissi in pvc,Gaeta,comune,core,comparativo,Pagina servizio x citta,Fase di scelta del fornitore,,,,
6,Serramenti e infissi,4,migliore infissi in pvc Itri,migliore infissi in pvc,Itri,comune,core,comparativo,Pagina servizio x citta,Fase di scelta del fornitore,,,,
6,Serramenti e infissi,4,migliore infissi in pvc Minturno,migliore infissi in pvc,Minturno,comune,core,comparativo,Pagina servizio x citta,Fase di scelta del fornitore,,,,
6,Serramenti e infissi,4,migliore infissi in pvc Scauri,migliore infissi in pvc,Scauri,frazione,core,comparativo,Pagina servizio x citta,Fase di scelta del fornitore,,,,
6,Serramenti e infissi,4,migliore persiane e avvolgibili Formia,migliore persiane e avvolgibili,Formia,comune,core,comparativo,Pagina servizio x citta,Fase di scelta del fornitore,,,,
6,Serramenti e infissi,4,migliore persiane e avvolgibili Gaeta,migliore persiane e avvolgibili,Gaeta,comune,core,comparativo,Pagina servizio x citta,Fase di scelta del fornitore,,,,
6,Serramenti e infissi,4,migliore persiane e avvolgibili Itri,migliore persiane e avvolgibili,Itri,comune,core,comparativo,Pagina servizio x citta,Fase di scelta del fornitore,,,,
6,Serramenti e infissi,4,migliore persiane e avvolgibili Minturno,migliore persiane e avvolgibili,Minturno,comune,core,comparativo,Pagina servizio x citta,Fase di scelta del fornitore,,,,
6,Serramenti e infissi,4,migliore persiane e avvolgibili Scauri,migliore persiane e avvolgibili,Scauri,frazione,core,comparativo,Pagina servizio x citta,Fase di scelta del fornitore,,,,
6,Serramenti e infissi,4,migliore porta blindata Formia,migliore porta blindata,Formia,comune,core,comparativo,Pagina servizio x citta,Fase di scelta del fornitore,,,,
6,Serramenti e infissi,4,migliore porta blindata Gaeta,migliore porta blindata,Gaeta,comune,core,comparativo,Pagina servizio x citta,Fase di scelta del fornitore,,,,
6,Serramenti e infissi,4,migliore porta blindata Itri,migliore porta blindata,Itri,comune,core,comparativo,Pagina servizio x citta,Fase di scelta del fornitore,,,,
6,Serramenti e infissi,4,migliore porta blindata Minturno,migliore porta blindata,Minturno,comune,core,comparativo,Pagina servizio x citta,Fase di scelta del fornitore,,,,
6,Serramenti e infissi,4,migliore porta blindata Scauri,migliore porta blindata,Scauri,frazione,core,comparativo,Pagina servizio x citta,Fase di scelta del fornitore,,,,
6,Serramenti e infissi,4,migliore preventivo infissi Formia,migliore preventivo infissi,Formia,comune,core,comparativo,Pagina servizio x citta,Fase di scelta del fornitore,,,,
6,Serramenti e infissi,4,migliore preventivo infissi Gaeta,migliore preventivo infissi,Gaeta,comune,core,comparativo,Pagina servizio x citta,Fase di scelta del fornitore,,,,
6,Serramenti e infissi,4,migliore preventivo infissi Itri,migliore preventivo infissi,Itri,comune,core,comparativo,Pagina servizio x citta,Fase di scelta del fornitore,,,,
6,Serramenti e infissi,4,migliore preventivo infissi Minturno,migliore preventivo infissi,Minturno,comune,core,comparativo,Pagina servizio x citta,Fase di scelta del fornitore,,,,
6,Serramenti e infissi,4,migliore preventivo infissi Scauri,migliore preventivo infissi,Scauri,frazione,core,comparativo,Pagina servizio x citta,Fase di scelta del fornitore,,,,
6,Serramenti e infissi,4,migliore serramenti in alluminio Formia,migliore serramenti in alluminio,Formia,comune,core,comparativo,Pagina servizio x citta,Fase di scelta del fornitore,,,,
6,Serramenti e infissi,4,migliore serramenti in alluminio Gaeta,migliore serramenti in alluminio,Gaeta,comune,core,comparativo,Pagina servizio x citta,Fase di scelta del fornitore,,,,
6,Serramenti e infissi,4,migliore serramenti in alluminio Itri,migliore serramenti in alluminio,Itri,comune,core,comparativo,Pagina servizio x citta,Fase di scelta del fornitore,,,,
6,Serramenti e infissi,4,migliore serramenti in alluminio Minturno,migliore serramenti in alluminio,Minturno,comune,core,comparativo,Pagina servizio x citta,Fase di scelta del fornitore,,,,
6,Serramenti e infissi,4,migliore serramenti in alluminio Scauri,migliore serramenti in alluminio,Scauri,frazione,core,comparativo,Pagina servizio x citta,Fase di scelta del fornitore,,,,
6,Serramenti e infissi,4,migliore sostituzione infissi Formia,migliore sostituzione infissi,Formia,comune,core,comparativo,Pagina servizio x citta,Fase di scelta del fornitore,,,,
6,Serramenti e infissi,4,migliore sostituzione infissi Gaeta,migliore sostituzione infissi,Gaeta,comune,core,comparativo,Pagina servizio x citta,Fase di scelta del fornitore,,,,
6,Serramenti e infissi,4,migliore sostituzione infissi Itri,migliore sostituzione infissi,Itri,comune,core,comparativo,Pagina servizio x citta,Fase di scelta del fornitore,,,,
6,Serramenti e infissi,4,migliore sostituzione infissi Minturno,migliore sostituzione infissi,Minturno,comune,core,comparativo,Pagina servizio x citta,Fase di scelta del fornitore,,,,
6,Serramenti e infissi,4,migliore sostituzione infissi Scauri,migliore sostituzione infissi,Scauri,frazione,core,comparativo,Pagina servizio x citta,Fase di scelta del fornitore,,,,
6,Serramenti e infissi,4,migliore zanzariere Formia,migliore zanzariere,Formia,comune,core,comparativo,Pagina servizio x citta,Fase di scelta del fornitore,,,,
6,Serramenti e infissi,4,migliore zanzariere Gaeta,migliore zanzariere,Gaeta,comune,core,comparativo,Pagina servizio x citta,Fase di scelta del fornitore,,,,
6,Serramenti e infissi,4,migliore zanzariere Itri,migliore zanzariere,Itri,comune,core,comparativo,Pagina servizio x citta,Fase di scelta del fornitore,,,,
6,Serramenti e infissi,4,migliore zanzariere Minturno,migliore zanzariere,Minturno,comune,core,comparativo,Pagina servizio x citta,Fase di scelta del fornitore,,,,
6,Serramenti e infissi,4,migliore zanzariere Scauri,migliore zanzariere,Scauri,frazione,core,comparativo,Pagina servizio x citta,Fase di scelta del fornitore,,,,
6,Serramenti e infissi,4,infissi Castelforte,infissi,Castelforte,comune,espansione,core,Pagina servizio x citta,Testa: query principale della nicchia,,,,
6,Serramenti e infissi,4,infissi Fondi,infissi,Fondi,comune,espansione,core,Pagina servizio x citta,Testa: query principale della nicchia,,,,
6,Serramenti e infissi,4,infissi Formia,infissi,Formia,comune,core,core,Pagina servizio x citta,Testa: query principale della nicchia,,,,
6,Serramenti e infissi,4,infissi Gaeta,infissi,Gaeta,comune,core,core,Pagina servizio x citta,Testa: query principale della nicchia,,,,
6,Serramenti e infissi,4,infissi Itri,infissi,Itri,comune,core,core,Pagina servizio x citta,Testa: query principale della nicchia,,,,
6,Serramenti e infissi,4,infissi Minturno,infissi,Minturno,comune,core,core,Pagina servizio x citta,Testa: query principale della nicchia,,,,
6,Serramenti e infissi,4,infissi Santi Cosma e Damiano,infissi,Santi Cosma e Damiano,comune,espansione,core,Pagina servizio x citta,Testa: query principale della nicchia,,,,
6,Serramenti e infissi,4,infissi Scauri,infissi,Scauri,frazione,core,core,Pagina servizio x citta,Testa: query principale della nicchia,,,,
6,Serramenti e infissi,4,infissi in pvc Castelforte,infissi in pvc,Castelforte,comune,espansione,core,Pagina servizio x citta,Testa: query principale della nicchia,,,,
6,Serramenti e infissi,4,infissi in pvc Fondi,infissi in pvc,Fondi,comune,espansione,core,Pagina servizio x citta,Testa: query principale della nicchia,,,,
6,Serramenti e infissi,4,infissi in pvc Formia,infissi in pvc,Formia,comune,core,core,Pagina servizio x citta,Testa: query principale della nicchia,,,,
6,Serramenti e infissi,4,infissi in pvc Gaeta,infissi in pvc,Gaeta,comune,core,core,Pagina servizio x citta,Testa: query principale della nicchia,,,,
6,Serramenti e infissi,4,infissi in pvc Itri,infissi in pvc,Itri,comune,core,core,Pagina servizio x citta,Testa: query principale della nicchia,,,,
6,Serramenti e infissi,4,infissi in pvc Minturno,infissi in pvc,Minturno,comune,core,core,Pagina servizio x citta,Testa: query principale della nicchia,,,,
6,Serramenti e infissi,4,infissi in pvc Santi Cosma e Damiano,infissi in pvc,Santi Cosma e Damiano,comune,espansione,core,Pagina servizio x citta,Testa: query principale della nicchia,,,,
6,Serramenti e infissi,4,infissi in pvc Scauri,infissi in pvc,Scauri,frazione,core,core,Pagina servizio x citta,Testa: query principale della nicchia,,,,
6,Serramenti e infissi,4,persiane e avvolgibili Castelforte,persiane e avvolgibili,Castelforte,comune,espansione,core,Pagina servizio x citta,Testa: query principale della nicchia,,,,
6,Serramenti e infissi,4,persiane e avvolgibili Fondi,persiane e avvolgibili,Fondi,comune,espansione,core,Pagina servizio x citta,Testa: query principale della nicchia,,,,
6,Serramenti e infissi,4,persiane e avvolgibili Formia,persiane e avvolgibili,Formia,comune,core,core,Pagina servizio x citta,Testa: query principale della nicchia,,,,
6,Serramenti e infissi,4,persiane e avvolgibili Gaeta,persiane e avvolgibili,Gaeta,comune,core,core,Pagina servizio x citta,Testa: query principale della nicchia,,,,
6,Serramenti e infissi,4,persiane e avvolgibili Itri,persiane e avvolgibili,Itri,comune,core,core,Pagina servizio x citta,Testa: query principale della nicchia,,,,
6,Serramenti e infissi,4,persiane e avvolgibili Minturno,persiane e avvolgibili,Minturno,comune,core,core,Pagina servizio x citta,Testa: query principale della nicchia,,,,
6,Serramenti e infissi,4,persiane e avvolgibili Santi Cosma e Damiano,persiane e avvolgibili,Santi Cosma e Damiano,comune,espansione,core,Pagina servizio x citta,Testa: query principale della nicchia,,,,
6,Serramenti e infissi,4,persiane e avvolgibili Scauri,persiane e avvolgibili,Scauri,frazione,core,core,Pagina servizio x citta,Testa: query principale della nicchia,,,,
6,Serramenti e infissi,4,porta blindata Castelforte,porta blindata,Castelforte,comune,espansione,core,Pagina servizio x citta,Testa: query principale della nicchia,,,,
6,Serramenti e infissi,4,porta blindata Fondi,porta blindata,Fondi,comune,espansione,core,Pagina servizio x citta,Testa: query principale della nicchia,,,,
6,Serramenti e infissi,4,porta blindata Formia,porta blindata,Formia,comune,core,core,Pagina servizio x citta,Testa: query principale della nicchia,,,,
6,Serramenti e infissi,4,porta blindata Gaeta,porta blindata,Gaeta,comune,core,core,Pagina servizio x citta,Testa: query principale della nicchia,,,,
6,Serramenti e infissi,4,porta blindata Itri,porta blindata,Itri,comune,core,core,Pagina servizio x citta,Testa: query principale della nicchia,,,,
6,Serramenti e infissi,4,porta blindata Minturno,porta blindata,Minturno,comune,core,core,Pagina servizio x citta,Testa: query principale della nicchia,,,,
6,Serramenti e infissi,4,porta blindata Santi Cosma e Damiano,porta blindata,Santi Cosma e Damiano,comune,espansione,core,Pagina servizio x citta,Testa: query principale della nicchia,,,,
6,Serramenti e infissi,4,porta blindata Scauri,porta blindata,Scauri,frazione,core,core,Pagina servizio x citta,Testa: query principale della nicchia,,,,
6,Serramenti e infissi,4,preventivo infissi Castelforte,preventivo infissi,Castelforte,comune,espansione,core,Pagina servizio x citta,Testa: query principale della nicchia,,,,
6,Serramenti e infissi,4,preventivo infissi Fondi,preventivo infissi,Fondi,comune,espansione,core,Pagina servizio x citta,Testa: query principale della nicchia,,,,
6,Serramenti e infissi,4,preventivo infissi Santi Cosma e Damiano,preventivo infissi,Santi Cosma e Damiano,comune,espansione,core,Pagina servizio x citta,Testa: query principale della nicchia,,,,
6,Serramenti e infissi,4,serramenti in alluminio Castelforte,serramenti in alluminio,Castelforte,comune,espansione,core,Pagina servizio x citta,Testa: query principale della nicchia,,,,
6,Serramenti e infissi,4,serramenti in alluminio Fondi,serramenti in alluminio,Fondi,comune,espansione,core,Pagina servizio x citta,Testa: query principale della nicchia,,,,
6,Serramenti e infissi,4,serramenti in alluminio Formia,serramenti in alluminio,Formia,comune,core,core,Pagina servizio x citta,Testa: query principale della nicchia,,,,
6,Serramenti e infissi,4,serramenti in alluminio Gaeta,serramenti in alluminio,Gaeta,comune,core,core,Pagina servizio x citta,Testa: query principale della nicchia,,,,
6,Serramenti e infissi,4,serramenti in alluminio Itri,serramenti in alluminio,Itri,comune,core,core,Pagina servizio x citta,Testa: query principale della nicchia,,,,
6,Serramenti e infissi,4,serramenti in alluminio Minturno,serramenti in alluminio,Minturno,comune,core,core,Pagina servizio x citta,Testa: query principale della nicchia,,,,
6,Serramenti e infissi,4,serramenti in alluminio Santi Cosma e Damiano,serramenti in alluminio,Santi Cosma e Damiano,comune,espansione,core,Pagina servizio x citta,Testa: query principale della nicchia,,,,
6,Serramenti e infissi,4,serramenti in alluminio Scauri,serramenti in alluminio,Scauri,frazione,core,core,Pagina servizio x citta,Testa: query principale della nicchia,,,,
6,Serramenti e infissi,4,sostituzione infissi Castelforte,sostituzione infissi,Castelforte,comune,espansione,core,Pagina servizio x citta,Testa: query principale della nicchia,,,,
6,Serramenti e infissi,4,sostituzione infissi Fondi,sostituzione infissi,Fondi,comune,espansione,core,Pagina servizio x citta,Testa: query principale della nicchia,,,,
6,Serramenti e infissi,4,sostituzione infissi Formia,sostituzione infissi,Formia,comune,core,core,Pagina servizio x citta,Testa: query principale della nicchia,,,,
6,Serramenti e infissi,4,sostituzione infissi Gaeta,sostituzione infissi,Gaeta,comune,core,core,Pagina servizio x citta,Testa: query principale della nicchia,,,,
6,Serramenti e infissi,4,sostituzione infissi Itri,sostituzione infissi,Itri,comune,core,core,Pagina servizio x citta,Testa: query principale della nicchia,,,,
6,Serramenti e infissi,4,sostituzione infissi Minturno,sostituzione infissi,Minturno,comune,core,core,Pagina servizio x citta,Testa: query principale della nicchia,,,,
6,Serramenti e infissi,4,sostituzione infissi Santi Cosma e Damiano,sostituzione infissi,Santi Cosma e Damiano,comune,espansione,core,Pagina servizio x citta,Testa: query principale della nicchia,,,,
6,Serramenti e infissi,4,sostituzione infissi Scauri,sostituzione infissi,Scauri,frazione,core,core,Pagina servizio x citta,Testa: query principale della nicchia,,,,
6,Serramenti e infissi,4,zanzariere Castelforte,zanzariere,Castelforte,comune,espansione,core,Pagina servizio x citta,Testa: query principale della nicchia,,,,
6,Serramenti e infissi,4,zanzariere Fondi,zanzariere,Fondi,comune,espansione,core,Pagina servizio x citta,Testa: query principale della nicchia,,,,
6,Serramenti e infissi,4,zanzariere Formia,zanzariere,Formia,comune,core,core,Pagina servizio x citta,Testa: query principale della nicchia,,,,
6,Serramenti e infissi,4,zanzariere Gaeta,zanzariere,Gaeta,comune,core,core,Pagina servizio x citta,Testa: query principale della nicchia,,,,
6,Serramenti e infissi,4,zanzariere Itri,zanzariere,Itri,comune,core,core,Pagina servizio x citta,Testa: query principale della nicchia,,,,
6,Serramenti e infissi,4,zanzariere Minturno,zanzariere,Minturno,comune,core,core,Pagina servizio x citta,Testa: query principale della nicchia,,,,
6,Serramenti e infissi,4,zanzariere Santi Cosma e Damiano,zanzariere,Santi Cosma e Damiano,comune,espansione,core,Pagina servizio x citta,Testa: query principale della nicchia,,,,
6,Serramenti e infissi,4,zanzariere Scauri,zanzariere,Scauri,frazione,core,core,Pagina servizio x citta,Testa: query principale della nicchia,,,,
6,Serramenti e infissi,4,infissi in pvc urgente Formia,infissi in pvc urgente,Formia,comune,core,emergenza,Pagina servizio x citta,"Massimo intento, chiama subito",,,,
6,Serramenti e infissi,4,infissi in pvc urgente Gaeta,infissi in pvc urgente,Gaeta,comune,core,emergenza,Pagina servizio x citta,"Massimo intento, chiama subito",,,,
6,Serramenti e infissi,4,infissi in pvc urgente Itri,infissi in pvc urgente,Itri,comune,core,emergenza,Pagina servizio x citta,"Massimo intento, chiama subito",,,,
6,Serramenti e infissi,4,infissi in pvc urgente Minturno,infissi in pvc urgente,Minturno,comune,core,emergenza,Pagina servizio x citta,"Massimo intento, chiama subito",,,,
6,Serramenti e infissi,4,infissi in pvc urgente Scauri,infissi in pvc urgente,Scauri,frazione,core,emergenza,Pagina servizio x citta,"Massimo intento, chiama subito",,,,
6,Serramenti e infissi,4,infissi urgente Formia,infissi urgente,Formia,comune,core,emergenza,Pagina servizio x citta,"Massimo intento, chiama subito",,,,
6,Serramenti e infissi,4,infissi urgente Gaeta,infissi urgente,Gaeta,comune,core,emergenza,Pagina servizio x citta,"Massimo intento, chiama subito",,,,
6,Serramenti e infissi,4,infissi urgente Itri,infissi urgente,Itri,comune,core,emergenza,Pagina servizio x citta,"Massimo intento, chiama subito",,,,
6,Serramenti e infissi,4,infissi urgente Minturno,infissi urgente,Minturno,comune,core,emergenza,Pagina servizio x citta,"Massimo intento, chiama subito",,,,
6,Serramenti e infissi,4,infissi urgente Scauri,infissi urgente,Scauri,frazione,core,emergenza,Pagina servizio x citta,"Massimo intento, chiama subito",,,,
6,Serramenti e infissi,4,persiane e avvolgibili urgente Formia,persiane e avvolgibili urgente,Formia,comune,core,emergenza,Pagina servizio x citta,"Massimo intento, chiama subito",,,,
6,Serramenti e infissi,4,persiane e avvolgibili urgente Gaeta,persiane e avvolgibili urgente,Gaeta,comune,core,emergenza,Pagina servizio x citta,"Massimo intento, chiama subito",,,,
6,Serramenti e infissi,4,persiane e avvolgibili urgente Itri,persiane e avvolgibili urgente,Itri,comune,core,emergenza,Pagina servizio x citta,"Massimo intento, chiama subito",,,,
6,Serramenti e infissi,4,persiane e avvolgibili urgente Minturno,persiane e avvolgibili urgente,Minturno,comune,core,emergenza,Pagina servizio x citta,"Massimo intento, chiama subito",,,,
6,Serramenti e infissi,4,persiane e avvolgibili urgente Scauri,persiane e avvolgibili urgente,Scauri,frazione,core,emergenza,Pagina servizio x citta,"Massimo intento, chiama subito",,,,
6,Serramenti e infissi,4,porta blindata urgente Formia,porta blindata urgente,Formia,comune,core,emergenza,Pagina servizio x citta,"Massimo intento, chiama subito",,,,
6,Serramenti e infissi,4,porta blindata urgente Gaeta,porta blindata urgente,Gaeta,comune,core,emergenza,Pagina servizio x citta,"Massimo intento, chiama subito",,,,
6,Serramenti e infissi,4,porta blindata urgente Itri,porta blindata urgente,Itri,comune,core,emergenza,Pagina servizio x citta,"Massimo intento, chiama subito",,,,
6,Serramenti e infissi,4,porta blindata urgente Minturno,porta blindata urgente,Minturno,comune,core,emergenza,Pagina servizio x citta,"Massimo intento, chiama subito",,,,
6,Serramenti e infissi,4,porta blindata urgente Scauri,porta blindata urgente,Scauri,frazione,core,emergenza,Pagina servizio x citta,"Massimo intento, chiama subito",,,,
6,Serramenti e infissi,4,preventivo infissi urgente Formia,preventivo infissi urgente,Formia,comune,core,emergenza,Pagina servizio x citta,"Massimo intento, chiama subito",,,,
6,Serramenti e infissi,4,preventivo infissi urgente Gaeta,preventivo infissi urgente,Gaeta,comune,core,emergenza,Pagina servizio x citta,"Massimo intento, chiama subito",,,,
6,Serramenti e infissi,4,preventivo infissi urgente Itri,preventivo infissi urgente,Itri,comune,core,emergenza,Pagina servizio x citta,"Massimo intento, chiama subito",,,,
6,Serramenti e infissi,4,preventivo infissi urgente Minturno,preventivo infissi urgente,Minturno,comune,core,emergenza,Pagina servizio x citta,"Massimo intento, chiama subito",,,,
6,Serramenti e infissi,4,preventivo infissi urgente Scauri,preventivo infissi urgente,Scauri,frazione,core,emergenza,Pagina servizio x citta,"Massimo intento, chiama subito",,,,
6,Serramenti e infissi,4,serramenti in alluminio urgente Formia,serramenti in alluminio urgente,Formia,comune,core,emergenza,Pagina servizio x citta,"Massimo intento, chiama subito",,,,
6,Serramenti e infissi,4,serramenti in alluminio urgente Gaeta,serramenti in alluminio urgente,Gaeta,comune,core,emergenza,Pagina servizio x citta,"Massimo intento, chiama subito",,,,
6,Serramenti e infissi,4,serramenti in alluminio urgente Itri,serramenti in alluminio urgente,Itri,comune,core,emergenza,Pagina servizio x citta,"Massimo intento, chiama subito",,,,
6,Serramenti e infissi,4,serramenti in alluminio urgente Minturno,serramenti in alluminio urgente,Minturno,comune,core,emergenza,Pagina servizio x citta,"Massimo intento, chiama subito",,,,
6,Serramenti e infissi,4,serramenti in alluminio urgente Scauri,serramenti in alluminio urgente,Scauri,frazione,core,emergenza,Pagina servizio x citta,"Massimo intento, chiama subito",,,,
6,Serramenti e infissi,4,sostituzione infissi urgente Formia,sostituzione infissi urgente,Formia,comune,core,emergenza,Pagina servizio x citta,"Massimo intento, chiama subito",,,,
6,Serramenti e infissi,4,sostituzione infissi urgente Gaeta,sostituzione infissi urgente,Gaeta,comune,core,emergenza,Pagina servizio x citta,"Massimo intento, chiama subito",,,,
6,Serramenti e infissi,4,sostituzione infissi urgente Itri,sostituzione infissi urgente,Itri,comune,core,emergenza,Pagina servizio x citta,"Massimo intento, chiama subito",,,,
6,Serramenti e infissi,4,sostituzione infissi urgente Minturno,sostituzione infissi urgente,Minturno,comune,core,emergenza,Pagina servizio x citta,"Massimo intento, chiama subito",,,,
6,Serramenti e infissi,4,sostituzione infissi urgente Scauri,sostituzione infissi urgente,Scauri,frazione,core,emergenza,Pagina servizio x citta,"Massimo intento, chiama subito",,,,
6,Serramenti e infissi,4,zanzariere urgente Formia,zanzariere urgente,Formia,comune,core,emergenza,Pagina servizio x citta,"Massimo intento, chiama subito",,,,
6,Serramenti e infissi,4,zanzariere urgente Gaeta,zanzariere urgente,Gaeta,comune,core,emergenza,Pagina servizio x citta,"Massimo intento, chiama subito",,,,
6,Serramenti e infissi,4,zanzariere urgente Itri,zanzariere urgente,Itri,comune,core,emergenza,Pagina servizio x citta,"Massimo intento, chiama subito",,,,
6,Serramenti e infissi,4,zanzariere urgente Minturno,zanzariere urgente,Minturno,comune,core,emergenza,Pagina servizio x citta,"Massimo intento, chiama subito",,,,
6,Serramenti e infissi,4,zanzariere urgente Scauri,zanzariere urgente,Scauri,frazione,core,emergenza,Pagina servizio x citta,"Massimo intento, chiama subito",,,,
6,Serramenti e infissi,4,infissi pvc o alluminio,infissi pvc o alluminio,-,-,nazionale,informazionale,Articolo blog,"TOFU: traffico e autorita, non conversione diretta",,,,
6,Serramenti e infissi,4,quanto costa cambiare gli infissi,quanto costa cambiare gli infissi,-,-,nazionale,informazionale,Articolo blog,"TOFU: traffico e autorita, non conversione diretta",,,,
