q,Name,Canonical Name,Parent ID,Country Code,Target Type,Status
1008021,Agrigento,"Agrigento,Agrigento,Sicily,Italy",9053438,IT,City,Active
1008022,Canicatti,"Canicatti,Canicatti,Sicily,Italy",9053438,IT,City,Active
1008023,Porto Empedocle,"Porto Empedocle,Porto Empedocle,Sicily,Italy",9053438,IT,City,Active
1008024,Sciacca,"Sciacca,Sciacca,Sicily,Italy",9053438,IT,City,Active
1008025,Acqui Terme,"Acqui Terme,Acqui Terme,Piedmont,Italy",9053436,IT,City,Active
1008026,Alessandria,"Alessandria,Alessandria,Piedmont,Italy",9053436,IT,City,Active
1008027,Casale Monferrato,"Casale Monferrato,Casale Monferrato,Piedmont,Italy",9053436,IT,City,Active
1008028,Novi Ligure,"Novi Ligure,Novi Ligure,Piedmont,Italy",9053436,IT,City,Active
1008029,Ovada,"Ovada,Ovada,Piedmont,Italy",9053436,IT,City,Active
1008030,Spinetta Marengo,"Spinetta Marengo,Piedmont,Italy",9053436,IT,City,Active
1008031,Tortona,"Tortona,Tortona,Piedmont,Italy",9053436,IT,City,Active
1008032,Valenza,"Valenza,Valenza,Piedmont,Italy",9053436,IT,City,Active
1008033,Ancona,"Ancona,Ancona,Marche,Italy",9053434,IT,City,Active
1008034,Camerano,"Camerano,Camerano,Marche,Italy",9053434,IT,City,Active
1008035,Castelfidardo,"Castelfidardo,Castelfidardo,Marche,Italy",9053434,IT,City,Active
1008036,Castelplanio,"Castelplanio,Castelplanio,Marche,Italy",9053434,IT,City,Active
1008037,Chiaravalle,"Chiaravalle,Chiaravalle,Marche,Italy",9053434,IT,City,Active
1008038,Fabriano,"Fabriano,Fabriano,Marche,Italy",9053434,IT,City,Active
1008039,Falconara Marittima,"Falconara Marittima,Falconara Marittima,Marche,Italy",9053434,IT,City,Active
1008040,Iesi,"Iesi,Iesi,Marche,Italy",9053434,IT,City,Active
1008041,Maiolati Spontini,"Maiolati Spontini,Maiolati Spontini,Marche,Italy",9053434,IT,City,Active
1008042,Monte San Vito,"Monte San Vito,Monte San Vito,Marche,Italy",9053434,IT,City,Active
1008043,Numana,"Numana,Numana,Marche,Italy",9053434,IT,City,Active
1008044,Osimo,"Osimo,Osimo,Marche,Italy",9053434,IT,City,Active
1008045,Polverigi,"Polverigi,Polverigi,Marche,Italy",9053434,IT,City,Active
1008046,Senigallia,"Senigallia,Senigallia,Marche,Italy",9053434,IT,City,Active
1008047,Aosta,"Aosta,Aosta,Aosta Valley,Italy",9053424,IT,City,Active
1008048,Gressan,"Gressan,Gressan,Aosta Valley,Italy",9053424,IT,City,Active
1008049,Pont-Saint-Martin,"Pont-Saint-Martin,Pont-Saint-Martin,Aosta Valley,Italy",9053424,IT,City,Active
1008050,Saint-Vincent,"Saint-Vincent,Saint-Vincent,Aosta Valley,Italy",9053424,IT,City,Active
1008051,Altidona,"Altidona,Altidona,Marche,Italy",9053434,IT,City,Active
1008052,Ascoli Piceno,"Ascoli Piceno,Ascoli Piceno,Marche,Italy",9053434,IT,City,Active
1008053,Fermo,"Fermo,Fermo,Marche,Italy",9053434,IT,City,Active
1008054,Grottammare,"Grottammare,Grottammare,Marche,Italy",9053434,IT,City,Active
1008055,Monte Giberto,"Monte Giberto,Monte Giberto,Marche,Italy",9053434,IT,City,Active
1008056,Monte San Pietrangeli,"Monte San Pietrangeli,Monte San Pietrangeli,Marche,Italy",9053434,IT,City,Active
1008057,Montegranaro,"Montegranaro,Montegranaro,Marche,Italy",9053434,IT,City,Active
1008058,Monteprandone,"Monteprandone,Monteprandone,Marche,Italy",9053434,IT,City,Active
1008059,Porto San Giorgio,"Porto San Giorgio,Porto San Giorgio,Marche,Italy",9053434,IT,City,Active
1008060,San Benedetto del Tronto,"San Benedetto del Tronto,San Benedetto del Tronto,Marche,Italy",9053434,IT,City,Active
1008061,Sant'Elpidio a Mare,"Sant'Elpidio a Mare,Sant'Elpidio a Mare,Marche,Italy",9053434,IT,City,Active
1008062,Avezzano,"Avezzano,Avezzano,Abruzzo,Italy",9053423,IT,City,Active
1008063,Carsoli,"Carsoli,Carsoli,Abruzzo,Italy",9053423,IT,City,Active
1008064,L'Aquila,"L'Aquila,L'Aquila,Abruzzo,Italy",9053423,IT,City,Active
1008065,Montereale,"Montereale,Montereale,Abruzzo,Italy",9053423,IT,City,Active
1008066,Arezzo,"Arezzo,Arezzo,Tuscany,Italy",9053440,IT,City,Active
1008067,Badia Al Pino,"Badia Al Pino,Tuscany,Italy",9053440,IT,City,Active
1008068,Bibbiena,"Bibbiena,Bibbiena,Tuscany,Italy",9053440,IT,City,Active
1008069,Cavriglia,"Cavriglia,Cavriglia,Tuscany,Italy",9053440,IT,City,Active
1008070,Civitella In Val di Chiana,"Civitella In Val di Chiana,Tuscany,Italy",9053440,IT,City,Active
1008071,Montevarchi,"Montevarchi,Montevarchi,Tuscany,Italy",9053440,IT,City,Active
1008072,Sansepolcro,"Sansepolcro,Sansepolcro,Tuscany,Italy",9053440,IT,City,Active
1008073,Asti,"Asti,Asti,Piedmont,Italy",9053436,IT,City,Active
1008074,Villafranca d'Asti,"Villafranca d'Asti,Villafranca d'Asti,Piedmont,Italy",9053436,IT,City,Active
1008075,Villanova d'Asti,"Villanova d'Asti,Villanova d'Asti,Piedmont,Italy",9053436,IT,City,Active
1008076,Atripalda,"Atripalda,Atripalda,Campania,Italy",9053428,IT,City,Active
1008077,Avellino,"Avellino,Avellino,Campania,Italy",9053428,IT,City,Active
1008078,Altamura,"Altamura,Altamura,Apulia,Italy",9053425,IT,City,Active
1008079,Andria,"Andria,Andria,Apulia,Italy",9053425,IT,City,Active
1008080,Bari,"Bari,Bari,Bari,Apulia,Italy",9053425,IT,City,Active
1008081,Barletta,"Barletta,Apulia,Italy",9053425,IT,City,Active
1008082,Bisceglie,"Bisceglie,Bisceglie,Apulia,Italy",9053425,IT,City,Active
1008083,Bitonto,"Bitonto,Bitonto,Apulia,Italy",9053425,IT,City,Active
1008084,Carbonara di Bari,"Carbonara di Bari,Apulia,Italy",9053425,IT,City,Active
1008085,Casamassima,"Casamassima,Casamassima,Apulia,Italy",9053425,IT,City,Active
1008086,Castellana Grotte,"Castellana Grotte,Apulia,Italy",9053425,IT,City,Active
1008087,Corato,"Corato,Corato,Apulia,Italy",9053425,IT,City,Active
1008088,Molfetta,"Molfetta,Molfetta,Apulia,Italy",9053425,IT,City,Active
1008089,Monopoli,"Monopoli,Monopoli,Apulia,Italy",9053425,IT,City,Active
1008090,Noci,"Noci,Noci,Apulia,Italy",9053425,IT,City,Active
1008091,Putignano,"Putignano,Putignano,Apulia,Italy",9053425,IT,City,Active
1008092,Rutigliano,"Rutigliano,Rutigliano,Apulia,Italy",9053425,IT,City,Active
1008093,Sannicandro di Bari,"Sannicandro di Bari,Sannicandro di Bari,Apulia,Italy",9053425,IT,City,Active
1008094,Santeramo in Colle,"Santeramo in Colle,Santeramo in Colle,Apulia,Italy",9053425,IT,City,Active
1008095,Terlizzi,"Terlizzi,Terlizzi,Apulia,Italy",9053425,IT,City,Active
1008096,Trani,"Trani,Trani,Apulia,Italy",9053425,IT,City,Active
1008097,Albino,"Albino,Albino,Lombardy,Italy",9053433,IT,City,Active
1008098,Alzano Lombardo,"Alzano Lombardo,Alzano Lombardo,Lombardy,Italy",9053433,IT,City,Active
1008099,Bergamo,"Bergamo,Bergamo,Lombardy,Italy",9053433,IT,City,Active
1008100,Bolgare,"Bolgare,Bolgare,Lombardy,Italy",9053433,IT,City,Active
1008101,Brembate di Sopra,"Brembate di Sopra,Brembate di Sopra,Lombardy,Italy",9053433,IT,City,Active
1008102,Calusco d'Adda,"Calusco d'Adda,Calusco d'Adda,Lombardy,Italy",9053433,IT,City,Active
1008103,Capriate San Gervasio,"Capriate San Gervasio,Capriate San Gervasio,Lombardy,Italy",9053433,IT,City,Active
1008104,Caravaggio,"Caravaggio,Caravaggio,Lombardy,Italy",9053433,IT,City,Active
1008105,Carvico,"Carvico,Carvico,Lombardy,Italy",9053433,IT,City,Active
1008106,Ciserano,"Ciserano,Ciserano,Lombardy,Italy",9053433,IT,City,Active
1008107,Curno,"Curno,Curno,Lombardy,Italy",9053433,IT,City,Active
1008108,Dalmine,"Dalmine,Dalmine,Lombardy,Italy",9053433,IT,City,Active
1008109,Fara Gera d'Adda,"Fara Gera d'Adda,Fara Gera d'Adda,Lombardy,Italy",9053433,IT,City,Active
1008110,Gorle,"Gorle,Lombardy,Italy",9053433,IT,City,Active
1008111,Grassobbio,"Grassobbio,Grassobbio,Lombardy,Italy",9053433,IT,City,Active
1008112,Grumello del Monte,"Grumello del Monte,Grumello del Monte,Lombardy,Italy",9053433,IT,City,Active
1008113,Lallio,"Lallio,Lombardy,Italy",9053433,IT,City,Active
1008114,Nembro,"Nembro,Nembro,Lombardy,Italy",9053433,IT,City,Active
1008115,Osio Sotto,"Osio Sotto,Osio Sotto,Lombardy,Italy",9053433,IT,City,Active
1008116,Ponteranica,"Ponteranica,Ponteranica,Lombardy,Italy",9053433,IT,City,Active
1008117,Presezzo,"Presezzo,Lombardy,Italy",9053433,IT,City,Active
1008118,Ranica,"Ranica,Ranica,Lombardy,Italy",9053433,IT,City,Active
1008119,Sarnico,"Sarnico,Sarnico,Lombardy,Italy",9053433,IT,City,Active
1008120,Seriate,"Seriate,Seriate,Lombardy,Italy",9053433,IT,City,Active
1008121,Torre Boldone,"Torre Boldone,Torre Boldone,Lombardy,Italy",9053433,IT,City,Active
1008122,Treviglio,"Treviglio,Treviglio,Lombardy,Italy",9053433,IT,City,Active
1008123,Treviolo,"Treviolo,Treviolo,Lombardy,Italy",9053433,IT,City,Active
1008124,Zogno,"Zogno,Zogno,Lombardy,Italy",9053433,IT,City,Active
1008125,Biella,"Biella,Biella,Piedmont,Italy",9053436,IT,City,Active
1008126,Crevacuore,"Crevacuore,Crevacuore,Piedmont,Italy",9053436,IT,City,Active
1008127,Gaglianico,"Gaglianico,Gaglianico,Piedmont,Italy",9053436,IT,City,Active
1008128,Mottalciata,"Mottalciata,Mottalciata,Piedmont,Italy",9053436,IT,City,Active
1008129,Trivero,"Trivero,Piedmont,Italy",9053436,IT,City,Active
1008130,Quaregna Cerreto,"Quaregna Cerreto,Piedmont,Italy",9053436,IT,City,Active
1008131,Valle Mosso,"Valle Mosso,Piedmont,Italy",9053436,IT,City,Active
1008132,Belluno,"Belluno,Belluno,Veneto,Italy",9053442,IT,City,Active
1008133,Cortina d'Ampezzo,"Cortina d'Ampezzo,Cortina d'Ampezzo,Veneto,Italy",9053442,IT,City,Active
1008134,Feltre,"Feltre,Feltre,Veneto,Italy",9053442,IT,City,Active
1008135,Pedavena,"Pedavena,Pedavena,Veneto,Italy",9053442,IT,City,Active
1008136,Pieve di Cadore,"Pieve di Cadore,Pieve di Cadore,Veneto,Italy",9053442,IT,City,Active
1008137,Santo Stefano di Cadore,"Santo Stefano di Cadore,Santo Stefano di Cadore,Veneto,Italy",9053442,IT,City,Active
1008138,Benevento,"Benevento,Benevento,Campania,Italy",9053428,IT,City,Active
1008139,Anzola dell'Emilia,"Anzola dell'Emilia,Anzola dell'Emilia,Emilia-Romagna,Italy",9053429,IT,City,Active
1008140,Argelato,"Argelato,Argelato,Emilia-Romagna,Italy",9053429,IT,City,Active
1008141,Bologna,"Bologna,Bologna,Emilia-Romagna,Italy",9053429,IT,City,Active
1008142,Budrio,"Budrio,Budrio,Emilia-Romagna,Italy",9053429,IT,City,Active
1008143,Calderara di Reno,"Calderara di Reno,Calderara di Reno,Emilia-Romagna,Italy",9053429,IT,City,Active
1008144,Casalecchio di Reno,"Casalecchio di Reno,Casalecchio di Reno,Emilia-Romagna,Italy",9053429,IT,City,Active
1008145,Castel Maggiore,"Castel Maggiore,Castel Maggiore,Emilia-Romagna,Italy",9053429,IT,City,Active
1008146,Castello d'Argile,"Castello d'Argile,Castello d'Argile,Emilia-Romagna,Italy",9053429,IT,City,Active
1008147,Castenaso,"Castenaso,Castenaso,Emilia-Romagna,Italy",9053429,IT,City,Active
1008148,Crevalcore,"Crevalcore,Crevalcore,Emilia-Romagna,Italy",9053429,IT,City,Active
1008149,Granarolo dell'Emilia,"Granarolo dell'Emilia,Granarolo dell'Emilia,Emilia-Romagna,Italy",9053429,IT,City,Active
1008150,Imola,"Imola,Imola,Emilia-Romagna,Italy",9053429,IT,City,Active
1008151,Minerbio,"Minerbio,Minerbio,Emilia-Romagna,Italy",9053429,IT,City,Active
1008152,Monteveglio,"Monteveglio,Emilia-Romagna,Italy",9053429,IT,City,Active
1008153,Mordano,"Mordano,Mordano,Emilia-Romagna,Italy",9053429,IT,City,Active
1008154,Pianoro,"Pianoro,Pianoro,Emilia-Romagna,Italy",9053429,IT,City,Active
1008155,Pontecchio Marconi,"Pontecchio Marconi,Emilia-Romagna,Italy",9053429,IT,Neighborhood,Active
1008156,Riviera,"Riviera,Emilia-Romagna,Italy",9053429,IT,City,Active
1008157,San Candido,"San Candido,Trentino-South Tyrol,Italy",9053439,IT,City,Active
1008158,San Giorgio di Piano,"San Giorgio di Piano,San Giorgio di Piano,Emilia-Romagna,Italy",9053429,IT,City,Active
1008159,San Giovanni in Persiceto,"San Giovanni in Persiceto,San Giovanni in Persiceto,Emilia-Romagna,Italy",9053429,IT,City,Active
1008160,San Lazzaro di Savena,"San Lazzaro di Savena,Emilia-Romagna,Italy",9053429,IT,City,Active
1008161,Vergato,"Vergato,Vergato,Emilia-Romagna,Italy",9053429,IT,City,Active
1008162,Zola Predosa,"Zola Predosa,Zola Predosa,Emilia-Romagna,Italy",9053429,IT,City,Active
1008163,Brindisi,"Brindisi,Brindisi,Apulia,Italy",9053425,IT,City,Active
1008164,Francavilla Fontana,"Francavilla Fontana,Francavilla Fontana,Apulia,Italy",9053425,IT,City,Active
1008165,Ostuni,"Ostuni,Ostuni,Apulia,Italy",9053425,IT,City,Active
1008166,Pezze di Greco,"Pezze di Greco,Apulia,Italy",9053425,IT,City,Active
1008167,Adro,"Adro,Adro,Lombardy,Italy",9053433,IT,City,Active
1008168,Breno,"Breno,Breno,Lombardy,Italy",9053433,IT,City,Active
1008169,Brescia,"Brescia,Brescia,Lombardy,Italy",9053433,IT,City,Active
1008170,Cellatica,"Cellatica,Cellatica,Lombardy,Italy",9053433,IT,City,Active
1008171,Chiari,"Chiari,Chiari,Lombardy,Italy",9053433,IT,City,Active
1008172,Concesio,"Concesio,Concesio,Lombardy,Italy",9053433,IT,City,Active
1008173,Darfo Boario Terme,"Darfo Boario Terme,Lombardy,Italy",9053433,IT,City,Active
1008174,Desenzano del Garda,"Desenzano del Garda,Desenzano del Garda,Lombardy,Italy",9053433,IT,City,Active
1008175,Gardone Val Trompia,"Gardone Val Trompia,Gardone Val Trompia,Lombardy,Italy",9053433,IT,City,Active
1008176,Gavardo,"Gavardo,Gavardo,Lombardy,Italy",9053433,IT,City,Active
1008177,Ghedi,"Ghedi,Ghedi,Lombardy,Italy",9053433,IT,City,Active
1008178,Leno,"Leno,Leno,Lombardy,Italy",9053433,IT,City,Active
1008179,Manerbio,"Manerbio,Manerbio,Lombardy,Italy",9053433,IT,City,Active
1008180,Montichiari,"Montichiari,Montichiari,Lombardy,Italy",9053433,IT,City,Active
1008181,Nuvolento,"Nuvolento,Nuvolento,Lombardy,Italy",9053433,IT,City,Active
1008182,Orzinuovi,"Orzinuovi,Orzinuovi,Lombardy,Italy",9053433,IT,City,Active
1008183,Palazzolo sull'Oglio,"Palazzolo sull'Oglio,Palazzolo sull'Oglio,Lombardy,Italy",9053433,IT,City,Active
1008184,Passirano,"Passirano,Passirano,Lombardy,Italy",9053433,IT,City,Active
1008185,Roncadelle,"Roncadelle,Roncadelle,Lombardy,Italy",9053433,IT,City,Active
1008186,Rovato,"Rovato,Rovato,Lombardy,Italy",9053433,IT,City,Active
1008187,Salo,"Salo,Salo,Lombardy,Italy",9053433,IT,City,Active
1008188,Vestone,"Vestone,Vestone,Lombardy,Italy",9053433,IT,City,Active
1008189,Villa Carcina,"Villa Carcina,Villa Carcina,Lombardy,Italy",9053433,IT,City,Active
1008190,Bolzano,"Bolzano,Bolzano,Trentino-South Tyrol,Italy",9053439,IT,City,Active
1008191,Brixen,"Brixen,Brixen,Trentino-South Tyrol,Italy",9053439,IT,City,Active
1008192,Bruneck,"Bruneck,Bruneck,Trentino-South Tyrol,Italy",9053439,IT,City,Active
1008193,Kaltern an der Weinstrasse,"Kaltern an der Weinstrasse,Kaltern an der Weinstrasse,Trentino-South Tyrol,Italy",9053439,IT,City,Active
1008194,Laives,"Laives,Laives,Trentino-South Tyrol,Italy",9053439,IT,City,Active
1008195,Marling,"Marling,Marling,Trentino-South Tyrol,Italy",9053439,IT,City,Active
1008196,Merano,"Merano,Trentino-South Tyrol,Italy",9053439,IT,City,Active
1008197,Naturns,"Naturns,Naturns,Trentino-South Tyrol,Italy",9053439,IT,City,Active
1008198,Burgstall,"Burgstall,Burgstall,Trentino-South Tyrol,Italy",9053439,IT,City,Active
1008199,Ratschings,"Ratschings,Trentino-South Tyrol,Italy",9053439,IT,Municipality,Active
1008200,Sexten,"Sexten,Sexten,Trentino-South Tyrol,Italy",9053439,IT,City,Active
1008201,Terlan,"Terlan,Terlan,Trentino-South Tyrol,Italy",9053439,IT,City,Active
1008202,Cagliari,"Cagliari,Cagliari,Sardinia,Italy",9053437,IT,City,Active
1008203,Carbonia,"Carbonia,Sardinia,Italy",9053437,IT,City,Active
1008204,Iglesias,"Iglesias,Iglesias,Sardinia,Italy",9053437,IT,City,Active
1008205,Quartu Sant'Elena,"Quartu Sant'Elena,Quartu Sant'Elena,Sardinia,Italy",9053437,IT,City,Active
1008206,Sarroch,"Sarroch,Sarroch,Sardinia,Italy",9053437,IT,City,Active
1008207,Selargius,"Selargius,Selargius,Sardinia,Italy",9053437,IT,City,Active
1008208,Campobasso,"Campobasso,Campobasso,Molise,Italy",9053435,IT,City,Active
1008209,Guardialfiera,"Guardialfiera,Guardialfiera,Molise,Italy",9053435,IT,City,Active
1008210,Termoli,"Termoli,Termoli,Molise,Italy",9053435,IT,City,Active
1008211,Aversa,"Aversa,Aversa,Campania,Italy",9053428,IT,City,Active
1008212,Capua,"Capua,Capua,Campania,Italy",9053428,IT,City,Active
1008213,Casagiove,"Casagiove,Casagiove,Campania,Italy",9053428,IT,City,Active
1008214,Caserta,"Caserta,Caserta,Campania,Italy",9053428,IT,City,Active
1008215,Maddaloni,"Maddaloni,Maddaloni,Campania,Italy",9053428,IT,City,Active
1008216,Marcianise,"Marcianise,Marcianise,Campania,Italy",9053428,IT,City,Active
1008217,Pastorano,"Pastorano,Pastorano,Campania,Italy",9053428,IT,City,Active
1008218,Pratella,"Pratella,Pratella,Campania,Italy",9053428,IT,City,Active
1008219,San Nicola la Strada,"San Nicola la Strada,San Nicola la Strada,Campania,Italy",9053428,IT,City,Active
1008220,Bomba,"Bomba,Bomba,Abruzzo,Italy",9053423,IT,City,Active
1008221,Chieti,"Chieti,Chieti,Abruzzo,Italy",9053423,IT,City,Active
1008222,Francavilla al Mare,"Francavilla al Mare,Francavilla al Mare,Abruzzo,Italy",9053423,IT,City,Active
1008223,Lanciano,"Lanciano,Lanciano,Abruzzo,Italy",9053423,IT,City,Active
1008224,Ortona,"Ortona,Ortona,Abruzzo,Italy",9053423,IT,City,Active
1008225,Rocca San Giovanni,"Rocca San Giovanni,Rocca San Giovanni,Abruzzo,Italy",9053423,IT,City,Active
1008226,Vasto,"Vasto,Vasto,Abruzzo,Italy",9053423,IT,City,Active
1008227,Caltanissetta,"Caltanissetta,Caltanissetta,Sicily,Italy",9053438,IT,City,Active
1008228,Gela,"Gela,Gela,Sicily,Italy",9053438,IT,City,Active
1008229,Alba,"Alba,Alba,Piedmont,Italy",9053436,IT,City,Active
1008230,Bene Vagienna,"Bene Vagienna,Bene Vagienna,Piedmont,Italy",9053436,IT,City,Active
1008231,Boves,"Boves,Boves,Piedmont,Italy",9053436,IT,City,Active
1008232,Bra,"Bra,Bra,Piedmont,Italy",9053436,IT,City,Active
1008233,Cuneo,"Cuneo,Cuneo,Piedmont,Italy",9053436,IT,City,Active
1008234,Dogliani,"Dogliani,Dogliani,Piedmont,Italy",9053436,IT,City,Active
1008235,Farigliano,"Farigliano,Farigliano,Piedmont,Italy",9053436,IT,City,Active
1008236,Fossano,"Fossano,Fossano,Piedmont,Italy",9053436,IT,City,Active
1008237,Monchiero,"Monchiero,Monchiero,Piedmont,Italy",9053436,IT,City,Active
1008238,Mondovi,"Mondovi,Mondovi,Piedmont,Italy",9053436,IT,City,Active
1008239,Racconigi,"Racconigi,Racconigi,Piedmont,Italy",9053436,IT,City,Active
1008240,Saluzzo,"Saluzzo,Saluzzo,Piedmont,Italy",9053436,IT,City,Active
1008241,Savigliano,"Savigliano,Savigliano,Piedmont,Italy",9053436,IT,City,Active
1008242,Torre San Giorgio,"Torre San Giorgio,Torre San Giorgio,Piedmont,Italy",9053436,IT,City,Active
1008243,Albavilla,"Albavilla,Albavilla,Lombardy,Italy",9053433,IT,City,Active
1008244,Alzate Brianza,"Alzate Brianza,Alzate Brianza,Lombardy,Italy",9053433,IT,City,Active
1008245,Barzano,"Barzano,Barzano,Lombardy,Italy",9053433,IT,City,Active
1008246,Cabiate,"Cabiate,Cabiate,Lombardy,Italy",9053433,IT,City,Active
1008247,Cantu,"Cantu,Cantu,Lombardy,Italy",9053433,IT,City,Active
1008248,Canzo,"Canzo,Canzo,Lombardy,Italy",9053433,IT,City,Active
1008249,Carbonate,"Carbonate,Carbonate,Lombardy,Italy",9053433,IT,City,Active
1008250,Como,"Como,Como,Lombardy,Italy",9053433,IT,City,Active
1008251,Erba,"Erba,Erba,Lombardy,Italy",9053433,IT,City,Active
1008252,Grandate,"Grandate,Lombardy,Italy",9053433,IT,City,Active
1008253,Guanzate,"Guanzate,Guanzate,Lombardy,Italy",9053433,IT,City,Active
1008254,Inverigo,"Inverigo,Inverigo,Lombardy,Italy",9053433,IT,City,Active
1008255,Locate Varesino,"Locate Varesino,Locate Varesino,Lombardy,Italy",9053433,IT,City,Active
1008256,Luisago,"Luisago,Lombardy,Italy",9053433,IT,City,Active
1008257,Mariano Comense,"Mariano Comense,Mariano Comense,Lombardy,Italy",9053433,IT,City,Active
1008258,Menaggio,"Menaggio,Menaggio,Lombardy,Italy",9053433,IT,City,Active
1008259,Merone,"Merone,Merone,Lombardy,Italy",9053433,IT,City,Active
1008260,Mozzate,"Mozzate,Mozzate,Lombardy,Italy",9053433,IT,City,Active
1008261,Novedrate,"Novedrate,Lombardy,Italy",9053433,IT,City,Active
1008262,Oltrona di San Mamette,"Oltrona di San Mamette,Lombardy,Italy",9053433,IT,City,Active
1008263,Rovellasca,"Rovellasca,Rovellasca,Lombardy,Italy",9053433,IT,City,Active
1008264,Turate,"Turate,Turate,Lombardy,Italy",9053433,IT,City,Active
1008265,Casalmaggiore,"Casalmaggiore,Casalmaggiore,Lombardy,Italy",9053433,IT,City,Active
1008266,Crema,"Crema,Crema,Lombardy,Italy",9053433,IT,City,Active
1008267,Cremona,"Cremona,Cremona,Lombardy,Italy",9053433,IT,City,Active
1008268,Torre De' Picenardi,"Torre De' Picenardi,Lombardy,Italy",9053433,IT,City,Active
1008269,Castrovillari,"Castrovillari,Castrovillari,Calabria,Italy",9053427,IT,City,Active
1008270,Cosenza,"Cosenza,Cosenza,Calabria,Italy",9053427,IT,City,Active
1008271,Grimaldi,"Grimaldi,Grimaldi,Calabria,Italy",9053427,IT,City,Active
1008272,Magli,"Magli,Calabria,Italy",9053427,IT,City,Active
1008273,Praia A Mare,"Praia A Mare,Calabria,Italy",9053427,IT,City,Active
1008274,Rende,"Rende,Rende,Calabria,Italy",9053427,IT,City,Active
1008275,Aci Catena,"Aci Catena,Aci Catena,Sicily,Italy",9053438,IT,City,Active
1008276,Acireale,"Acireale,Acireale,Sicily,Italy",9053438,IT,City,Active
1008277,Belpasso,"Belpasso,Belpasso,Sicily,Italy",9053438,IT,City,Active
1008278,Caltagirone,"Caltagirone,Caltagirone,Sicily,Italy",9053438,IT,City,Active
1008279,Catania,"Catania,Catania,Sicily,Italy",9053438,IT,City,Active
1008280,Giarre,"Giarre,Giarre,Sicily,Italy",9053438,IT,City,Active
1008281,Gravina di Catania,"Gravina di Catania,Gravina di Catania,Sicily,Italy",9053438,IT,City,Active
1008282,Misterbianco,"Misterbianco,Misterbianco,Sicily,Italy",9053438,IT,City,Active
1008283,Motta Sant'Anastasia,"Motta Sant'Anastasia,Motta Sant'Anastasia,Sicily,Italy",9053438,IT,City,Active
1008284,Paterno,"Paterno,Paterno,Sicily,Italy",9053438,IT,City,Active
1008285,Ramacca,"Ramacca,Ramacca,Sicily,Italy",9053438,IT,City,Active
1008286,San Giovanni La Punta,"San Giovanni La Punta,Sicily,Italy",9053438,IT,City,Active
1008287,Sant'Agata li Battiati,"Sant'Agata li Battiati,Sant'Agata li Battiati,Sicily,Italy",9053438,IT,City,Active
1008288,Tremestieri Etneo,"Tremestieri Etneo,Tremestieri Etneo,Sicily,Italy",9053438,IT,City,Active
1008289,Catanzaro,"Catanzaro,Catanzaro,Calabria,Italy",9053427,IT,City,Active
1008290,Pentone,"Pentone,Pentone,Calabria,Italy",9053427,IT,City,Active
1008291,Santa Eufemia Lamezia,"Santa Eufemia Lamezia,Calabria,Italy",9053427,IT,City,Active
1008292,Soverato Marina,"Soverato Marina,Calabria,Italy",9053427,IT,City,Active
1008293,Enna,"Enna,Enna,Sicily,Italy",9053438,IT,City,Active
1008294,Troina,"Troina,Troina,Sicily,Italy",9053438,IT,City,Active
1008295,Argenta,"Argenta,Argenta,Emilia-Romagna,Italy",9053429,IT,City,Active
1008296,Cento,"Cento,Cento,Emilia-Romagna,Italy",9053429,IT,City,Active
1008297,Ferrara,"Ferrara,Ferrara,Emilia-Romagna,Italy",9053429,IT,City,Active
1008298,Vigarano Mainarda,"Vigarano Mainarda,Vigarano Mainarda,Emilia-Romagna,Italy",9053429,IT,City,Active
1008299,Foggia,"Foggia,Foggia,Apulia,Italy",9053425,IT,City,Active
1008300,Lucera,"Lucera,Lucera,Apulia,Italy",9053425,IT,City,Active
1008301,San Ferdinando di Puglia,"San Ferdinando di Puglia,San Ferdinando di Puglia,Apulia,Italy",9053425,IT,City,Active
1008302,San Giovanni Rotondo,"San Giovanni Rotondo,San Giovanni Rotondo,Apulia,Italy",9053425,IT,City,Active
1008303,San Severo,"San Severo,San Severo,Apulia,Italy",9053425,IT,City,Active
1008304,Vico del Gargano,"Vico del Gargano,Vico del Gargano,Apulia,Italy",9053425,IT,City,Active
1008306,Calenzano,"Calenzano,Calenzano,Tuscany,Italy",9053440,IT,City,Active
1008307,Campi Bisenzio,"Campi Bisenzio,Campi Bisenzio,Tuscany,Italy",9053440,IT,City,Active
1008308,Castelfiorentino,"Castelfiorentino,Castelfiorentino,Tuscany,Italy",9053440,IT,City,Active
1008309,Empoli,"Empoli,Empoli,Tuscany,Italy",9053440,IT,City,Active
1008310,Figline Valdarno,"Figline Valdarno,Tuscany,Italy",9053440,IT,City,Active
1008311,Florence,"Florence,Florence,Tuscany,Italy",9053440,IT,City,Active
1008312,Fucecchio,"Fucecchio,Fucecchio,Tuscany,Italy",9053440,IT,City,Active
1008313,Gambassi Terme,"Gambassi Terme,Gambassi Terme,Tuscany,Italy",9053440,IT,City,Active
1008314,Greve in Chianti,"Greve in Chianti,Greve in Chianti,Tuscany,Italy",9053440,IT,City,Active
1008315,Impruneta,"Impruneta,Impruneta,Tuscany,Italy",9053440,IT,City,Active
1008316,Montaione,"Montaione,Montaione,Tuscany,Italy",9053440,IT,City,Active
1008317,Montelupo Fiorentino,"Montelupo Fiorentino,Montelupo Fiorentino,Tuscany,Italy",9053440,IT,City,Active
1008319,Pontassieve,"Pontassieve,Pontassieve,Tuscany,Italy",9053440,IT,City,Active
1008320,Scandicci,"Scandicci,Scandicci,Tuscany,Italy",9053440,IT,City,Active
1008321,Sesto Fiorentino,"Sesto Fiorentino,Sesto Fiorentino,Tuscany,Italy",9053440,IT,City,Active
1008322,Settimello,"Settimello,Tuscany,Italy",9053440,IT,City,Active
1008323,Vinci,"Vinci,Vinci,Tuscany,Italy",9053440,IT,City,Active
1008324,Bertinoro,"Bertinoro,Bertinoro,Emilia-Romagna,Italy",9053429,IT,City,Active
1008325,Cesena,"Cesena,Cesena,Emilia-Romagna,Italy",9053429,IT,City,Active
1008326,Forli,"Forli,Forli,Emilia-Romagna,Italy",9053429,IT,City,Active
1008327,Longiano,"Longiano,Longiano,Emilia-Romagna,Italy",9053429,IT,City,Active
1008328,Mercato Saraceno,"Mercato Saraceno,Mercato Saraceno,Emilia-Romagna,Italy",9053429,IT,City,Active
1008329,Modigliana,"Modigliana,Modigliana,Emilia-Romagna,Italy",9053429,IT,City,Active
1008330,Sogliano Al Rubicone,"Sogliano Al Rubicone,Emilia-Romagna,Italy",9053429,IT,City,Active
1008331,Anagni,"Anagni,Anagni,Lazio,Italy",9053431,IT,City,Active
1008332,Cassino,"Cassino,Cassino,Lazio,Italy",9053431,IT,City,Active
1008333,Fiuggi,"Fiuggi,Fiuggi,Lazio,Italy",9053431,IT,City,Active
1008334,Frosinone,"Frosinone,Frosinone,Lazio,Italy",9053431,IT,City,Active
1008335,Arenzano,"Arenzano,Arenzano,Liguria,Italy",9053432,IT,City,Active
1008336,Chiavari,"Chiavari,Chiavari,Liguria,Italy",9053432,IT,City,Active
1008337,Genoa,"Genoa,Genoa,Liguria,Italy",9053432,IT,City,Active
1008338,Rapallo,"Rapallo,Rapallo,Liguria,Italy",9053432,IT,City,Active
1008339,Recco,"Recco,Recco,Liguria,Italy",9053432,IT,City,Active
1008340,Sant'Olcese,"Sant'Olcese,Sant'Olcese,Liguria,Italy",9053432,IT,City,Active
1008341,Voltri,"Voltri,Liguria,Italy",9053432,IT,City,Active
1008342,Cormons,"Cormons,Cormons,Friuli-Venezia Giulia,Italy",9053430,IT,City,Active
1008343,Gorizia,"Gorizia,Gorizia,Friuli-Venezia Giulia,Italy",9053430,IT,City,Active
1008344,Grado,"Grado,Grado,Friuli-Venezia Giulia,Italy",9053430,IT,City,Active
1008345,Monfalcone,"Monfalcone,Monfalcone,Friuli-Venezia Giulia,Italy",9053430,IT,City,Active
1008346,Follonica,"Follonica,Follonica,Tuscany,Italy",9053440,IT,City,Active
1008347,Grosseto,"Grosseto,Grosseto,Tuscany,Italy",9053440,IT,City,Active
1008348,Bordighera,"Bordighera,Bordighera,Liguria,Italy",9053432,IT,City,Active
1008349,Imperia,"Imperia,Imperia,Liguria,Italy",9053432,IT,City,Active
1008350,Sanremo,"Sanremo,Sanremo,Liguria,Italy",9053432,IT,City,Active
1008351,Ventimiglia,"Ventimiglia,Ventimiglia,Liguria,Italy",9053432,IT,City,Active
1008352,Isernia,"Isernia,Isernia,Molise,Italy",9053435,IT,City,Active
1008353,Crotone,"Crotone,Crotone,Calabria,Italy",9053427,IT,City,Active
1008354,Isola di Capo Rizzuto,"Isola di Capo Rizzuto,Isola di Capo Rizzuto,Calabria,Italy",9053427,IT,City,Active
1008355,Calo,"Calo,Lombardy,Italy",9053433,IT,City,Active
1008356,Casatenovo,"Casatenovo,Casatenovo,Lombardy,Italy",9053433,IT,City,Active
1008357,Cesana Brianza,"Cesana Brianza,Cesana Brianza,Lombardy,Italy",9053433,IT,City,Active
1008358,Lecco,"Lecco,Lecco,Lombardy,Italy",9053433,IT,City,Active
1008359,Merate,"Merate,Merate,Lombardy,Italy",9053433,IT,City,Active
1008360,Oggiono,"Oggiono,Oggiono,Lombardy,Italy",9053433,IT,City,Active
1008361,Olginate,"Olginate,Olginate,Lombardy,Italy",9053433,IT,City,Active
1008362,Valmadrera,"Valmadrera,Valmadrera,Lombardy,Italy",9053433,IT,City,Active
1008363,Casarano,"Casarano,Casarano,Apulia,Italy",9053425,IT,City,Active
1008364,Cavallino,"Cavallino,Cavallino,Apulia,Italy",9053425,IT,City,Active
1008365,Gallipoli,"Gallipoli,Gallipoli,Apulia,Italy",9053425,IT,City,Active
1008366,Lecce,"Lecce,Lecce,Apulia,Italy",9053425,IT,City,Active
1008367,Maglie,"Maglie,Maglie,Apulia,Italy",9053425,IT,City,Active
1008368,Torre Lapillo,"Torre Lapillo,Apulia,Italy",9053425,IT,City,Active
1008369,San Cesario di Lecce,"San Cesario di Lecce,San Cesario di Lecce,Apulia,Italy",9053425,IT,City,Active
1008370,Cecina,"Cecina,Cecina,Tuscany,Italy",9053440,IT,City,Active
1008371,Collesalvetti,"Collesalvetti,Collesalvetti,Tuscany,Italy",9053440,IT,City,Active
1008372,Livorno,"Livorno,Livorno,Tuscany,Italy",9053440,IT,City,Active
1008373,Piombino,"Piombino,Piombino,Tuscany,Italy",9053440,IT,City,Active
1008374,Portoferraio,"Portoferraio,Portoferraio,Tuscany,Italy",9053440,IT,City,Active
1008375,Rosignano Solvay,"Rosignano Solvay,Tuscany,Italy",9053440,IT,City,Active
1008376,Rosignano Marittimo,"Rosignano Marittimo,Rosignano Marittimo,Tuscany,Italy",9053440,IT,City,Active
1008377,Casalpusterlengo,"Casalpusterlengo,Casalpusterlengo,Lombardy,Italy",9053433,IT,City,Active
1008378,Codogno,"Codogno,Codogno,Lombardy,Italy",9053433,IT,City,Active
1008379,Lodi,"Lodi,Lodi,Lombardy,Italy",9053433,IT,City,Active
1008380,Aprilia,"Aprilia,Aprilia,Lazio,Italy",9053431,IT,City,Active
1008381,Fondi,"Fondi,Fondi,Lazio,Italy",9053431,IT,City,Active
1008382,Formia,"Formia,Formia,Lazio,Italy",9053431,IT,City,Active
1008383,Latina,"Latina,Latina,Lazio,Italy",9053431,IT,City,Active
1008384,Minturno,"Minturno,Minturno,Lazio,Italy",9053431,IT,City,Active
1008385,Priverno,"Priverno,Priverno,Lazio,Italy",9053431,IT,City,Active
1008386,Sonnino,"Sonnino,Sonnino,Lazio,Italy",9053431,IT,City,Active
1008387,Terracina,"Terracina,Terracina,Lazio,Italy",9053431,IT,City,Active
1008388,Capannori,"Capannori,Capannori,Tuscany,Italy",9053440,IT,City,Active
1008389,Lucca,"Lucca,Lucca,Tuscany,Italy",9053440,IT,City,Active
1008390,Monsagrati,"Monsagrati,Tuscany,Italy",9053440,IT,Neighborhood,Active
1008391,Pietrasanta,"Pietrasanta,Pietrasanta,Tuscany,Italy",9053440,IT,City,Active
1008392,Querceta,"Querceta,Tuscany,Italy",9053440,IT,City,Active
1008393,Viareggio,"Viareggio,Viareggio,Tuscany,Italy",9053440,IT,City,Active
1008394,Civitanova Marche,"Civitanova Marche,Civitanova Marche,Marche,Italy",9053434,IT,City,Active
1008395,Macerata,"Macerata,Macerata,Marche,Italy",9053434,IT,City,Active
1008396,Porto Recanati,"Porto Recanati,Porto Recanati,Marche,Italy",9053434,IT,City,Active
1008397,Recanati,"Recanati,Recanati,Marche,Italy",9053434,IT,City,Active
1008398,Tolentino,"Tolentino,Tolentino,Marche,Italy",9053434,IT,City,Active
1008399,Barcellona Pozzo di Gotto,"Barcellona Pozzo di Gotto,Barcellona Pozzo di Gotto,Sicily,Italy",9053438,IT,City,Active
1008400,Capo d'Orlando,"Capo d'Orlando,Capo d'Orlando,Sicily,Italy",9053438,IT,City,Active
1008401,Lipari,"Lipari,Lipari,Sicily,Italy",9053438,IT,City,Active
1008402,Messina,"Messina,Messina,Sicily,Italy",9053438,IT,City,Active
1008403,Milazzo,"Milazzo,Milazzo,Sicily,Italy",9053438,IT,City,Active
1008404,Piraino,"Piraino,Piraino,Sicily,Italy",9053438,IT,City,Active
1008405,Taormina,"Taormina,Taormina,Sicily,Italy",9053438,IT,City,Active
1008406,Abbiategrasso,"Abbiategrasso,Abbiategrasso,Lombardy,Italy",9053433,IT,City,Active
1008407,Agrate Brianza,"Agrate Brianza,Agrate Brianza,Lombardy,Italy",9053433,IT,City,Active
1008408,Arcore,"Arcore,Arcore,Lombardy,Italy",9053433,IT,City,Active
1008409,Arese,"Arese,Arese,Lombardy,Italy",9053433,IT,City,Active
1008410,Arluno,"Arluno,Arluno,Lombardy,Italy",9053433,IT,City,Active
1008411,Assago,"Assago,Assago,Lombardy,Italy",9053433,IT,City,Active
1008412,Bareggio,"Bareggio,Bareggio,Lombardy,Italy",9053433,IT,City,Active
1008413,Bellusco,"Bellusco,Bellusco,Lombardy,Italy",9053433,IT,City,Active
1008414,Bernareggio,"Bernareggio,Bernareggio,Lombardy,Italy",9053433,IT,City,Active
1008415,Biassono,"Biassono,Biassono,Lombardy,Italy",9053433,IT,City,Active
1008416,Binasco,"Binasco,Binasco,Lombardy,Italy",9053433,IT,City,Active
1008417,Bollate,"Bollate,Bollate,Lombardy,Italy",9053433,IT,City,Active
1008418,Bovisio-Masciago,"Bovisio-Masciago,Bovisio-Masciago,Lombardy,Italy",9053433,IT,City,Active
1008419,Bresso,"Bresso,Bresso,Lombardy,Italy",9053433,IT,City,Active
1008420,Brugherio,"Brugherio,Brugherio,Lombardy,Italy",9053433,IT,City,Active
1008421,Buccinasco,"Buccinasco,Lombardy,Italy",9053433,IT,Municipality,Active
1008422,Busnago,"Busnago,Busnago,Lombardy,Italy",9053433,IT,City,Active
1008423,Bussero,"Bussero,Bussero,Lombardy,Italy",9053433,IT,City,Active
1008424,Cambiago,"Cambiago,Cambiago,Lombardy,Italy",9053433,IT,City,Active
1008425,Carate Brianza,"Carate Brianza,Carate Brianza,Lombardy,Italy",9053433,IT,City,Active
1008426,Carugate,"Carugate,Carugate,Lombardy,Italy",9053433,IT,City,Active
1008427,Cassano d'Adda,"Cassano d'Adda,Cassano d'Adda,Lombardy,Italy",9053433,IT,City,Active
1008428,Cassina de' Pecchi,"Cassina de' Pecchi,Cassina de' Pecchi,Lombardy,Italy",9053433,IT,City,Active
1008429,Castano Primo,"Castano Primo,Castano Primo,Lombardy,Italy",9053433,IT,City,Active
1008430,Cernusco sul Naviglio,"Cernusco sul Naviglio,Cernusco sul Naviglio,Lombardy,Italy",9053433,IT,City,Active
1008431,Cerro Maggiore,"Cerro Maggiore,Cerro Maggiore,Lombardy,Italy",9053433,IT,City,Active
1008432,Cesano Boscone,"Cesano Boscone,Cesano Boscone,Lombardy,Italy",9053433,IT,City,Active
1008433,Cesano Maderno,"Cesano Maderno,Lombardy,Italy",9053433,IT,City,Active
1008434,Cesate,"Cesate,Cesate,Lombardy,Italy",9053433,IT,City,Active
1008435,Cinisello Balsamo,"Cinisello Balsamo,Cinisello Balsamo,Lombardy,Italy",9053433,IT,City,Active
1008436,Cologno Monzese,"Cologno Monzese,Cologno Monzese,Lombardy,Italy",9053433,IT,City,Active
1008437,Concorezzo,"Concorezzo,Concorezzo,Lombardy,Italy",9053433,IT,City,Active
1008438,Cormano,"Cormano,Cormano,Lombardy,Italy",9053433,IT,City,Active
1008439,Cornaredo,"Cornaredo,Cornaredo,Lombardy,Italy",9053433,IT,City,Active
1008440,Cornate d'Adda,"Cornate d'Adda,Cornate d'Adda,Lombardy,Italy",9053433,IT,City,Active
1008441,Corsico,"Corsico,Corsico,Lombardy,Italy",9053433,IT,City,Active
1008442,Cusago,"Cusago,Cusago,Lombardy,Italy",9053433,IT,City,Active
1008443,Cusano Milanino,"Cusano Milanino,Cusano Milanino,Lombardy,Italy",9053433,IT,City,Active
1008444,Desio,"Desio,Desio,Lombardy,Italy",9053433,IT,City,Active
1008445,Garbagnate Milanese,"Garbagnate Milanese,Garbagnate Milanese,Lombardy,Italy",9053433,IT,City,Active
1008446,Gessate,"Gessate,Gessate,Lombardy,Italy",9053433,IT,City,Active
1008447,Giussano,"Giussano,Giussano,Lombardy,Italy",9053433,IT,City,Active
1008448,Gorgonzola,"Gorgonzola,Gorgonzola,Lombardy,Italy",9053433,IT,City,Active
1008449,Inveruno,"Inveruno,Inveruno,Lombardy,Italy",9053433,IT,City,Active
1008450,Lacchiarella,"Lacchiarella,Lacchiarella,Lombardy,Italy",9053433,IT,City,Active
1008451,Lainate,"Lainate,Lainate,Lombardy,Italy",9053433,IT,City,Active
1008452,Legnano,"Legnano,Legnano,Lombardy,Italy",9053433,IT,City,Active
1008453,Limbiate,"Limbiate,Limbiate,Lombardy,Italy",9053433,IT,City,Active
1008454,Lissone,"Lissone,Lissone,Lombardy,Italy",9053433,IT,City,Active
1008455,Macherio,"Macherio,Macherio,Lombardy,Italy",9053433,IT,City,Active
1008456,Magenta,"Magenta,Magenta,Lombardy,Italy",9053433,IT,City,Active
1008457,Magnago,"Magnago,Magnago,Lombardy,Italy",9053433,IT,City,Active
1008458,Marcallo con Casone,"Marcallo con Casone,Marcallo con Casone,Lombardy,Italy",9053433,IT,City,Active
1008459,Meda,"Meda,Meda,Lombardy,Italy",9053433,IT,City,Active
1008460,Melegnano,"Melegnano,Melegnano,Lombardy,Italy",9053433,IT,City,Active
1008461,Melzo,"Melzo,Melzo,Lombardy,Italy",9053433,IT,City,Active
1008462,Mezzago,"Mezzago,Mezzago,Lombardy,Italy",9053433,IT,City,Active
1008463,Milan,"Milan,Milan,Lombardy,Italy",9053433,IT,City,Active
1008464,Monza,"Monza,Monza,Lombardy,Italy",9053433,IT,City,Active
1008465,Muggio,"Muggio,Muggio,Lombardy,Italy",9053433,IT,City,Active
1008466,Nerviano,"Nerviano,Nerviano,Lombardy,Italy",9053433,IT,City,Active
1008467,Nosate,"Nosate,Nosate,Lombardy,Italy",9053433,IT,City,Active
1008468,Nova Milanese,"Nova Milanese,Nova Milanese,Lombardy,Italy",9053433,IT,City,Active
1008469,Novate Milanese,"Novate Milanese,Novate Milanese,Lombardy,Italy",9053433,IT,City,Active
1008470,Opera,"Opera,Opera,Lombardy,Italy",9053433,IT,City,Active
1008471,Ornago,"Ornago,Ornago,Lombardy,Italy",9053433,IT,City,Active
1008472,Paderno Dugnano,"Paderno Dugnano,Paderno Dugnano,Lombardy,Italy",9053433,IT,City,Active
1008473,Parabiago,"Parabiago,Parabiago,Lombardy,Italy",9053433,IT,City,Active
1008474,Pastrengo,"Pastrengo,Pastrengo,Veneto,Italy",9053442,IT,City,Active
1008475,Pero,"Pero,Pero,Lombardy,Italy",9053433,IT,City,Active
1008476,Peschiera Borromeo,"Peschiera Borromeo,Lombardy,Italy",9053433,IT,City,Active
1008477,Pessano Con Bornago,"Pessano Con Bornago,Lombardy,Italy",9053433,IT,City,Active
1008478,Pioltello,"Pioltello,Pioltello,Lombardy,Italy",9053433,IT,City,Active
1008479,Pogliano Milanese,"Pogliano Milanese,Pogliano Milanese,Lombardy,Italy",9053433,IT,City,Active
1008480,Pregnana Milanese,"Pregnana Milanese,Pregnana Milanese,Lombardy,Italy",9053433,IT,City,Active
1008481,Rescaldina,"Rescaldina,Rescaldina,Lombardy,Italy",9053433,IT,City,Active
1008482,Rho,"Rho,Rho,Lombardy,Italy",9053433,IT,City,Active
1008483,Rodano,"Rodano,Rodano,Lombardy,Italy",9053433,IT,City,Active
1008484,Rozzano,"Rozzano,Rozzano,Lombardy,Italy",9053433,IT,City,Active
1008485,San Donato Milanese,"San Donato Milanese,San Donato Milanese,Lombardy,Italy",9053433,IT,City,Active
1008486,San Giuliano Milanese,"San Giuliano Milanese,San Giuliano Milanese,Lombardy,Italy",9053433,IT,City,Active
1008487,San Vittore Olona,"San Vittore Olona,San Vittore Olona,Lombardy,Italy",9053433,IT,City,Active
1008488,Segrate,"Segrate,Segrate,Lombardy,Italy",9053433,IT,City,Active
1008489,Senago,"Senago,Senago,Lombardy,Italy",9053433,IT,City,Active
1008490,Seregno,"Seregno,Seregno,Lombardy,Italy",9053433,IT,City,Active
1008491,Sesto San Giovanni,"Sesto San Giovanni,Sesto San Giovanni,Lombardy,Italy",9053433,IT,City,Active
1008492,Settala,"Settala,Settala,Lombardy,Italy",9053433,IT,City,Active
1008493,Settimo Milanese,"Settimo Milanese,Settimo Milanese,Lombardy,Italy",9053433,IT,City,Active
1008494,Seveso,"Seveso,Seveso,Lombardy,Italy",9053433,IT,City,Active
1008495,Solaro,"Solaro,Solaro,Lombardy,Italy",9053433,IT,City,Active
1008496,Trezzano Rosa,"Trezzano Rosa,Trezzano Rosa,Lombardy,Italy",9053433,IT,City,Active
1008497,Trezzano sul Naviglio,"Trezzano sul Naviglio,Trezzano sul Naviglio,Lombardy,Italy",9053433,IT,City,Active
1008498,Trezzo sull'Adda,"Trezzo sull'Adda,Trezzo sull'Adda,Lombardy,Italy",9053433,IT,City,Active
1008499,Tribiano,"Tribiano,Tribiano,Lombardy,Italy",9053433,IT,City,Active
1008500,Triuggio,"Triuggio,Triuggio,Lombardy,Italy",9053433,IT,City,Active
1008501,Turbigo,"Turbigo,Turbigo,Lombardy,Italy",9053433,IT,City,Active
1008502,Vaprio d'Adda,"Vaprio d'Adda,Vaprio d'Adda,Lombardy,Italy",9053433,IT,City,Active
1008503,Vignate,"Vignate,Vignate,Lombardy,Italy",9053433,IT,City,Active
1008504,Villa Cortese,"Villa Cortese,Villa Cortese,Lombardy,Italy",9053433,IT,City,Active
1008505,Villasanta,"Villasanta,Villasanta,Lombardy,Italy",9053433,IT,City,Active
1008506,Vimercate,"Vimercate,Vimercate,Lombardy,Italy",9053433,IT,City,Active
1008507,Vimodrone,"Vimodrone,Vimodrone,Lombardy,Italy",9053433,IT,City,Active
1008508,Vittuone,"Vittuone,Vittuone,Lombardy,Italy",9053433,IT,City,Active
1008509,Asola,"Asola,Asola,Lombardy,Italy",9053433,IT,City,Active
1008510,Castel Goffredo,"Castel Goffredo,Castel Goffredo,Lombardy,Italy",9053433,IT,City,Active
1008511,Castellucchio,"Castellucchio,Castellucchio,Lombardy,Italy",9053433,IT,City,Active
1008512,Castiglione delle Stiviere,"Castiglione delle Stiviere,Castiglione delle Stiviere,Lombardy,Italy",9053433,IT,City,Active
1008513,Mantua,"Mantua,Mantua,Lombardy,Italy",9053433,IT,City,Active
1008514,Ostiglia,"Ostiglia,Ostiglia,Lombardy,Italy",9053433,IT,City,Active
1008515,Porto Mantovano,"Porto Mantovano,Lombardy,Italy",9053433,IT,City,Active
1008516,Quistello,"Quistello,Quistello,Lombardy,Italy",9053433,IT,City,Active
1008517,Suzzara,"Suzzara,Suzzara,Lombardy,Italy",9053433,IT,City,Active
1008518,Viadana,"Viadana,Viadana,Lombardy,Italy",9053433,IT,City,Active
1008519,Bomporto,"Bomporto,Bomporto,Emilia-Romagna,Italy",9053429,IT,City,Active
1008520,Campogalliano,"Campogalliano,Campogalliano,Emilia-Romagna,Italy",9053429,IT,City,Active
1008521,Carpi,"Carpi,Carpi,Emilia-Romagna,Italy",9053429,IT,City,Active
1008522,Castelfranco Emilia,"Castelfranco Emilia,Castelfranco Emilia,Emilia-Romagna,Italy",9053429,IT,City,Active
1008523,Castelnuovo Rangone,"Castelnuovo Rangone,Castelnuovo Rangone,Emilia-Romagna,Italy",9053429,IT,City,Active
1008524,Finale Emilia,"Finale Emilia,Finale Emilia,Emilia-Romagna,Italy",9053429,IT,City,Active
1008525,Fiorano Modenese,"Fiorano Modenese,Emilia-Romagna,Italy",9053429,IT,City,Active
1008526,Formigine,"Formigine,Formigine,Emilia-Romagna,Italy",9053429,IT,City,Active
1008527,Maranello,"Maranello,Maranello,Emilia-Romagna,Italy",9053429,IT,City,Active
1008528,Mirandola,"Mirandola,Mirandola,Emilia-Romagna,Italy",9053429,IT,City,Active
1008529,Modena,"Modena,Modena,Emilia-Romagna,Italy",9053429,IT,City,Active
1008530,Nonantola,"Nonantola,Nonantola,Emilia-Romagna,Italy",9053429,IT,City,Active
1008531,Pavullo Nel Frignano,"Pavullo Nel Frignano,Emilia-Romagna,Italy",9053429,IT,City,Active
1008532,Polinago,"Polinago,Polinago,Emilia-Romagna,Italy",9053429,IT,City,Active
1008533,Ravarino,"Ravarino,Ravarino,Emilia-Romagna,Italy",9053429,IT,City,Active
1008534,Sassuolo,"Sassuolo,Sassuolo,Emilia-Romagna,Italy",9053429,IT,City,Active
1008535,Soliera,"Soliera,Soliera,Emilia-Romagna,Italy",9053429,IT,City,Active
1008536,Spezzano,"Spezzano,Emilia-Romagna,Italy",9053429,IT,Neighborhood,Active
1008537,Vignola,"Vignola,Vignola,Emilia-Romagna,Italy",9053429,IT,City,Active
1008538,Aulla,"Aulla,Aulla,Tuscany,Italy",9053440,IT,City,Active
1008539,Carrara,"Carrara,Carrara,Tuscany,Italy",9053440,IT,City,Active
1008540,Fosdinovo,"Fosdinovo,Fosdinovo,Tuscany,Italy",9053440,IT,City,Active
1008541,Marina di Carrara,"Marina di Carrara,Tuscany,Italy",9053440,IT,City,Active
1008542,Massa,"Massa,Massa,Tuscany,Italy",9053440,IT,City,Active
1008543,Matera,"Matera,Matera,Basilicata,Italy",9053426,IT,City,Active
1008544,Policoro,"Policoro,Policoro,Basilicata,Italy",9053426,IT,City,Active
1008545,Rotondella,"Rotondella,Rotondella,Basilicata,Italy",9053426,IT,City,Active
1008546,San Mauro Forte,"San Mauro Forte,San Mauro Forte,Basilicata,Italy",9053426,IT,City,Active
1008547,Afragola,"Afragola,Afragola,Campania,Italy",9053428,IT,City,Active
1008548,Arzano,"Arzano,Arzano,Campania,Italy",9053428,IT,City,Active
1008549,Bacoli,"Bacoli,Bacoli,Campania,Italy",9053428,IT,City,Active
1008550,Caivano,"Caivano,Caivano,Campania,Italy",9053428,IT,City,Active
1008551,Capri,"Capri,Capri,Campania,Italy",9053428,IT,City,Active
1008552,Casavatore,"Casavatore,Campania,Italy",9053428,IT,City,Active
1008553,Casoria,"Casoria,Casoria,Campania,Italy",9053428,IT,City,Active
1008554,Ercolano,"Ercolano,Ercolano,Campania,Italy",9053428,IT,City,Active
1008555,Giugliano in Campania,"Giugliano in Campania,Giugliano in Campania,Campania,Italy",9053428,IT,City,Active
1008556,Gragnano,"Gragnano,Gragnano,Campania,Italy",9053428,IT,City,Active
1008557,Ischia,"Ischia,Ischia,Campania,Italy",9053428,IT,City,Active
1008558,Marano di Napoli,"Marano di Napoli,Marano di Napoli,Campania,Italy",9053428,IT,City,Active
1008559,Marigliano,"Marigliano,Marigliano,Campania,Italy",9053428,IT,City,Active
1008560,Naples,"Naples,Naples,Campania,Italy",9053428,IT,City,Active
1008561,Nola,"Nola,Nola,Campania,Italy",9053428,IT,City,Active
1008562,Piano di Sorrento,"Piano di Sorrento,Piano di Sorrento,Campania,Italy",9053428,IT,City,Active
1008563,Pomigliano d'Arco,"Pomigliano d'Arco,Pomigliano d'Arco,Campania,Italy",9053428,IT,City,Active
1008564,Pompei,"Pompei,Pompei,Campania,Italy",9053428,IT,City,Active
1008565,Portici,"Portici,Portici,Campania,Italy",9053428,IT,City,Active
1008566,Pozzuoli,"Pozzuoli,Pozzuoli,Campania,Italy",9053428,IT,City,Active
1008567,Sorrento,"Sorrento,Sorrento,Campania,Italy",9053428,IT,City,Active
1008568,Torre Annunziata,"Torre Annunziata,Torre Annunziata,Campania,Italy",9053428,IT,City,Active
1008569,Torre del Greco,"Torre del Greco,Torre del Greco,Campania,Italy",9053428,IT,City,Active
1008570,Villaricca,"Villaricca,Villaricca,Campania,Italy",9053428,IT,City,Active
1008571,Arona,"Arona,Arona,Piedmont,Italy",9053436,IT,City,Active
1008572,Borgo Ticino,"Borgo Ticino,Borgo Ticino,Piedmont,Italy",9053436,IT,City,Active
1008573,Borgomanero,"Borgomanero,Borgomanero,Piedmont,Italy",9053436,IT,City,Active
1008574,Briga Novarese,"Briga Novarese,Briga Novarese,Piedmont,Italy",9053436,IT,City,Active
1008575,Galliate,"Galliate,Galliate,Piedmont,Italy",9053436,IT,City,Active
1008576,Gozzano,"Gozzano,Gozzano,Piedmont,Italy",9053436,IT,City,Active
1008577,Novara,"Novara,Novara,Piedmont,Italy",9053436,IT,City,Active
1008578,Oleggio,"Oleggio,Oleggio,Piedmont,Italy",9053436,IT,City,Active
1008579,Trecate,"Trecate,Trecate,Piedmont,Italy",9053436,IT,City,Active
1008580,Nuoro,"Nuoro,Nuoro,Sardinia,Italy",9053437,IT,City,Active
1008581,Oristano,"Oristano,Oristano,Sardinia,Italy",9053437,IT,City,Active
1008582,Santa Giusta,"Santa Giusta,Santa Giusta,Sardinia,Italy",9053437,IT,City,Active
1008583,Santu Lussurgiu,"Santu Lussurgiu,Santu Lussurgiu,Sardinia,Italy",9053437,IT,City,Active
1008584,Altofonte,"Altofonte,Altofonte,Sicily,Italy",9053438,IT,City,Active
1008585,Bagheria,"Bagheria,Bagheria,Sicily,Italy",9053438,IT,City,Active
1008586,Ciminna,"Ciminna,Ciminna,Sicily,Italy",9053438,IT,City,Active
1008587,Monreale,"Monreale,Monreale,Sicily,Italy",9053438,IT,City,Active
1008588,Palermo,"Palermo,Palermo,Sicily,Italy",9053438,IT,City,Active
1008589,Partinico,"Partinico,Partinico,Sicily,Italy",9053438,IT,City,Active
1008590,Borgonovo Val Tidone,"Borgonovo Val Tidone,Borgonovo Val Tidone,Emilia-Romagna,Italy",9053429,IT,City,Active
1008591,Castel San Giovanni,"Castel San Giovanni,Castel San Giovanni,Emilia-Romagna,Italy",9053429,IT,City,Active
1008592,Castelvetro Piacentino,"Castelvetro Piacentino,Castelvetro Piacentino,Emilia-Romagna,Italy",9053429,IT,City,Active
1008593,Fiorenzuola d'Arda,"Fiorenzuola d'Arda,Fiorenzuola d'Arda,Emilia-Romagna,Italy",9053429,IT,City,Active
1008594,Gragnano Trebbiense,"Gragnano Trebbiense,Gragnano Trebbiense,Emilia-Romagna,Italy",9053429,IT,City,Active
1008595,Piacenza,"Piacenza,Piacenza,Emilia-Romagna,Italy",9053429,IT,City,Active
1008596,Podenzano,"Podenzano,Podenzano,Emilia-Romagna,Italy",9053429,IT,City,Active
1008597,San Nicolo a Trebbia,"San Nicolo a Trebbia,Emilia-Romagna,Italy",9053429,IT,Neighborhood,Active
1008598,Abano Terme,"Abano Terme,Abano Terme,Veneto,Italy",9053442,IT,City,Active
1008599,Albignasego,"Albignasego,Albignasego,Veneto,Italy",9053442,IT,City,Active
1008600,Campodarsego,"Campodarsego,Campodarsego,Veneto,Italy",9053442,IT,City,Active
1008601,Camposampiero,"Camposampiero,Camposampiero,Veneto,Italy",9053442,IT,City,Active
1008602,Cittadella,"Cittadella,Cittadella,Veneto,Italy",9053442,IT,City,Active
1008603,Conselve,"Conselve,Conselve,Veneto,Italy",9053442,IT,City,Active
1008604,Legnaro,"Legnaro,Legnaro,Veneto,Italy",9053442,IT,City,Active
1008605,Limena,"Limena,Limena,Veneto,Italy",9053442,IT,City,Active
1008606,Mestrino,"Mestrino,Mestrino,Veneto,Italy",9053442,IT,City,Active
1008607,Monselice,"Monselice,Monselice,Veneto,Italy",9053442,IT,City,Active
1008608,Montagnana,"Montagnana,Montagnana,Veneto,Italy",9053442,IT,City,Active
1008609,Noventa Padovana,"Noventa Padovana,Noventa Padovana,Veneto,Italy",9053442,IT,City,Active
1008610,Onara,"Onara,Veneto,Italy",9053442,IT,City,Active
1008611,Padua,"Padua,Padua,Veneto,Italy",9053442,IT,City,Active
1008612,Rubano,"Rubano,Rubano,Veneto,Italy",9053442,IT,City,Active
1008613,San Giorgio in Bosco,"San Giorgio in Bosco,San Giorgio in Bosco,Veneto,Italy",9053442,IT,City,Active
1008614,Santa Giustina in Colle,"Santa Giustina in Colle,Santa Giustina in Colle,Veneto,Italy",9053442,IT,City,Active
1008615,Saonara,"Saonara,Saonara,Veneto,Italy",9053442,IT,City,Active
1008616,Sarmeola,"Sarmeola,Veneto,Italy",9053442,IT,City,Active
1008617,Selvazzano Dentro,"Selvazzano Dentro,Selvazzano Dentro,Veneto,Italy",9053442,IT,City,Active
1008618,Tombolo,"Tombolo,Tombolo,Veneto,Italy",9053442,IT,City,Active
1008619,Torreglia,"Torreglia,Torreglia,Veneto,Italy",9053442,IT,City,Active
1008620,Trebaseleghe,"Trebaseleghe,Trebaseleghe,Veneto,Italy",9053442,IT,City,Active
1008621,Vigonza,"Vigonza,Vigonza,Veneto,Italy",9053442,IT,City,Active
1008622,Montesilvano,"Montesilvano,Montesilvano,Abruzzo,Italy",9053423,IT,City,Active
1008623,Pescara,"Pescara,Pescara,Abruzzo,Italy",9053423,IT,City,Active
1008624,Pianella,"Pianella,Pianella,Abruzzo,Italy",9053423,IT,City,Active
1008625,Assisi,"Assisi,Assisi,Umbria,Italy",9053441,IT,City,Active
1008626,Bastia Umbra,"Bastia Umbra,Bastia Umbra,Umbria,Italy",9053441,IT,City,Active
1008627,Citta di Castello,"Citta di Castello,Citta di Castello,Umbria,Italy",9053441,IT,City,Active
1008628,Corciano,"Corciano,Corciano,Umbria,Italy",9053441,IT,City,Active
1008629,Foligno,"Foligno,Foligno,Umbria,Italy",9053441,IT,City,Active
1008630,Gualdo Tadino,"Gualdo Tadino,Gualdo Tadino,Umbria,Italy",9053441,IT,City,Active
1008631,Gubbio,"Gubbio,Gubbio,Umbria,Italy",9053441,IT,City,Active
1008632,Marsciano,"Marsciano,Marsciano,Umbria,Italy",9053441,IT,City,Active
1008633,Massa Martana,"Massa Martana,Massa Martana,Umbria,Italy",9053441,IT,City,Active
1008634,Perugia,"Perugia,Perugia,Umbria,Italy",9053441,IT,City,Active
1008635,Ponte Felcino,"Ponte Felcino,Umbria,Italy",9053441,IT,City,Active
1008636,San Giustino,"San Giustino,San Giustino,Umbria,Italy",9053441,IT,City,Active
1008637,San Mariano,"San Mariano,Umbria,Italy",9053441,IT,City,Active
1008638,San Martino In Campo,"San Martino In Campo,Umbria,Italy",9053441,IT,City,Active
1008639,Spoleto,"Spoleto,Spoleto,Umbria,Italy",9053441,IT,City,Active
1008640,Todi,"Todi,Todi,Umbria,Italy",9053441,IT,City,Active
1008641,Torgiano,"Torgiano,Torgiano,Umbria,Italy",9053441,IT,City,Active
1008642,Umbertide,"Umbertide,Umbertide,Umbria,Italy",9053441,IT,City,Active
1008643,Cascina,"Cascina,Cascina,Tuscany,Italy",9053440,IT,City,Active
1008644,Calcinaia,"Calcinaia,Calcinaia,Tuscany,Italy",9053440,IT,City,Active
1008645,Pisa,"Pisa,Pisa,Tuscany,Italy",9053440,IT,City,Active
1008646,Ponsacco,"Ponsacco,Ponsacco,Tuscany,Italy",9053440,IT,City,Active
1008647,Pontedera,"Pontedera,Pontedera,Tuscany,Italy",9053440,IT,City,Active
1008648,San Giuliano Terme,"San Giuliano Terme,San Giuliano Terme,Tuscany,Italy",9053440,IT,City,Active
1008649,San Miniato,"San Miniato,Tuscany,Italy",9053440,IT,City,Active
1008650,Santa Croce sull'Arno,"Santa Croce sull'Arno,Santa Croce sull'Arno,Tuscany,Italy",9053440,IT,City,Active
1008651,Volterra,"Volterra,Volterra,Tuscany,Italy",9053440,IT,City,Active
1008652,Aviano,"Aviano,Aviano,Friuli-Venezia Giulia,Italy",9053430,IT,City,Active
1008653,Azzano Decimo,"Azzano Decimo,Azzano Decimo,Friuli-Venezia Giulia,Italy",9053430,IT,City,Active
1008654,Brugnera,"Brugnera,Brugnera,Friuli-Venezia Giulia,Italy",9053430,IT,City,Active
1008655,Cordenons,"Cordenons,Cordenons,Friuli-Venezia Giulia,Italy",9053430,IT,City,Active
1008656,Fontanafredda,"Fontanafredda,Fontanafredda,Friuli-Venezia Giulia,Italy",9053430,IT,City,Active
1008657,Maniago,"Maniago,Maniago,Friuli-Venezia Giulia,Italy",9053430,IT,City,Active
1008658,Pordenone,"Pordenone,Pordenone,Friuli-Venezia Giulia,Italy",9053430,IT,City,Active
1008659,Roveredo in Piano,"Roveredo in Piano,Roveredo in Piano,Friuli-Venezia Giulia,Italy",9053430,IT,City,Active
1008660,Sacile,"Sacile,Sacile,Friuli-Venezia Giulia,Italy",9053430,IT,City,Active
1008661,San Vito al Tagliamento,"San Vito al Tagliamento,San Vito al Tagliamento,Friuli-Venezia Giulia,Italy",9053430,IT,City,Active
1008662,Spilimbergo,"Spilimbergo,Spilimbergo,Friuli-Venezia Giulia,Italy",9053430,IT,City,Active
1008663,Fornacelle,"Fornacelle,Tuscany,Italy",9053440,IT,City,Active
1008664,Prato,"Prato,Prato,Tuscany,Italy",9053440,IT,City,Active
1008665,Collecchio,"Collecchio,Collecchio,Emilia-Romagna,Italy",9053429,IT,City,Active
1008666,Fidenza,"Fidenza,Fidenza,Emilia-Romagna,Italy",9053429,IT,City,Active
1008667,Fornovo di Taro,"Fornovo di Taro,Fornovo di Taro,Emilia-Romagna,Italy",9053429,IT,City,Active
1008668,Parma,"Parma,Parma,Emilia-Romagna,Italy",9053429,IT,City,Active
1008669,Rubbiano,"Rubbiano,Emilia-Romagna,Italy",9053429,IT,City,Active
1008670,Salsomaggiore Terme,"Salsomaggiore Terme,Salsomaggiore Terme,Emilia-Romagna,Italy",9053429,IT,City,Active
1008671,Torrile,"Torrile,Torrile,Emilia-Romagna,Italy",9053429,IT,City,Active
1008672,Fano,"Fano,Fano,Marche,Italy",9053434,IT,City,Active
1008673,Pesaro,"Pesaro,Pesaro,Marche,Italy",9053434,IT,City,Active
1008674,Talamello,"Talamello,Talamello,Emilia-Romagna,Italy",9053429,IT,City,Active
1008675,Urbino,"Urbino,Urbino,Marche,Italy",9053434,IT,City,Active
1008676,Montecatini Terme,"Montecatini Terme,Tuscany,Italy",9053440,IT,City,Active
1008677,Pescia,"Pescia,Pescia,Tuscany,Italy",9053440,IT,City,Active
1008678,Pieve A Nievole,"Pieve A Nievole,Tuscany,Italy",9053440,IT,City,Active
1008679,Pistoia,"Pistoia,Pistoia,Tuscany,Italy",9053440,IT,City,Active
1008680,San Marcello Pistoiese,"San Marcello Pistoiese,Tuscany,Italy",9053440,IT,City,Active
1008681,Uzzano,"Uzzano,Uzzano,Tuscany,Italy",9053440,IT,City,Active
1008682,Casteggio,"Casteggio,Casteggio,Lombardy,Italy",9053433,IT,City,Active
1008683,Cava Manara,"Cava Manara,Cava Manara,Lombardy,Italy",9053433,IT,City,Active
1008684,Cura Carpignano,"Cura Carpignano,Cura Carpignano,Lombardy,Italy",9053433,IT,City,Active
1008685,Mortara,"Mortara,Mortara,Lombardy,Italy",9053433,IT,City,Active
1008686,Pavia,"Pavia,Pavia,Lombardy,Italy",9053433,IT,City,Active
1008687,Vigevano,"Vigevano,Vigevano,Lombardy,Italy",9053433,IT,City,Active
1008688,Voghera,"Voghera,Voghera,Lombardy,Italy",9053433,IT,City,Active
1008689,Lauria,"Lauria,Lauria,Basilicata,Italy",9053426,IT,City,Active
1008690,Melfi,"Melfi,Melfi,Basilicata,Italy",9053426,IT,City,Active
1008691,Potenza,"Potenza,Potenza,Basilicata,Italy",9053426,IT,City,Active
1008692,Tito,"Tito,Tito,Basilicata,Italy",9053426,IT,City,Active
1008693,Alfonsine,"Alfonsine,Alfonsine,Emilia-Romagna,Italy",9053429,IT,City,Active
1008694,Castel Bolognese,"Castel Bolognese,Castel Bolognese,Emilia-Romagna,Italy",9053429,IT,City,Active
1008695,Cervia,"Cervia,Cervia,Emilia-Romagna,Italy",9053429,IT,City,Active
1008696,Cotignola,"Cotignola,Cotignola,Emilia-Romagna,Italy",9053429,IT,City,Active
1008697,Faenza,"Faenza,Faenza,Emilia-Romagna,Italy",9053429,IT,City,Active
1008698,Lugo,"Lugo,Lugo,Emilia-Romagna,Italy",9053429,IT,City,Active
1008699,Ravenna,"Ravenna,Ravenna,Emilia-Romagna,Italy",9053429,IT,City,Active
1008700,Gioia Tauro,"Gioia Tauro,Gioia Tauro,Calabria,Italy",9053427,IT,City,Active
1008701,Locri,"Locri,Locri,Calabria,Italy",9053427,IT,City,Active
1008702,Reggio Calabria,"Reggio Calabria,Reggio Calabria,Calabria,Italy",9053427,IT,City,Active
1008703,Villa San Giovanni,"Villa San Giovanni,Villa San Giovanni,Calabria,Italy",9053427,IT,City,Active
1008704,Canossa,"Canossa,Canossa,Emilia-Romagna,Italy",9053429,IT,City,Active
1008705,Casalgrande,"Casalgrande,Casalgrande,Emilia-Romagna,Italy",9053429,IT,City,Active
1008706,Cavriago,"Cavriago,Cavriago,Emilia-Romagna,Italy",9053429,IT,City,Active
1008707,Correggio,"Correggio,Correggio,Emilia-Romagna,Italy",9053429,IT,City,Active
1008708,Guastalla,"Guastalla,Guastalla,Emilia-Romagna,Italy",9053429,IT,City,Active
1008709,Lentigione,"Lentigione,Emilia-Romagna,Italy",9053429,IT,City,Active
1008710,Montecchio Emilia,"Montecchio Emilia,Montecchio Emilia,Emilia-Romagna,Italy",9053429,IT,City,Active
1008711,Reggio Emilia,"Reggio Emilia,Reggio Emilia,Emilia-Romagna,Italy",9053429,IT,City,Active
1008712,Reggiolo,"Reggiolo,Reggiolo,Emilia-Romagna,Italy",9053429,IT,City,Active
1008713,Rubiera,"Rubiera,Rubiera,Emilia-Romagna,Italy",9053429,IT,City,Active
1008714,Scandiano,"Scandiano,Scandiano,Emilia-Romagna,Italy",9053429,IT,City,Active
1008715,Viano,"Viano,Viano,Emilia-Romagna,Italy",9053429,IT,City,Active
1008716,Modica,"Modica,Modica,Sicily,Italy",9053438,IT,City,Active
1008717,Ragusa,"Ragusa,Ragusa,Sicily,Italy",9053438,IT,City,Active
1008718,Scicli,"Scicli,Scicli,Sicily,Italy",9053438,IT,City,Active
1008719,Vittoria,"Vittoria,Vittoria,Sicily,Italy",9053438,IT,City,Active
1008720,Fara In Sabina,"Fara In Sabina,Lazio,Italy",9053431,IT,City,Active
1008721,Rieti,"Rieti,Rieti,Lazio,Italy",9053431,IT,City,Active
1008722,Ardea,"Ardea,Ardea,Lazio,Italy",9053431,IT,City,Active
1008723,Ariccia,"Ariccia,Ariccia,Lazio,Italy",9053431,IT,City,Active
1008725,Bracciano,"Bracciano,Bracciano,Lazio,Italy",9053431,IT,City,Active
1008726,Cerveteri,"Cerveteri,Cerveteri,Lazio,Italy",9053431,IT,City,Active
1008727,Civitavecchia,"Civitavecchia,Civitavecchia,Lazio,Italy",9053431,IT,City,Active
1008728,Colleferro,"Colleferro,Colleferro,Lazio,Italy",9053431,IT,City,Active
1008729,Fiumicino,"Fiumicino,Lazio,Italy",9053431,IT,Municipality,Active
1008730,Formello,"Formello,Formello,Lazio,Italy",9053431,IT,City,Active
1008731,Frascati,"Frascati,Frascati,Lazio,Italy",9053431,IT,City,Active
1008732,Guidonia Montecelio,"Guidonia Montecelio,Lazio,Italy",9053431,IT,City,Active
1008733,Monterotondo,"Monterotondo,Monterotondo,Lazio,Italy",9053431,IT,City,Active
1008734,Pomezia,"Pomezia,Pomezia,Lazio,Italy",9053431,IT,City,Active
1008735,Ponte Galeria,"Ponte Galeria,Lazio,Italy",9053431,IT,City,Active
1008736,Rome,"Rome,Rome,Lazio,Italy",9053431,IT,City,Active
1008737,Tivoli,"Tivoli,Tivoli,Lazio,Italy",9053431,IT,City,Active
1008738,Torvaianica,"Torvaianica,Lazio,Italy",9053431,IT,City,Active
1008739,Torre Gaia,"Torre Gaia,Lazio,Italy",9053431,IT,Neighborhood,Active
1008740,Trevignano Romano,"Trevignano Romano,Trevignano Romano,Lazio,Italy",9053431,IT,City,Active
1008741,Valmontone,"Valmontone,Valmontone,Lazio,Italy",9053431,IT,City,Active
1008742,Igea Marina,"Igea Marina,Emilia-Romagna,Italy",9053429,IT,City,Active
1008743,Cesenatico,"Cesenatico,Cesenatico,Emilia-Romagna,Italy",9053429,IT,City,Active
1008744,Misano Adriatico,"Misano Adriatico,Misano Adriatico,Emilia-Romagna,Italy",9053429,IT,City,Active
1008745,Riccione,"Riccione,Riccione,Emilia-Romagna,Italy",9053429,IT,City,Active
1008746,Rimini,"Rimini,Rimini,Emilia-Romagna,Italy",9053429,IT,City,Active
1008747,Savignano sul Rubicone,"Savignano sul Rubicone,Savignano sul Rubicone,Emilia-Romagna,Italy",9053429,IT,City,Active
1008748,Rosolina,"Rosolina,Rosolina,Veneto,Italy",9053442,IT,City,Active
1008749,Rovigo,"Rovigo,Rovigo,Veneto,Italy",9053442,IT,City,Active
1008750,Agropoli,"Agropoli,Agropoli,Campania,Italy",9053428,IT,City,Active
1008751,Angri,"Angri,Angri,Campania,Italy",9053428,IT,City,Active
1008752,Baronissi,"Baronissi,Baronissi,Campania,Italy",9053428,IT,City,Active
1008753,Battipaglia,"Battipaglia,Battipaglia,Campania,Italy",9053428,IT,City,Active
1008754,Buccino,"Buccino,Buccino,Campania,Italy",9053428,IT,City,Active
1008755,Castellabate,"Castellabate,Castellabate,Campania,Italy",9053428,IT,City,Active
1008756,Cava de' Tirreni,"Cava de' Tirreni,Cava de' Tirreni,Campania,Italy",9053428,IT,City,Active
1008757,Eboli,"Eboli,Eboli,Campania,Italy",9053428,IT,City,Active
1008758,Nocera Inferiore,"Nocera Inferiore,Nocera Inferiore,Campania,Italy",9053428,IT,City,Active
1008759,Pagani,"Pagani,Pagani,Campania,Italy",9053428,IT,City,Active
1008760,Positano,"Positano,Positano,Campania,Italy",9053428,IT,City,Active
1008761,Ravello,"Ravello,Ravello,Campania,Italy",9053428,IT,City,Active
1008762,Roccapiemonte,"Roccapiemonte,Roccapiemonte,Campania,Italy",9053428,IT,City,Active
1008763,Sala Consilina,"Sala Consilina,Sala Consilina,Campania,Italy",9053428,IT,City,Active
1008764,Salerno,"Salerno,Salerno,Campania,Italy",9053428,IT,City,Active
1008765,San Valentino Torio,"San Valentino Torio,San Valentino Torio,Campania,Italy",9053428,IT,City,Active
1008766,Macchiaroli,"Macchiaroli,Campania,Italy",9053428,IT,City,Active
1008767,Chiusi,"Chiusi,Chiusi,Tuscany,Italy",9053440,IT,City,Active
1008768,Monteriggioni,"Monteriggioni,Monteriggioni,Tuscany,Italy",9053440,IT,City,Active
1008769,Poggibonsi,"Poggibonsi,Poggibonsi,Tuscany,Italy",9053440,IT,City,Active
1008770,Radicondoli,"Radicondoli,Radicondoli,Tuscany,Italy",9053440,IT,City,Active
1008771,Siena,"Siena,Siena,Tuscany,Italy",9053440,IT,City,Active
1008772,Sinalunga,"Sinalunga,Sinalunga,Tuscany,Italy",9053440,IT,City,Active
1008773,Torrita di Siena,"Torrita di Siena,Torrita di Siena,Tuscany,Italy",9053440,IT,City,Active
1008774,Chiavenna,"Chiavenna,Chiavenna,Lombardy,Italy",9053433,IT,City,Active
1008775,Chiuro,"Chiuro,Chiuro,Lombardy,Italy",9053433,IT,City,Active
1008776,Cosio Valtellino,"Cosio Valtellino,Cosio Valtellino,Lombardy,Italy",9053433,IT,City,Active
1008777,Livigno,"Livigno,Livigno,Lombardy,Italy",9053433,IT,City,Active
1008778,Poggiridenti,"Poggiridenti,Lombardy,Italy",9053433,IT,City,Active
1008779,Santa Lucia,"Santa Lucia,Lombardy,Italy",9053433,IT,City,Active
1008780,Sondrio,"Sondrio,Sondrio,Lombardy,Italy",9053433,IT,City,Active
1008781,Castelnuovo Magra,"Castelnuovo Magra,Castelnuovo Magra,Liguria,Italy",9053432,IT,City,Active
1008782,La Spezia,"La Spezia,La Spezia,Liguria,Italy",9053432,IT,City,Active
1008783,Sarzana,"Sarzana,Sarzana,Liguria,Italy",9053432,IT,City,Active
1008784,Augusta,"Augusta,Augusta,Sicily,Italy",9053438,IT,City,Active
1008785,Floridia,"Floridia,Floridia,Sicily,Italy",9053438,IT,City,Active
1008786,Priolo Gargallo,"Priolo Gargallo,Priolo Gargallo,Sicily,Italy",9053438,IT,City,Active
1008787,Syracuse,"Syracuse,Syracuse,Sicily,Italy",9053438,IT,City,Active
1008788,Alghero,"Alghero,Alghero,Sardinia,Italy",9053437,IT,City,Active
1008789,Calangianus,"Calangianus,Calangianus,Sardinia,Italy",9053437,IT,City,Active
1008790,Ittiri,"Ittiri,Ittiri,Sardinia,Italy",9053437,IT,City,Active
1008791,Olbia,"Olbia,Olbia,Sardinia,Italy",9053437,IT,City,Active
1008792,Porto Cervo,"Porto Cervo,Sardinia,Italy",9053437,IT,City,Active
1008793,Porto Torres,"Porto Torres,Porto Torres,Sardinia,Italy",9053437,IT,City,Active
1008794,Sassari,"Sassari,Sassari,Sardinia,Italy",9053437,IT,City,Active
1008795,Sorso,"Sorso,Sorso,Sardinia,Italy",9053437,IT,City,Active
1008796,Albenga,"Albenga,Albenga,Liguria,Italy",9053432,IT,City,Active
1008797,Albissola Marina,"Albissola Marina,Albissola Marina,Liguria,Italy",9053432,IT,City,Active
1008798,Andora,"Andora,Andora,Liguria,Italy",9053432,IT,City,Active
1008799,Loano,"Loano,Loano,Liguria,Italy",9053432,IT,City,Active
1008800,Savona,"Savona,Savona,Liguria,Italy",9053432,IT,City,Active
1008801,Spotorno,"Spotorno,Spotorno,Liguria,Italy",9053432,IT,City,Active
1008802,Vado Ligure,"Vado Ligure,Vado Ligure,Liguria,Italy",9053432,IT,City,Active
1008803,Lizzano,"Lizzano,Lizzano,Apulia,Italy",9053425,IT,City,Active
1008804,Manduria,"Manduria,Manduria,Apulia,Italy",9053425,IT,City,Active
1008805,Martina Franca,"Martina Franca,Martina Franca,Apulia,Italy",9053425,IT,City,Active
1008806,San Giorgio Ionico,"San Giorgio Ionico,San Giorgio Ionico,Apulia,Italy",9053425,IT,City,Active
1008807,Taranto,"Taranto,Apulia,Italy",9053425,IT,City,Active
1008808,Ancarano,"Ancarano,Ancarano,Abruzzo,Italy",9053423,IT,City,Active
1008809,Colonnella,"Colonnella,Colonnella,Abruzzo,Italy",9053423,IT,City,Active
1008810,Corropoli,"Corropoli,Corropoli,Abruzzo,Italy",9053423,IT,City,Active
1008811,Martinsicuro,"Martinsicuro,Martinsicuro,Abruzzo,Italy",9053423,IT,City,Active
1008812,Pineto,"Pineto,Pineto,Abruzzo,Italy",9053423,IT,City,Active
1008813,Roseto degli Abruzzi,"Roseto degli Abruzzi,Roseto degli Abruzzi,Abruzzo,Italy",9053423,IT,City,Active
1008814,Silvi Marina,"Silvi Marina,Abruzzo,Italy",9053423,IT,Neighborhood,Active
1008815,Teramo,"Teramo,Teramo,Abruzzo,Italy",9053423,IT,City,Active
1008816,Ala,"Ala,Ala,Trentino-South Tyrol,Italy",9053439,IT,City,Active
1008817,Arco,"Arco,Arco,Trentino-South Tyrol,Italy",9053439,IT,City,Active
1008818,Fornace,"Fornace,Fornace,Trentino-South Tyrol,Italy",9053439,IT,City,Active
1008819,Marco,"Marco,Trentino-South Tyrol,Italy",9053439,IT,City,Active
1008820,Mattarello,"Mattarello,Trentino-South Tyrol,Italy",9053439,IT,City,Active
1008821,Mezzolombardo,"Mezzolombardo,Mezzolombardo,Trentino-South Tyrol,Italy",9053439,IT,City,Active
1008822,Pergine Valsugana,"Pergine Valsugana,Pergine Valsugana,Trentino-South Tyrol,Italy",9053439,IT,City,Active
1008823,Povo,"Povo,Trentino-South Tyrol,Italy",9053439,IT,City,Active
1008824,Riva del Garda,"Riva del Garda,Riva del Garda,Trentino-South Tyrol,Italy",9053439,IT,City,Active
1008825,Rovereto,"Rovereto,Rovereto,Trentino-South Tyrol,Italy",9053439,IT,City,Active
1008826,Tassullo,"Tassullo,Trentino-South Tyrol,Italy",9053439,IT,City,Active
1008827,Trento,"Trento,Trento,Trentino-South Tyrol,Italy",9053439,IT,City,Active
1008828,Vezzano,"Vezzano,Trentino-South Tyrol,Italy",9053439,IT,City,Active
1008829,Airasca,"Airasca,Airasca,Piedmont,Italy",9053436,IT,City,Active
1008830,Avigliana,"Avigliana,Avigliana,Piedmont,Italy",9053436,IT,City,Active
1008831,Beinasco,"Beinasco,Beinasco,Piedmont,Italy",9053436,IT,City,Active
1008832,Borgaro Torinese,"Borgaro Torinese,Borgaro Torinese,Piedmont,Italy",9053436,IT,City,Active
1008833,Cambiano,"Cambiano,Cambiano,Piedmont,Italy",9053436,IT,City,Active
1008834,Carmagnola,"Carmagnola,Carmagnola,Piedmont,Italy",9053436,IT,City,Active
1008835,Chieri,"Chieri,Chieri,Piedmont,Italy",9053436,IT,City,Active
1008836,Chivasso,"Chivasso,Chivasso,Piedmont,Italy",9053436,IT,City,Active
1008837,Collegno,"Collegno,Collegno,Piedmont,Italy",9053436,IT,City,Active
1008838,Grugliasco,"Grugliasco,Grugliasco,Piedmont,Italy",9053436,IT,City,Active
1008839,Ivrea,"Ivrea,Ivrea,Piedmont,Italy",9053436,IT,City,Active
1008840,La Cassa,"La Cassa,La Cassa,Piedmont,Italy",9053436,IT,City,Active
1008841,La Loggia,"La Loggia,La Loggia,Piedmont,Italy",9053436,IT,City,Active
1008842,Lanzo Torinese,"Lanzo Torinese,Lanzo Torinese,Piedmont,Italy",9053436,IT,City,Active
1008843,Leini,"Leini,Leini,Piedmont,Italy",9053436,IT,City,Active
1008844,Luserna San Giovanni,"Luserna San Giovanni,Piedmont,Italy",9053436,IT,City,Active
1008845,Moncalieri,"Moncalieri,Moncalieri,Piedmont,Italy",9053436,IT,City,Active
1008846,Nichelino,"Nichelino,Nichelino,Piedmont,Italy",9053436,IT,City,Active
1008847,None,"None,None,Piedmont,Italy",9053436,IT,City,Active
1008848,Orbassano,"Orbassano,Orbassano,Piedmont,Italy",9053436,IT,City,Active
1008849,Pianezza,"Pianezza,Pianezza,Piedmont,Italy",9053436,IT,City,Active
1008850,Pinerolo,"Pinerolo,Pinerolo,Piedmont,Italy",9053436,IT,City,Active
1008851,Rivalta di Torino,"Rivalta di Torino,Rivalta di Torino,Piedmont,Italy",9053436,IT,City,Active
1008852,Rivarolo Canavese,"Rivarolo Canavese,Rivarolo Canavese,Piedmont,Italy",9053436,IT,City,Active
1008853,Rivoli,"Rivoli,Rivoli,Piedmont,Italy",9053436,IT,City,Active
1008854,San Giusto Canavese,"San Giusto Canavese,San Giusto Canavese,Piedmont,Italy",9053436,IT,City,Active
1008855,San Mauro Torinese,"San Mauro Torinese,San Mauro Torinese,Piedmont,Italy",9053436,IT,City,Active
1008856,Settimo Torinese,"Settimo Torinese,Settimo Torinese,Piedmont,Italy",9053436,IT,City,Active
1008857,Turin,"Turin,Turin,Piedmont,Italy",9053436,IT,City,Active
1008858,Valperga,"Valperga,Valperga,Piedmont,Italy",9053436,IT,City,Active
1008859,Venaria,"Venaria,Piedmont,Italy",9053436,IT,City,Active
1008860,Vinovo,"Vinovo,Vinovo,Piedmont,Italy",9053436,IT,City,Active
1008861,Volpiano,"Volpiano,Piedmont,Italy",9053436,IT,City,Active
1008862,Alcamo,"Alcamo,Alcamo,Sicily,Italy",9053438,IT,City,Active
1008863,Marsala,"Marsala,Marsala,Sicily,Italy",9053438,IT,City,Active
1008864,Mazara del Vallo,"Mazara del Vallo,Mazara del Vallo,Sicily,Italy",9053438,IT,City,Active
1008865,Pantelleria,"Pantelleria,Pantelleria,Sicily,Italy",9053438,IT,City,Active
1008866,Trapani,"Trapani,Trapani,Sicily,Italy",9053438,IT,City,Active
1008867,Amelia,"Amelia,Amelia,Umbria,Italy",9053441,IT,City,Active
1008868,Orvieto,"Orvieto,Orvieto,Umbria,Italy",9053441,IT,City,Active
1008869,Terni,"Terni,Terni,Umbria,Italy",9053441,IT,City,Active
1008870,Trieste,"Trieste,Trieste,Friuli-Venezia Giulia,Italy",9053430,IT,City,Active
1008871,Asolo,"Asolo,Asolo,Veneto,Italy",9053442,IT,City,Active
1008872,Candelu,"Candelu,Veneto,Italy",9053442,IT,City,Active
1008873,Carbonera,"Carbonera,Carbonera,Veneto,Italy",9053442,IT,City,Active
1008874,Casier,"Casier,Casier,Veneto,Italy",9053442,IT,City,Active
1008875,Castelfranco Veneto,"Castelfranco Veneto,Castelfranco Veneto,Veneto,Italy",9053442,IT,City,Active
1008876,Castello di Godego,"Castello di Godego,Castello di Godego,Veneto,Italy",9053442,IT,City,Active
1008877,Conegliano,"Conegliano,Conegliano,Veneto,Italy",9053442,IT,City,Active
1008878,Cornuda,"Cornuda,Cornuda,Veneto,Italy",9053442,IT,City,Active
1008879,Crocetta del Montello,"Crocetta del Montello,Crocetta del Montello,Veneto,Italy",9053442,IT,City,Active
1008880,Fontanelle,"Fontanelle,Fontanelle,Veneto,Italy",9053442,IT,City,Active
1008882,Mignagola,"Mignagola,Veneto,Italy",9053442,IT,City,Active
1008883,Mogliano Veneto,"Mogliano Veneto,Mogliano Veneto,Veneto,Italy",9053442,IT,City,Active
1008884,Montebelluna,"Montebelluna,Montebelluna,Veneto,Italy",9053442,IT,City,Active
1008885,Oderzo,"Oderzo,Oderzo,Veneto,Italy",9053442,IT,City,Active
1008886,Paese,"Paese,Veneto,Italy",9053442,IT,City,Active
1008887,Pieve di Soligo,"Pieve di Soligo,Pieve di Soligo,Veneto,Italy",9053442,IT,City,Active
1008888,Preganziol,"Preganziol,Veneto,Italy",9053442,IT,City,Active
1008889,Quinto di Treviso,"Quinto di Treviso,Quinto di Treviso,Veneto,Italy",9053442,IT,City,Active
1008890,San Vendemiano,"San Vendemiano,San Vendemiano,Veneto,Italy",9053442,IT,City,Active
1008891,Silea,"Silea,Silea,Veneto,Italy",9053442,IT,City,Active
1008892,Spresiano,"Spresiano,Spresiano,Veneto,Italy",9053442,IT,City,Active
1008893,Susegana,"Susegana,Susegana,Veneto,Italy",9053442,IT,City,Active
1008894,Treviso,"Treviso,Treviso,Veneto,Italy",9053442,IT,City,Active
1008895,Valdobbiadene,"Valdobbiadene,Valdobbiadene,Veneto,Italy",9053442,IT,City,Active
1008896,Villorba,"Villorba,Villorba,Veneto,Italy",9053442,IT,City,Active
1008897,Vittorio Veneto,"Vittorio Veneto,Vittorio Veneto,Veneto,Italy",9053442,IT,City,Active
1008898,Volpago del Montello,"Volpago del Montello,Volpago del Montello,Veneto,Italy",9053442,IT,City,Active
1008899,Basiliano,"Basiliano,Basiliano,Friuli-Venezia Giulia,Italy",9053430,IT,City,Active
1008900,Campoformido,"Campoformido,Campoformido,Friuli-Venezia Giulia,Italy",9053430,IT,City,Active
1008901,Cassacco,"Cassacco,Cassacco,Friuli-Venezia Giulia,Italy",9053430,IT,City,Active
1008902,Cervignano del Friuli,"Cervignano del Friuli,Cervignano del Friuli,Friuli-Venezia Giulia,Italy",9053430,IT,City,Active
1008903,Cividale del Friuli,"Cividale del Friuli,Cividale del Friuli,Friuli-Venezia Giulia,Italy",9053430,IT,City,Active
1008904,Codroipo,"Codroipo,Codroipo,Friuli-Venezia Giulia,Italy",9053430,IT,City,Active
1008905,Lignano Sabbiadoro,"Lignano Sabbiadoro,Lignano Sabbiadoro,Friuli-Venezia Giulia,Italy",9053430,IT,City,Active
1008906,Pocenia,"Pocenia,Pocenia,Friuli-Venezia Giulia,Italy",9053430,IT,City,Active
1008907,Pradamano,"Pradamano,Pradamano,Friuli-Venezia Giulia,Italy",9053430,IT,City,Active
1008908,San Giovanni al Natisone,"San Giovanni al Natisone,San Giovanni al Natisone,Friuli-Venezia Giulia,Italy",9053430,IT,City,Active
1008909,Tavagnacco,"Tavagnacco,Tavagnacco,Friuli-Venezia Giulia,Italy",9053430,IT,City,Active
1008910,Tolmezzo,"Tolmezzo,Tolmezzo,Friuli-Venezia Giulia,Italy",9053430,IT,City,Active
1008911,Udine,"Udine,Udine,Friuli-Venezia Giulia,Italy",9053430,IT,City,Active
1008912,Verzegnis,"Verzegnis,Friuli-Venezia Giulia,Italy",9053430,IT,City,Active
1008913,Albizzate,"Albizzate,Albizzate,Lombardy,Italy",9053433,IT,City,Active
1008914,Busto Arsizio,"Busto Arsizio,Busto Arsizio,Lombardy,Italy",9053433,IT,City,Active
1008915,Cardano Al Campo,"Cardano Al Campo,Lombardy,Italy",9053433,IT,City,Active
1008916,Caronno Pertusella,"Caronno Pertusella,Caronno Pertusella,Lombardy,Italy",9053433,IT,City,Active
1008917,Cassano Magnago,"Cassano Magnago,Cassano Magnago,Lombardy,Italy",9053433,IT,City,Active
1008918,Castellanza,"Castellanza,Castellanza,Lombardy,Italy",9053433,IT,City,Active
1008919,Cavaria,"Cavaria,Lombardy,Italy",9053433,IT,City,Active
1008920,Cuveglio,"Cuveglio,Cuveglio,Lombardy,Italy",9053433,IT,City,Active
1008921,Fagnano Olona,"Fagnano Olona,Fagnano Olona,Lombardy,Italy",9053433,IT,City,Active
1008922,Gallarate,"Gallarate,Gallarate,Lombardy,Italy",9053433,IT,City,Active
1008923,Gavirate,"Gavirate,Gavirate,Lombardy,Italy",9053433,IT,City,Active
1008924,Gazzada Schianno,"Gazzada Schianno,Gazzada Schianno,Lombardy,Italy",9053433,IT,City,Active
1008925,Germignaga,"Germignaga,Germignaga,Lombardy,Italy",9053433,IT,City,Active
1008926,Induno Olona,"Induno Olona,Induno Olona,Lombardy,Italy",9053433,IT,City,Active
1008927,Ispra,"Ispra,Ispra,Lombardy,Italy",9053433,IT,City,Active
1008928,Laveno,"Laveno,Lombardy,Italy",9053433,IT,City,Active
1008929,Lonate Pozzolo,"Lonate Pozzolo,Lonate Pozzolo,Lombardy,Italy",9053433,IT,City,Active
1008930,Luino,"Luino,Luino,Lombardy,Italy",9053433,IT,City,Active
1008931,Malnate,"Malnate,Malnate,Lombardy,Italy",9053433,IT,City,Active
1008932,Olgiate Olona,"Olgiate Olona,Olgiate Olona,Lombardy,Italy",9053433,IT,City,Active
1008933,Saronno,"Saronno,Saronno,Lombardy,Italy",9053433,IT,City,Active
1008934,Sesto Calende,"Sesto Calende,Sesto Calende,Lombardy,Italy",9053433,IT,City,Active
1008935,Solbiate Arno,"Solbiate Arno,Solbiate Arno,Lombardy,Italy",9053433,IT,City,Active
1008936,Somma Lombardo,"Somma Lombardo,Somma Lombardo,Lombardy,Italy",9053433,IT,City,Active
1008937,Varese,"Varese,Varese,Lombardy,Italy",9053433,IT,City,Active
1008938,Venegono Superiore,"Venegono Superiore,Venegono Superiore,Lombardy,Italy",9053433,IT,City,Active
1008939,Baveno,"Baveno,Baveno,Piedmont,Italy",9053436,IT,City,Active
1008940,Domodossola,"Domodossola,Domodossola,Piedmont,Italy",9053436,IT,City,Active
1008941,Omegna,"Omegna,Omegna,Piedmont,Italy",9053436,IT,City,Active
1008942,Verbania,"Verbania,Verbania,Piedmont,Italy",9053436,IT,City,Active
1008943,Borgosesia,"Borgosesia,Borgosesia,Piedmont,Italy",9053436,IT,City,Active
1008944,Ponzone,"Ponzone,Ponzone,Piedmont,Italy",9053436,IT,City,Active
1008945,Santhia,"Santhia,Santhia,Piedmont,Italy",9053436,IT,City,Active
1008946,Tricerro,"Tricerro,Tricerro,Piedmont,Italy",9053436,IT,City,Active
1008947,Trino,"Trino,Trino,Piedmont,Italy",9053436,IT,City,Active
1008948,Vercelli,"Vercelli,Vercelli,Piedmont,Italy",9053436,IT,City,Active
1008949,Bardolino,"Bardolino,Bardolino,Veneto,Italy",9053442,IT,City,Active
1008950,Chioggia,"Chioggia,Chioggia,Veneto,Italy",9053442,IT,City,Active
1008951,Cinto Caomaggiore,"Cinto Caomaggiore,Cinto Caomaggiore,Veneto,Italy",9053442,IT,City,Active
1008952,Dolo,"Dolo,Dolo,Veneto,Italy",9053442,IT,City,Active
1008953,Jesolo,"Jesolo,Jesolo,Veneto,Italy",9053442,IT,City,Active
1008954,Malcontenta,"Malcontenta,Veneto,Italy",9053442,IT,City,Active
1008955,Marcon,"Marcon,Marcon,Veneto,Italy",9053442,IT,City,Active
1008956,Martellago,"Martellago,Martellago,Veneto,Italy",9053442,IT,City,Active
1008957,Mestre,"Mestre,Veneto,Italy",9053442,IT,City,Active
1008958,Mirano,"Mirano,Mirano,Veneto,Italy",9053442,IT,City,Active
1008959,Noale,"Noale,Noale,Veneto,Italy",9053442,IT,City,Active
1008960,Portogruaro,"Portogruaro,Portogruaro,Veneto,Italy",9053442,IT,City,Active
1008961,San Dona di Piave,"San Dona di Piave,San Dona di Piave,Veneto,Italy",9053442,IT,City,Active
1008963,Santa Maria di Sala,"Santa Maria di Sala,Santa Maria di Sala,Veneto,Italy",9053442,IT,City,Active
1008964,Scorze,"Scorze,Scorze,Veneto,Italy",9053442,IT,City,Active
1008965,Stra,"Stra,Stra,Veneto,Italy",9053442,IT,City,Active
1008966,Venice,"Venice,Venice,Veneto,Italy",9053442,IT,City,Active
1008967,Alonte,"Alonte,Alonte,Veneto,Italy",9053442,IT,City,Active
1008968,Altavilla Vicentina,"Altavilla Vicentina,Altavilla Vicentina,Veneto,Italy",9053442,IT,City,Active
1008969,Arzignano,"Arzignano,Arzignano,Veneto,Italy",9053442,IT,City,Active
1008970,Bassano del Grappa,"Bassano del Grappa,Bassano del Grappa,Veneto,Italy",9053442,IT,City,Active
1008971,Brendola,"Brendola,Brendola,Veneto,Italy",9053442,IT,City,Active
1008972,Brogliano,"Brogliano,Brogliano,Veneto,Italy",9053442,IT,City,Active
1008973,Cartigliano,"Cartigliano,Cartigliano,Veneto,Italy",9053442,IT,City,Active
1008974,Cassola,"Cassola,Cassola,Veneto,Italy",9053442,IT,City,Active
1008975,Dueville,"Dueville,Dueville,Veneto,Italy",9053442,IT,City,Active
1008976,Lonigo,"Lonigo,Lonigo,Veneto,Italy",9053442,IT,City,Active
1008977,Malo,"Malo,Malo,Veneto,Italy",9053442,IT,City,Active
1008978,Montebello Vicentino,"Montebello Vicentino,Montebello Vicentino,Veneto,Italy",9053442,IT,City,Active
1008979,Montecchio Maggiore,"Montecchio Maggiore,Veneto,Italy",9053442,IT,City,Active
1008980,Monteviale,"Monteviale,Monteviale,Veneto,Italy",9053442,IT,City,Active
1008981,Monticello Conte Otto,"Monticello Conte Otto,Monticello Conte Otto,Veneto,Italy",9053442,IT,City,Active
1008982,Rosa,"Rosa,Rosa,Veneto,Italy",9053442,IT,City,Active
1008983,Rossano Veneto,"Rossano Veneto,Rossano Veneto,Veneto,Italy",9053442,IT,City,Active
1008984,San Vito di Leguzzano,"San Vito di Leguzzano,San Vito di Leguzzano,Veneto,Italy",9053442,IT,City,Active
1008985,Schio,"Schio,Schio,Veneto,Italy",9053442,IT,City,Active
1008986,Thiene,"Thiene,Veneto,Italy",9053442,IT,City,Active
1008987,Torrebelvicino,"Torrebelvicino,Torrebelvicino,Veneto,Italy",9053442,IT,City,Active
1008988,Torri di Quartesolo,"Torri di Quartesolo,Torri di Quartesolo,Veneto,Italy",9053442,IT,City,Active
1008989,Trissino,"Trissino,Trissino,Veneto,Italy",9053442,IT,City,Active
1008990,Valdagno,"Valdagno,Valdagno,Veneto,Italy",9053442,IT,City,Active
1008991,Vicenza,"Vicenza,Vicenza,Veneto,Italy",9053442,IT,City,Active
1008992,Villaverla,"Villaverla,Villaverla,Veneto,Italy",9053442,IT,City,Active
1008993,Zane,"Zane,Zane,Veneto,Italy",9053442,IT,City,Active
1008994,Affi,"Affi,Affi,Veneto,Italy",9053442,IT,City,Active
1008995,Bussolengo,"Bussolengo,Bussolengo,Veneto,Italy",9053442,IT,City,Active
1008996,Caldiero,"Caldiero,Caldiero,Veneto,Italy",9053442,IT,City,Active
1008997,Castagnaro,"Castagnaro,Castagnaro,Veneto,Italy",9053442,IT,City,Active
1008998,Cavaion Veronese,"Cavaion Veronese,Cavaion Veronese,Veneto,Italy",9053442,IT,City,Active
1008999,Dolce,"Dolce,Dolce,Veneto,Italy",9053442,IT,City,Active
1009000,Domegliara,"Domegliara,Veneto,Italy",9053442,IT,City,Active
1009001,Garda,"Garda,Garda,Veneto,Italy",9053442,IT,City,Active
1009002,Legnago,"Legnago,Legnago,Veneto,Italy",9053442,IT,City,Active
1009003,Mozzecane,"Mozzecane,Mozzecane,Veneto,Italy",9053442,IT,City,Active
1009004,San Bonifacio,"San Bonifacio,San Bonifacio,Veneto,Italy",9053442,IT,City,Active
1009005,San Giovanni Lupatoto,"San Giovanni Lupatoto,San Giovanni Lupatoto,Veneto,Italy",9053442,IT,City,Active
1009006,San Martino Buon Albergo,"San Martino Buon Albergo,San Martino Buon Albergo,Veneto,Italy",9053442,IT,City,Active
1009007,San Zeno di Montagna,"San Zeno di Montagna,San Zeno di Montagna,Veneto,Italy",9053442,IT,City,Active
1009008,Verona,"Verona,Verona,Veneto,Italy",9053442,IT,City,Active
1009009,Villafranca di Verona,"Villafranca di Verona,Villafranca di Verona,Veneto,Italy",9053442,IT,City,Active
1009010,Zimella,"Zimella,Zimella,Veneto,Italy",9053442,IT,City,Active
1009011,Civita Castellana,"Civita Castellana,Civita Castellana,Lazio,Italy",9053431,IT,City,Active
1009012,Ronciglione,"Ronciglione,Ronciglione,Lazio,Italy",9053431,IT,City,Active
1009013,Tarquinia,"Tarquinia,Tarquinia,Lazio,Italy",9053431,IT,City,Active
1009014,Viterbo,"Viterbo,Viterbo,Lazio,Italy",9053431,IT,City,Active
1009015,Vibo Valentia,"Vibo Valentia,Vibo Valentia,Calabria,Italy",9053427,IT,City,Active
1010250,Soverato,"Soverato,Soverato,Calabria,Italy",9053427,IT,City,Active
1028797,Tarvisio,"Tarvisio,Tarvisio,Friuli-Venezia Giulia,Italy",9053430,IT,City,Active
20520,Free municipal consortium of Agrigento,"Free municipal consortium of Agrigento,Sicily,Italy",9053438,IT,Province,Active
20521,Province of Alessandria,"Province of Alessandria,Piedmont,Italy",9053436,IT,Province,Active
20522,Province of Ancona,"Province of Ancona,Marche,Italy",9053434,IT,Province,Active
20523,Aosta Valley,"Aosta Valley,Aosta Valley,Italy",9053424,IT,Province,Active
20524,Province of Ascoli Piceno,"Province of Ascoli Piceno,Marche,Italy",9053434,IT,Province,Active
20525,Province of L'Aquila,"Province of L'Aquila,Abruzzo,Italy",9053423,IT,Province,Active
20526,Province of Arezzo,"Province of Arezzo,Tuscany,Italy",9053440,IT,Province,Active
20527,Province of Asti,"Province of Asti,Piedmont,Italy",9053436,IT,Province,Active
20528,Province of Avellino,"Province of Avellino,Campania,Italy",9053428,IT,Province,Active
20529,Metropolitan City of Bari,"Metropolitan City of Bari,Apulia,Italy",9053425,IT,Province,Active
20530,Province of Bergamo,"Province of Bergamo,Lombardy,Italy",9053433,IT,Province,Active
20531,Province of Biella,"Province of Biella,Piedmont,Italy",9053436,IT,Province,Active
20532,Province of Belluno,"Province of Belluno,Veneto,Italy",9053442,IT,Province,Active
20533,Province of Benevento,"Province of Benevento,Campania,Italy",9053428,IT,Province,Active
20534,Metropolitan City of Bologna,"Metropolitan City of Bologna,Emilia-Romagna,Italy",9053429,IT,Province,Active
20535,Province of Brindisi,"Province of Brindisi,Apulia,Italy",9053425,IT,Province,Active
20536,Province of Brescia,"Province of Brescia,Lombardy,Italy",9053433,IT,Province,Active
20537,Autonomous Province of Bolzano â South Tyrol,"Autonomous Province of Bolzano â South Tyrol,Trentino-South Tyrol,Italy",9053439,IT,Province,Active
20538,Metropolitan City of Cagliari,"Metropolitan City of Cagliari,Sardinia,Italy",9053437,IT,Province,Active
20539,Province of Campobasso,"Province of Campobasso,Molise,Italy",9053435,IT,Province,Active
20540,Province of Caserta,"Province of Caserta,Campania,Italy",9053428,IT,Province,Active
20541,Province of Chieti,"Province of Chieti,Abruzzo,Italy",9053423,IT,Province,Active
20542,Free municipal consortium of Caltanissetta,"Free municipal consortium of Caltanissetta,Sicily,Italy",9053438,IT,Province,Active
20543,Province of Cuneo,"Province of Cuneo,Piedmont,Italy",9053436,IT,Province,Active
20544,Province of Como,"Province of Como,Lombardy,Italy",9053433,IT,Province,Active
20545,Province of Cremona,"Province of Cremona,Lombardy,Italy",9053433,IT,Province,Active
20546,Province of Cosenza,"Province of Cosenza,Calabria,Italy",9053427,IT,Province,Active
20547,Metropolitan city of Catania,"Metropolitan city of Catania,Sicily,Italy",9053438,IT,Province,Active
20548,Province of Catanzaro,"Province of Catanzaro,Calabria,Italy",9053427,IT,Province,Active
20549,Free municipal consortium of Enna,"Free municipal consortium of Enna,Sicily,Italy",9053438,IT,Province,Active
20550,Province of Ferrara,"Province of Ferrara,Emilia-Romagna,Italy",9053429,IT,Province,Active
20551,Province of Foggia,"Province of Foggia,Apulia,Italy",9053425,IT,Province,Active
20552,Metropolitan City of Florence,"Metropolitan City of Florence,Tuscany,Italy",9053440,IT,Province,Active
20553,Province of Forli-Cesena,"Province of Forli-Cesena,Emilia-Romagna,Italy",9053429,IT,Province,Active
20554,Province of Frosinone,"Province of Frosinone,Lazio,Italy",9053431,IT,Province,Active
20555,Metropolitan City of Genoa,"Metropolitan City of Genoa,Liguria,Italy",9053432,IT,Province,Active
20556,Province of Gorizia,"Province of Gorizia,Friuli-Venezia Giulia,Italy",9053430,IT,Province,Active
20557,Province of Grosseto,"Province of Grosseto,Tuscany,Italy",9053440,IT,Province,Active
20558,Province of Imperia,"Province of Imperia,Liguria,Italy",9053432,IT,Province,Active
20559,Province of Isernia,"Province of Isernia,Molise,Italy",9053435,IT,Province,Active
20560,Province of Crotone,"Province of Crotone,Calabria,Italy",9053427,IT,Province,Active
20561,Province of Lecco,"Province of Lecco,Lombardy,Italy",9053433,IT,Province,Active
20562,Province of Lecce,"Province of Lecce,Apulia,Italy",9053425,IT,Province,Active
20563,Province of Livorno,"Province of Livorno,Tuscany,Italy",9053440,IT,Province,Active
20564,Province of Lodi,"Province of Lodi,Lombardy,Italy",9053433,IT,Province,Active
20565,Province of Latina,"Province of Latina,Lazio,Italy",9053431,IT,Province,Active
20566,Province of Lucca,"Province of Lucca,Tuscany,Italy",9053440,IT,Province,Active
20567,Province of Macerata,"Province of Macerata,Marche,Italy",9053434,IT,Province,Active
20568,Metropolitan City of Messina,"Metropolitan City of Messina,Sicily,Italy",9053438,IT,Province,Active
20569,Metropolitan City of Milan,"Metropolitan City of Milan,Lombardy,Italy",9053433,IT,Province,Active
20570,Province of Mantua,"Province of Mantua,Lombardy,Italy",9053433,IT,Province,Active
20571,Province of Modena,"Province of Modena,Emilia-Romagna,Italy",9053429,IT,Province,Active
20572,Province of Massa and Carrara,"Province of Massa and Carrara,Tuscany,Italy",9053440,IT,Province,Active
20573,Province of Matera,"Province of Matera,Basilicata,Italy",9053426,IT,Province,Active
20574,Metropolitan City of Naples,"Metropolitan City of Naples,Campania,Italy",9053428,IT,Province,Active
20575,Province of Novara,"Province of Novara,Piedmont,Italy",9053436,IT,Province,Active
20576,Province of Nuoro,"Province of Nuoro,Sardinia,Italy",9053437,IT,Province,Active
20577,Province of Oristano,"Province of Oristano,Sardinia,Italy",9053437,IT,Province,Active
20578,Metropolitan City of Palermo,"Metropolitan City of Palermo,Sicily,Italy",9053438,IT,Province,Active
20579,Province of Piacenza,"Piacenza Province,Emilia-Romagna,Italy",9053429,IT,Province,Active
20580,Province of Padua,"Province of Padua,Veneto,Italy",9053442,IT,Province,Active
20581,Province of Pescara,"Province of Pescara,Abruzzo,Italy",9053423,IT,Province,Active
20582,Province of Perugia,"Province of Perugia,Umbria,Italy",9053441,IT,Province,Active
20583,Province of Pisa,"Province of Pisa,Tuscany,Italy",9053440,IT,Province,Active
20584,Province of Pordenone,"Province of Pordenone,Friuli-Venezia Giulia,Italy",9053430,IT,Province,Active
20585,Province of Prato,"Province of Prato,Tuscany,Italy",9053440,IT,Province,Active
20586,Province of Parma,"Province of Parma,Emilia-Romagna,Italy",9053429,IT,Province,Active
20587,Province of Pesaro and Urbino,"Province of Pesaro and Urbino,Marche,Italy",9053434,IT,Province,Active
20588,Province of Pistoia,"Province of Pistoia,Tuscany,Italy",9053440,IT,Province,Active
20589,Province of Pavia,"Province of Pavia,Lombardy,Italy",9053433,IT,Province,Active
20590,Province of Potenza,"Province of Potenza,Basilicata,Italy",9053426,IT,Province,Active
20591,Province of Ravenna,"Province of Ravenna,Emilia-Romagna,Italy",9053429,IT,Province,Active
20592,Metropolitan City of Reggio Calabria,"Metropolitan City of Reggio Calabria,Calabria,Italy",9053427,IT,Province,Active
20593,Province of Reggio Emilia,Reggio Emilia Province,9053429,IT,Province,Active
20594,Free municipal consortium of Ragusa,"Free municipal consortium of Ragusa,Sicily,Italy",9053438,IT,Province,Active
20595,Province of Rieti,"Province of Rieti,Lazio,Italy",9053431,IT,Province,Active
20596,Metropolitan City of Rome Capital,"Metropolitan City of Rome Capital,Lazio,Italy",9053431,IT,Province,Active
20597,Province of Rimini,"Province of Rimini,Emilia-Romagna,Italy",9053429,IT,Province,Active
20598,Province of Rovigo,"Province of Rovigo,Veneto,Italy",9053442,IT,Province,Active
20599,Province of Salerno,"Province of Salerno,Campania,Italy",9053428,IT,Province,Active
20600,Province of Siena,"Province of Siena,Tuscany,Italy",9053440,IT,Province,Active
20601,Province of Sondrio,"Province of Sondrio,Lombardy,Italy",9053433,IT,Province,Active
20602,Province of La Spezia,"Province of La Spezia,Liguria,Italy",9053432,IT,Province,Active
20603,Free municipal consortium of Syracuse,"Free municipal consortium of Syracuse,Sicily,Italy",9053438,IT,Province,Active
20604,Province of Sassari,"Province of Sassari,Sardinia,Italy",9053437,IT,Province,Active
20605,Province of Savona,"Province of Savona,Liguria,Italy",9053432,IT,Province,Active
20606,Province of Taranto,"Province of Taranto,Apulia,Italy",9053425,IT,Province,Active
20607,Province of Teramo,"Province of Teramo,Abruzzo,Italy",9053423,IT,Province,Active
20608,Autonomous Province of Trento,"Autonomous Province of Trento,Trentino-South Tyrol,Italy",9053439,IT,Province,Active
20609,Metropolitan City of Turin,"Metropolitan City of Turin,Piedmont,Italy",9053436,IT,Province,Active
20610,Free municipal consortium of Trapani,"Free municipal consortium of Trapani,Sicily,Italy",9053438,IT,Province,Active
20611,Province of Terni,"Province of Terni,Umbria,Italy",9053441,IT,Province,Active
20612,Province of Trieste,"Province of Trieste,Friuli-Venezia Giulia,Italy",9053430,IT,Province,Active
20613,Province of Treviso,"Province of Treviso,Veneto,Italy",9053442,IT,Province,Active
20614,Province of Udine,"Province of Udine,Friuli-Venezia Giulia,Italy",9053430,IT,Province,Active
20615,Province of Varese,"Province of Varese,Lombardy,Italy",9053433,IT,Province,Active
20616,Province of Verbano-Cusio-Ossola,"Province of Verbano-Cusio-Ossola,Piedmont,Italy",9053436,IT,Province,Active
20617,Province of Vercelli,"Province of Vercelli,Piedmont,Italy",9053436,IT,Province,Active
20618,Metropolitan City of Venice,"Metropolitan City of Venice,Veneto,Italy",9053442,IT,Province,Active
20619,Province of Vicenza,"Province of Vicenza,Veneto,Italy",9053442,IT,Province,Active
20620,Province of Verona,"Province of Verona,Veneto,Italy",9053442,IT,Province,Active
20621,Province of Viterbo,"Province of Viterbo,Lazio,Italy",9053431,IT,Province,Active
21233,Province of Vibo Valentia,"Province of Vibo Valentia,Calabria,Italy",9053427,IT,Province,Active
2380,Italy,Italy,,IT,Country,Active
9047199,Province of Barletta-Andria-Trani,"Province of Barletta-Andria-Trani,Apulia,Italy",9053425,IT,Province,Active
9047200,Province of Carbonia-Iglesias,"Province of Carbonia-Iglesias,Sardinia,Italy",9053437,IT,Province,Active
9047201,Province of Fermo,"Province of Fermo,Marche,Italy",9053434,IT,Province,Active
9047202,Province of Medio Campidano,"Province of Medio Campidano,Sardinia,Italy",9053437,IT,Province,Active
9047203,Province of Monza and Brianza,"Province of Monza and Brianza,Lombardy,Italy",9053433,IT,Province,Active
9047204,Province of Ogliastra,"Province of Ogliastra,Sardinia,Italy",9053437,IT,Province,Active
9047205,Province of Olbia-Tempio,"Province of Olbia-Tempio,Italy",2380,IT,Province,Active
9050532,Acerra,"Acerra,Acerra,Campania,Italy",9053428,IT,City,Active
9050533,Municipio Roma X,"Municipio Roma X,Lazio,Italy",9053431,IT,City,Active
9050534,Acquaviva delle Fonti,"Acquaviva delle Fonti,Acquaviva delle Fonti,Apulia,Italy",9053425,IT,City,Active
9050535,Adrano,"Adrano,Adrano,Sicily,Italy",9053438,IT,City,Active
9050536,Adria,"Adria,Adria,Veneto,Italy",9053442,IT,City,Active
9050537,Agordo,"Agordo,Agordo,Veneto,Italy",9053442,IT,City,Active
9050538,Alassio,"Alassio,Alassio,Liguria,Italy",9053432,IT,City,Active
9050539,Albano Laziale,"Albano Laziale,Albano Laziale,Lazio,Italy",9053431,IT,City,Active
9050540,Alpignano,"Alpignano,Alpignano,Piedmont,Italy",9053436,IT,City,Active
9050541,Anguillarese-colle Due Pini,"Anguillarese-colle Due Pini,Lazio,Italy",9053431,IT,City,Active
9050542,Anzio,"Anzio,Anzio,Lazio,Italy",9053431,IT,City,Active
9050543,Asiago,"Asiago,Asiago,Veneto,Italy",9053442,IT,City,Active
9050544,Assemini,"Assemini,Assemini,Sardinia,Italy",9053437,IT,City,Active
9050545,Castello d'Aviano,"Castello d'Aviano,Friuli-Venezia Giulia,Italy",9053430,IT,City,Active
9050546,Bagnacavallo,"Bagnacavallo,Bagnacavallo,Emilia-Romagna,Italy",9053429,IT,City,Active
9050547,Bagolino,"Bagolino,Bagolino,Lombardy,Italy",9053433,IT,City,Active
9050548,Bari,"Bari,Apulia,Italy",9053425,IT,Municipality,Active
9050549,Barletta,"Barletta,Barletta,Apulia,Italy",9053425,IT,City,Active
9050550,Basiglio,"Basiglio,Basiglio,Lombardy,Italy",9053433,IT,City,Active
9050551,Bentivoglio,"Bentivoglio,Bentivoglio,Emilia-Romagna,Italy",9053429,IT,City,Active
9050552,Bibione,"Bibione,Veneto,Italy",9053442,IT,City,Active
9050553,Borgo San Lorenzo,"Borgo San Lorenzo,Borgo San Lorenzo,Tuscany,Italy",9053440,IT,City,Active
9050554,Borgo Val di Taro,"Borgo Val di Taro,Borgo Val di Taro,Emilia-Romagna,Italy",9053429,IT,City,Active
9050555,Borgonuovo,"Borgonuovo,Emilia-Romagna,Italy",9053429,IT,City,Active
9050556,Borso del Grappa,"Borso del Grappa,Borso del Grappa,Veneto,Italy",9053442,IT,City,Active
9050557,Bosconero,"Bosconero,Bosconero,Piedmont,Italy",9053436,IT,City,Active
9050558,Bovolone,"Bovolone,Bovolone,Veneto,Italy",9053442,IT,City,Active
9050559,Breganze,"Breganze,Breganze,Veneto,Italy",9053442,IT,City,Active
9050560,Buttrio,"Buttrio,Buttrio,Friuli-Venezia Giulia,Italy",9053430,IT,City,Active
9050561,Ca' Savio,"Ca' Savio,Veneto,Italy",9053442,IT,City,Active
9050562,Cagli,"Cagli,Cagli,Marche,Italy",9053434,IT,City,Active
9050563,Calcinato,"Calcinato,Calcinato,Lombardy,Italy",9053433,IT,City,Active
9050564,Calcinelli,"Calcinelli,Marche,Italy",9053434,IT,City,Active
9050565,Calolziocorte,"Calolziocorte,Calolziocorte,Lombardy,Italy",9053433,IT,City,Active
9050566,Camaiore,"Camaiore,Camaiore,Tuscany,Italy",9053440,IT,City,Active
9050567,Camerino,"Camerino,Camerino,Marche,Italy",9053434,IT,City,Active
9050568,Sand in Taufers,"Sand in Taufers,Sand in Taufers,Trentino-South Tyrol,Italy",9053439,IT,City,Active
9050569,Canelli,"Canelli,Canelli,Piedmont,Italy",9053436,IT,City,Active
9050570,Canosa di Puglia,"Canosa di Puglia,Canosa di Puglia,Apulia,Italy",9053425,IT,City,Active
9050571,Caorle,"Caorle,Caorle,Veneto,Italy",9053442,IT,City,Active
9050572,Carbonia,"Carbonia,Carbonia,Sardinia,Italy",9053437,IT,City,Active
9050573,Carini,"Carini,Carini,Sicily,Italy",9053438,IT,City,Active
9050574,Carmignano di Brenta,"Carmignano di Brenta,Carmignano di Brenta,Veneto,Italy",9053442,IT,City,Active
9050575,Casalnuovo di Napoli,"Casalnuovo di Napoli,Casalnuovo di Napoli,Campania,Italy",9053428,IT,City,Active
9050576,Casano,"Casano,Liguria,Italy",9053432,IT,City,Active
9050577,Castellammare di Stabia,"Castellammare di Stabia,Castellammare di Stabia,Campania,Italy",9053428,IT,City,Active
9050578,Castellana Grotte,"Castellana Grotte,Castellana Grotte,Apulia,Italy",9053425,IT,City,Active
9050579,Castelli Calepio,"Castelli Calepio,Castelli Calepio,Lombardy,Italy",9053433,IT,City,Active
9050580,Castelnovo di Sotto,"Castelnovo di Sotto,Castelnovo di Sotto,Emilia-Romagna,Italy",9053429,IT,City,Active
9050581,Kastelruth,"Kastelruth,Kastelruth,Trentino-South Tyrol,Italy",9053439,IT,City,Active
9050582,Castenedolo,"Castenedolo,Castenedolo,Lombardy,Italy",9053433,IT,City,Active
9050583,Cattolica,"Cattolica,Cattolica,Emilia-Romagna,Italy",9053429,IT,City,Active
9050584,Cefalu,"Cefalu,Cefalu,Sicily,Italy",9053438,IT,City,Active
9050585,Ceggia,"Ceggia,Ceggia,Veneto,Italy",9053442,IT,City,Active
9050586,Cerea,"Cerea,Cerea,Veneto,Italy",9053442,IT,City,Active
9050587,Cerignola,"Cerignola,Cerignola,Apulia,Italy",9053425,IT,City,Active
9050588,Cerreto Sannita,"Cerreto Sannita,Cerreto Sannita,Campania,Italy",9053428,IT,City,Active
9050589,Cesano Maderno,"Cesano Maderno,Cesano Maderno,Lombardy,Italy",9053433,IT,City,Active
9050590,Chiampo,"Chiampo,Chiampo,Veneto,Italy",9053442,IT,City,Active
9050591,Ciampino,"Ciampino,Ciampino,Lazio,Italy",9053431,IT,City,Active
9050592,Cirie,"Cirie,Cirie,Piedmont,Italy",9053436,IT,City,Active
9050593,Cisterna di Latina,"Cisterna di Latina,Cisterna di Latina,Lazio,Italy",9053431,IT,City,Active
9050594,Clusone,"Clusone,Clusone,Lombardy,Italy",9053433,IT,City,Active
9050595,Cogliate,"Cogliate,Cogliate,Lombardy,Italy",9053433,IT,City,Active
9050596,Colle di Val d'Elsa,"Colle di Val d'Elsa,Colle di Val d'Elsa,Tuscany,Italy",9053440,IT,City,Active
9050597,Concordia Sulla Secchia,"Concordia Sulla Secchia,Emilia-Romagna,Italy",9053429,IT,City,Active
9050598,Corbetta,"Corbetta,Corbetta,Lombardy,Italy",9053433,IT,City,Active
9050599,Cossato,"Cossato,Cossato,Piedmont,Italy",9053436,IT,City,Active
9050600,Crespellano,"Crespellano,Emilia-Romagna,Italy",9053429,IT,City,Active
9050601,Diano Marina,"Diano Marina,Diano Marina,Liguria,Italy",9053432,IT,City,Active
9050602,Dresano,"Dresano,Dresano,Lombardy,Italy",9053433,IT,City,Active
9050603,Este,"Este,Este,Veneto,Italy",9053442,IT,City,Active
9050604,Fasano,"Fasano,Fasano,Apulia,Italy",9053425,IT,City,Active
9050605,Favaro Veneto,"Favaro Veneto,Veneto,Italy",9053442,IT,City,Active
9050606,Fiano Romano,"Fiano Romano,Fiano Romano,Lazio,Italy",9053431,IT,City,Active
9050607,Filottrano,"Filottrano,Filottrano,Marche,Italy",9053434,IT,City,Active
9050608,Finale Ligure,"Finale Ligure,Finale Ligure,Liguria,Italy",9053432,IT,City,Active
9050610,Fisciano,"Fisciano,Fisciano,Campania,Italy",9053428,IT,City,Active
9050611,Forte dei Marmi,"Forte dei Marmi,Forte dei Marmi,Tuscany,Italy",9053440,IT,City,Active
9050612,Fossombrone,"Fossombrone,Fossombrone,Marche,Italy",9053434,IT,City,Active
9050613,Frattamaggiore,"Frattamaggiore,Frattamaggiore,Campania,Italy",9053428,IT,City,Active
9050614,Gaeta,"Gaeta,Gaeta,Lazio,Italy",9053431,IT,City,Active
9050615,Gemona,"Gemona,Friuli-Venezia Giulia,Italy",9053430,IT,City,Active
9050616,Gerbole,"Gerbole,Piedmont,Italy",9053436,IT,City,Active
9050617,Giaveno,"Giaveno,Giaveno,Piedmont,Italy",9053436,IT,City,Active
9050618,Gioia del Colle,"Gioia del Colle,Gioia del Colle,Apulia,Italy",9053425,IT,City,Active
9050619,Giulianova,"Giulianova,Giulianova,Abruzzo,Italy",9053423,IT,City,Active
9050620,Gravina in Puglia,"Gravina in Puglia,Gravina in Puglia,Apulia,Italy",9053425,IT,City,Active
9050621,Gricignano di Aversa,"Gricignano di Aversa,Gricignano di Aversa,Campania,Italy",9053428,IT,City,Active
9050622,Grottaferrata,"Grottaferrata,Grottaferrata,Lazio,Italy",9053431,IT,City,Active
9050623,Grottaglie,"Grottaglie,Grottaglie,Apulia,Italy",9053425,IT,City,Active
9050624,Guidonia,"Guidonia,Lazio,Italy",9053431,IT,City,Active
9050625,Iseo,"Iseo,Iseo,Lombardy,Italy",9053433,IT,City,Active
9050626,Isola della Scala,"Isola della Scala,Isola della Scala,Veneto,Italy",9053442,IT,City,Active
9050627,Fiumicino,"Fiumicino,Fiumicino,Lazio,Italy",9053431,IT,City,Active
9050628,Isola Vicentina,"Isola Vicentina,Isola Vicentina,Veneto,Italy",9053442,IT,City,Active
9050629,Ladispoli,"Ladispoli,Ladispoli,Lazio,Italy",9053431,IT,City,Active
9050630,Lago Patria,"Lago Patria,Campania,Italy",9053428,IT,City,Active
9050631,Lamezia Terme,"Lamezia Terme,Lamezia Terme,Calabria,Italy",9053427,IT,City,Active
9050632,Lana,"Lana,Lana,Trentino-South Tyrol,Italy",9053439,IT,City,Active
9050633,Lancenigo,"Lancenigo,Veneto,Italy",9053442,IT,City,Active
9050634,Lazise,"Lazise,Lazise,Veneto,Italy",9053442,IT,City,Active
9050635,Lentini,"Lentini,Lentini,Sicily,Italy",9053438,IT,City,Active
9050636,Lerici,"Lerici,Lerici,Liguria,Italy",9053432,IT,City,Active
9050637,Lido di Jesolo,"Lido di Jesolo,Veneto,Italy",9053442,IT,City,Active
9050638,Ostia,"Ostia,Lazio,Italy",9053431,IT,City,Active
9050639,Limone Sul Garda,"Limone Sul Garda,Lombardy,Italy",9053433,IT,City,Active
9050640,Lumezzane,"Lumezzane,Lumezzane,Lombardy,Italy",9053433,IT,City,Active
9050641,Malcesine,"Malcesine,Malcesine,Veneto,Italy",9053442,IT,City,Active
9050642,Mandello del Lario,"Mandello del Lario,Mandello del Lario,Lombardy,Italy",9053433,IT,City,Active
9050643,Manfredonia,"Manfredonia,Manfredonia,Apulia,Italy",9053425,IT,City,Active
9050644,Marino,"Marino,Marino,Lazio,Italy",9053431,IT,City,Active
9050645,Marostica,"Marostica,Marostica,Veneto,Italy",9053442,IT,City,Active
9050646,Maserada Sul Piave,"Maserada Sul Piave,Veneto,Italy",9053442,IT,City,Active
9050647,Massafra,"Massafra,Massafra,Apulia,Italy",9053425,IT,City,Active
9050648,Matelica,"Matelica,Matelica,Marche,Italy",9053434,IT,City,Active
9050649,Mesagne,"Mesagne,Mesagne,Apulia,Italy",9053425,IT,City,Active
9050650,Mira,"Mira,Mira,Veneto,Italy",9053442,IT,City,Active
9050651,Modugno,"Modugno,Modugno,Apulia,Italy",9053425,IT,City,Active
9050652,Molinella,"Molinella,Molinella,Emilia-Romagna,Italy",9053429,IT,City,Active
9050653,Montecatini Terme,"Montecatini Terme,Montecatini Terme,Tuscany,Italy",9053440,IT,City,Active
9050654,Montecchio Maggiore,"Montecchio Maggiore,Montecchio Maggiore,Veneto,Italy",9053442,IT,City,Active
9050655,Montepulciano,"Montepulciano,Montepulciano,Tuscany,Italy",9053440,IT,City,Active
9050656,Motta di Livenza,"Motta di Livenza,Motta di Livenza,Veneto,Italy",9053442,IT,City,Active
9050657,NagoâTorbole,"NagoâTorbole,Trentino-South Tyrol,Italy",9053439,IT,City,Active
9050658,Negrar di Valpolicella,"Negrar di Valpolicella,Negrar di Valpolicella,Veneto,Italy",9053442,IT,City,Active
9050659,Nettuno,"Nettuno,Nettuno,Lazio,Italy",9053431,IT,City,Active
9050660,One,"One,Veneto,Italy",9053442,IT,City,Active
9050661,Orbetello,"Orbetello,Orbetello,Tuscany,Italy",9053440,IT,City,Active
9050662,Orgnano,"Orgnano,Veneto,Italy",9053442,IT,City,Active
9050663,Ozzano dell'Emilia,"Ozzano dell'Emilia,Ozzano dell'Emilia,Emilia-Romagna,Italy",9053429,IT,City,Active
9050664,Patti,"Patti,Patti,Sicily,Italy",9053438,IT,City,Active
9050665,Peschiera del Garda,"Peschiera del Garda,Peschiera del Garda,Veneto,Italy",9053442,IT,City,Active
9050666,Piana del Sole,"Piana del Sole,Lazio,Italy",9053431,IT,City,Active
9050667,Piano,"Piano,Campania,Italy",9053428,IT,City,Active
9050668,Piossasco,"Piossasco,Piossasco,Piedmont,Italy",9053436,IT,City,Active
9050669,Piove di Sacco,"Piove di Sacco,Piove di Sacco,Veneto,Italy",9053442,IT,City,Active
9050670,Ponte San Nicolo,"Ponte San Nicolo,Ponte San Nicolo,Veneto,Italy",9053442,IT,City,Active
9050671,Porto Sant'Elpidio,"Porto Sant'Elpidio,Porto Sant'Elpidio,Marche,Italy",9053434,IT,City,Active
9050672,Pozzallo,"Pozzallo,Pozzallo,Sicily,Italy",9053438,IT,City,Active
9050673,Quarrata,"Quarrata,Quarrata,Tuscany,Italy",9053440,IT,City,Active
9050674,Quarto,"Quarto,Quarto,Campania,Italy",9053428,IT,City,Active
9050675,Quattromiglia,"Quattromiglia,Calabria,Italy",9053427,IT,City,Active
9050676,Randazzo,"Randazzo,Randazzo,Sicily,Italy",9053438,IT,City,Active
9050677,Resana,"Resana,Resana,Veneto,Italy",9053442,IT,City,Active
9050678,Rezzato,"Rezzato,Rezzato,Lombardy,Italy",9053433,IT,City,Active
9050679,Romano Banco,"Romano Banco,Lombardy,Italy",9053433,IT,City,Active
9050680,Romano di Lombardia,"Romano di Lombardia,Romano di Lombardia,Lombardy,Italy",9053433,IT,City,Active
9050681,Ruvo di Puglia,"Ruvo di Puglia,Ruvo di Puglia,Apulia,Italy",9053425,IT,City,Active
9050682,Saluggia,"Saluggia,Saluggia,Piedmont,Italy",9053436,IT,City,Active
9050683,Samarate,"Samarate,Samarate,Lombardy,Italy",9053433,IT,City,Active
9050684,Sambuca,"Sambuca,Tuscany,Italy",9053440,IT,City,Active
9050685,San Casciano In Val di Pesa,"San Casciano In Val di Pesa,Tuscany,Italy",9053440,IT,City,Active
9050686,San Gimignano,"San Gimignano,San Gimignano,Tuscany,Italy",9053440,IT,City,Active
9050687,San Giorgio delle Pertiche,"San Giorgio delle Pertiche,San Giorgio delle Pertiche,Veneto,Italy",9053442,IT,City,Active
9050688,San Giovanni Ilarione,"San Giovanni Ilarione,San Giovanni Ilarione,Veneto,Italy",9053442,IT,City,Active
9050689,San Giovanni Valdarno,"San Giovanni Valdarno,San Giovanni Valdarno,Tuscany,Italy",9053440,IT,City,Active
9050690,San Lazzaro,"San Lazzaro,Metropolitan City of Bologna,Emilia-Romagna,Italy",9053429,IT,City,Active
9050691,Sandrigo,"Sandrigo,Sandrigo,Veneto,Italy",9053442,IT,City,Active
9050692,Sant'Agata Bolognese,"Sant'Agata Bolognese,Sant'Agata Bolognese,Emilia-Romagna,Italy",9053429,IT,City,Active
9050693,Sant'Ilario d'Enza,"Sant'Ilario d'Enza,Sant'Ilario d'Enza,Emilia-Romagna,Italy",9053429,IT,City,Active
9050694,Santa Margherita Ligure,"Santa Margherita Ligure,Santa Margherita Ligure,Liguria,Italy",9053432,IT,City,Active
9050695,Santa Maria A Vico,"Santa Maria A Vico,Campania,Italy",9053428,IT,City,Active
9050696,Santa Maria Capua Vetere,"Santa Maria Capua Vetere,Santa Maria Capua Vetere,Campania,Italy",9053428,IT,City,Active
9050697,Santarcangelo di Romagna,"Santarcangelo di Romagna,Santarcangelo di Romagna,Emilia-Romagna,Italy",9053429,IT,City,Active
9050698,Sarezzo,"Sarezzo,Sarezzo,Lombardy,Italy",9053433,IT,City,Active
9050699,Scafati,"Scafati,Scafati,Campania,Italy",9053428,IT,City,Active
9050700,Sestri Levante,"Sestri Levante,Sestri Levante,Liguria,Italy",9053432,IT,City,Active
9050701,Sestu,"Sestu,Sardinia,Italy",9053437,IT,City,Active
9050702,Sirmione,"Sirmione,Sirmione,Lombardy,Italy",9053433,IT,City,Active
9050703,Solofra,"Solofra,Solofra,Campania,Italy",9053428,IT,City,Active
9050704,Sora,"Sora,Sora,Lazio,Italy",9053431,IT,City,Active
9050705,Sovere,"Sovere,Sovere,Lombardy,Italy",9053433,IT,City,Active
9050706,Spirano,"Spirano,Spirano,Lombardy,Italy",9053433,IT,City,Active
9050707,Stezzano,"Stezzano,Stezzano,Lombardy,Italy",9053433,IT,City,Active
9050708,Storo,"Storo,Storo,Trentino-South Tyrol,Italy",9053439,IT,City,Active
9050709,Sulmona,"Sulmona,Sulmona,Abruzzo,Italy",9053423,IT,City,Active
9050710,Terranuova Bracciolini,"Terranuova Bracciolini,Terranuova Bracciolini,Tuscany,Italy",9053440,IT,City,Active
9050711,Tor Lupara,"Tor Lupara,Lazio,Italy",9053431,IT,City,Active
9050712,Tradate,"Tradate,Tradate,Lombardy,Italy",9053433,IT,City,Active
9050713,Trescore Balneario,"Trescore Balneario,Trescore Balneario,Lombardy,Italy",9053433,IT,City,Active
9050714,Trofarello,"Trofarello,Trofarello,Piedmont,Italy",9053436,IT,City,Active
9050715,Usmate Velate,"Usmate Velate,Usmate Velate,Lombardy,Italy",9053433,IT,City,Active
9050716,Vailate,"Vailate,Vailate,Lombardy,Italy",9053433,IT,City,Active
9050717,Varazze,"Varazze,Varazze,Liguria,Italy",9053432,IT,City,Active
9050718,Varcaturo,"Varcaturo,Campania,Italy",9053428,IT,City,Active
9050719,Varedo,"Varedo,Varedo,Lombardy,Italy",9053433,IT,City,Active
9050720,Velletri,"Velletri,Velletri,Lazio,Italy",9053431,IT,City,Active
9050721,Villongo,"Villongo,Villongo,Lombardy,Italy",9053433,IT,City,Active
9050722,Vipiteno,"Vipiteno,Trentino-South Tyrol,Italy",9053439,IT,City,Active
9050723,Vitorchiano,"Vitorchiano,Vitorchiano,Lazio,Italy",9053431,IT,City,Active
9053423,Abruzzo,"Abruzzo,Italy",2380,IT,Region,Active
9053424,Aosta Valley,"Aosta Valley,Italy",2380,IT,Region,Active
9053425,Apulia,"Apulia,Italy",2380,IT,Region,Active
9053426,Basilicata,"Basilicata,Italy",2380,IT,Region,Active
9053427,Calabria,"Calabria,Italy",2380,IT,Region,Active
9053428,Campania,"Campania,Italy",2380,IT,Region,Active
9053429,Emilia-Romagna,"Emilia-Romagna,Italy",2380,IT,Region,Active
9053430,Friuli-Venezia Giulia,"Friuli-Venezia Giulia,Italy",2380,IT,Region,Active
9053431,Lazio,"Lazio,Italy",2380,IT,Region,Active
9053432,Liguria,"Liguria,Italy",2380,IT,Region,Active
9053433,Lombardy,"Lombardy,Italy",2380,IT,Region,Active
9053434,Marche,"Marche,Italy",2380,IT,Region,Active
9053435,Molise,"Molise,Italy",2380,IT,Region,Active
9053436,Piedmont,"Piedmont,Italy",2380,IT,Region,Active
9053437,Sardinia,"Sardinia,Italy",2380,IT,Region,Active
9053438,Sicily,"Sicily,Italy",2380,IT,Region,Active
9053439,Trentino-South Tyrol,"Trentino-South Tyrol,Italy",2380,IT,Region,Active
9053440,Tuscany,"Tuscany,Italy",2380,IT,Region,Active
9053441,Umbria,"Umbria,Italy",2380,IT,Region,Active
9053442,Veneto,"Veneto,Italy",2380,IT,Region,Active
9072700,Trastevere,"Trastevere,Lazio,Italy",9053431,IT,District,Active
9072701,Naples,"Naples,Campania,Italy",9053428,IT,Municipality,Active
9181194,Alessandrino,"Alessandrino,Lazio,Italy",9053431,IT,Neighborhood,Active
9181195,Bolognina,"Bolognina,Emilia-Romagna,Italy",9053429,IT,Neighborhood,Active
9181196,Borgo Milano,"Borgo Milano,Veneto,Italy",9053442,IT,Neighborhood,Active
9181197,Casal Boccone,"Casal Boccone,Lazio,Italy",9053431,IT,Neighborhood,Active
9181198,Cecchignola,"Cecchignola,Lazio,Italy",9053431,IT,Neighborhood,Active
9181199,Old Town,"Old Town,Emilia-Romagna,Italy",9053429,IT,Neighborhood,Active
9181200,Chiaiano,"Chiaiano,Campania,Italy",9053428,IT,Neighborhood,Active
9181201,EUR,"EUR,Lazio,Italy",9053431,IT,Neighborhood,Active
9181202,Fuorigrotta,"Fuorigrotta,Campania,Italy",9053428,IT,Neighborhood,Active
9181203,Lame,"Lame,Emilia-Romagna,Italy",9053429,IT,Neighborhood,Active
9181204,Pianura,"Pianura,Campania,Italy",9053428,IT,Neighborhood,Active
9181205,Poggioreale,"Poggioreale,Campania,Italy",9053428,IT,Neighborhood,Active
9181206,Ponticelli,"Ponticelli,Campania,Italy",9053428,IT,Neighborhood,Active
9181207,Posillipo,"Posillipo,Campania,Italy",9053428,IT,Neighborhood,Active
9181208,Ostiense,"Ostiense,Lazio,Italy",9053431,IT,Neighborhood,Active
9181209,Parioli,"Parioli,Lazio,Italy",9053431,IT,Neighborhood,Active
9181210,Quartiere III Pinciano,"Quartiere III Pinciano,Lazio,Italy",9053431,IT,Neighborhood,Active
9181211,Appio-Latino,"Appio-Latino,Lazio,Italy",9053431,IT,Neighborhood,Active
9181212,Saragozza,"Saragozza,Emilia-Romagna,Italy",9053429,IT,Neighborhood,Active
9181213,Nomentano,"Nomentano,Lazio,Italy",9053431,IT,Neighborhood,Active
9181214,Tiburtino,"Tiburtino,Lazio,Italy",9053431,IT,Neighborhood,Active
9181215,Quarter VII Prenestino-Labicano,"Quarter VII Prenestino-Labicano,Lazio,Italy",9053431,IT,Neighborhood,Active
9181216,Tuscolano,"Tuscolano,Lazio,Italy",9053431,IT,Neighborhood,Active
9181217,Portuense,"Portuense,Lazio,Italy",9053431,IT,Neighborhood,Active
9181218,Gianicolense,"Gianicolense,Lazio,Italy",9053431,IT,Neighborhood,Active
9181219,Aurelio,"Aurelio,Lazio,Italy",9053431,IT,Neighborhood,Active
9181220,Trionfale,"Trionfale,Lazio,Italy",9053431,IT,Neighborhood,Active
9181221,Della Vittoria,"Della Vittoria,Lazio,Italy",9053431,IT,Neighborhood,Active
9181222,Monte Sacro,"Monte Sacro,Lazio,Italy",9053431,IT,Neighborhood,Active
9181223,Trieste,"Trieste,Lazio,Italy",9053431,IT,Neighborhood,Active
9181224,Tor di Quinto,"Tor di Quinto,Lazio,Italy",9053431,IT,Neighborhood,Active
9181225,Ardeatino,"Ardeatino,Lazio,Italy",9053431,IT,Neighborhood,Active
9181226,Pietralata,"Pietralata,Lazio,Italy",9053431,IT,Neighborhood,Active
9181227,Collatino,"Collatino,Lazio,Italy",9053431,IT,Neighborhood,Active
9181228,Don Bosco,"Don Bosco,Lazio,Italy",9053431,IT,Neighborhood,Active
9181229,Ponte Mammolo,"Ponte Mammolo,Lazio,Italy",9053431,IT,Neighborhood,Active
9181230,Appio-Claudio,"Appio-Claudio,Lazio,Italy",9053431,IT,Neighborhood,Active
9181231,Appio-Pignatelli,"Appio-Pignatelli,Lazio,Italy",9053431,IT,Neighborhood,Active
9181232,Primavalle,"Primavalle,Lazio,Italy",9053431,IT,Neighborhood,Active
9181233,San Basilio,"San Basilio,Lazio,Italy",9053431,IT,Neighborhood,Active
9181234,Giuliano-Dalmata,"Giuliano-Dalmata,Lazio,Italy",9053431,IT,Neighborhood,Active
9181235,Roveri,"Roveri,Emilia-Romagna,Italy",9053429,IT,Neighborhood,Active
9181236,San Giovanni a Teduccio,"San Giovanni a Teduccio,Campania,Italy",9053428,IT,Neighborhood,Active
9181237,San Pietro a Patierno,"San Pietro a Patierno,Campania,Italy",9053428,IT,Neighborhood,Active
9181238,Scampia,"Scampia,Campania,Italy",9053428,IT,Neighborhood,Active
9181239,Soccavo,"Soccavo,Campania,Italy",9053428,IT,Neighborhood,Active
9181240,Tessera,"Tessera,Veneto,Italy",9053442,IT,Neighborhood,Active
9181241,Torrino,"Torrino,Lazio,Italy",9053431,IT,Neighborhood,Active
9181242,Tor Sapienza,"Tor Sapienza,Lazio,Italy",9053431,IT,Neighborhood,Active
9181243,Torre Spaccata,"Torre Spaccata,Lazio,Italy",9053431,IT,Neighborhood,Active
9181244,Torre Maura,"Torre Maura,Lazio,Italy",9053431,IT,Neighborhood,Active
9181245,Torrenova,"Torrenova,Lazio,Italy",9053431,IT,Neighborhood,Active
9181246,Zone XVIII Capannelle,"Zone XVIII Capannelle,Lazio,Italy",9053431,IT,Neighborhood,Active
9181247,Fonte Ostiense,"Fonte Ostiense,Lazio,Italy",9053431,IT,Neighborhood,Active
9189779,Municipio XI,"Municipio XI,Lazio,Italy",9053431,IT,City,Active
9189861,Ferno,"Ferno,Lombardy,Italy",9053433,IT,Municipality,Active
9189943,164,"00164,Lazio,Italy",9053431,IT,Postal Code,Active
9189988,35127,"35127,Veneto,Italy",9053442,IT,Postal Code,Active
9190138,147,"00147,Lazio,Italy",9053431,IT,Postal Code,Active
9190219,98039,"98039,Sicily,Italy",9053438,IT,Postal Code,Active
9190252,40139,"40139,Emilia-Romagna,Italy",9053429,IT,Postal Code,Active
9190276,137,"00137,Lazio,Italy",9053431,IT,Postal Code,Active
9190545,47921,"47921,Emilia-Romagna,Italy",9053429,IT,Postal Code,Active
9190830,50144,"50144,Tuscany,Italy",9053440,IT,Postal Code,Active
9190900,149,"00149,Lazio,Italy",9053431,IT,Postal Code,Active
9190914,30175,"30175,Veneto,Italy",9053442,IT,Postal Code,Active
9191254,172,"00172,Lazio,Italy",9053431,IT,Postal Code,Active
9191507,44121,"44121,Emilia-Romagna,Italy",9053429,IT,Postal Code,Active
9191643,128,"00128,Lazio,Italy",9053431,IT,Postal Code,Active
9191679,10151,"10151,Piedmont,Italy",9053436,IT,Postal Code,Active
9191759,Bicocca,"Bicocca,Lombardy,Italy",9053433,IT,Neighborhood,Active
9191799,41125,"41125,Emilia-Romagna,Italy",9053429,IT,Postal Code,Active
9192196,167,"00167,Lazio,Italy",9053431,IT,Postal Code,Active
9192221,Lamarmora,"Lamarmora,Lombardy,Italy",9053433,IT,Neighborhood,Active
9192468,40128,"40128,Emilia-Romagna,Italy",9053429,IT,Postal Code,Active
9192629,156,"00156,Lazio,Italy",9053431,IT,Postal Code,Active
9192709,Somma Vesuviana,"Somma Vesuviana,Somma Vesuviana,Campania,Italy",9053428,IT,City,Active
9192866,Amalfi,"Amalfi,Campania,Italy",9053428,IT,Municipality,Active
9193005,20128,"20128,Lombardy,Italy",9053433,IT,Postal Code,Active
9193082,37010,"37010,Veneto,Italy",9053442,IT,Postal Code,Active
9193200,Lido di Ostia Levante,"Lido di Ostia Levante,Lazio,Italy",9053431,IT,Neighborhood,Active
9193227,20148,"20148,Lombardy,Italy",9053433,IT,Postal Code,Active
9193647,70123,"70123,Apulia,Italy",9053425,IT,Postal Code,Active
9193687,70125,"70125,Apulia,Italy",9053425,IT,Postal Code,Active
9193698,25128,"25128,Lombardy,Italy",9053433,IT,Postal Code,Active
9193830,95126,"95126,Sicily,Italy",9053438,IT,Postal Code,Active
9193923,San Giorgio a Cremano,"San Giorgio a Cremano,San Giorgio a Cremano,Campania,Italy",9053428,IT,City,Active
9193940,Lambrate,"Lambrate,Lombardy,Italy",9053433,IT,Neighborhood,Active
9193962,80143,"80143,Campania,Italy",9053428,IT,Postal Code,Active
9194053,22060,"22060,Lombardy,Italy",9053433,IT,Postal Code,Active
9194122,10154,"10154,Piedmont,Italy",9053436,IT,Postal Code,Active
9194208,95123,"95123,Sicily,Italy",9053438,IT,Postal Code,Active
9194276,125,"00125,Lazio,Italy",9053431,IT,Postal Code,Active
9194532,35129,"35129,Veneto,Italy",9053442,IT,Postal Code,Active
9194603,Cardano al Campo,"Cardano al Campo,Lombardy,Italy",9053433,IT,Municipality,Active
9195088,30016,"30016,Veneto,Italy",9053442,IT,Postal Code,Active
9195091,20138,"20138,Lombardy,Italy",9053433,IT,Postal Code,Active
9195118,10135,"10135,Piedmont,Italy",9053436,IT,Postal Code,Active
9195270,40133,"40133,Emilia-Romagna,Italy",9053429,IT,Postal Code,Active
9195417,Padua City Centre,"Padua City Centre,Veneto,Italy",9053442,IT,Neighborhood,Active
9195689,Santa Maria Novella,"Santa Maria Novella,Tuscany,Italy",9053440,IT,Neighborhood,Active
9195882,Zone 9 of Milan,"Zone 9 of Milan,Lombardy,Italy",9053433,IT,City,Active
9195919,Centro,"Centro,Sicily,Italy",9053438,IT,Neighborhood,Active
9196013,Venezia Mestre,"Venezia Mestre,Veneto,Italy",9053442,IT,Neighborhood,Active
9196108,Isola Sacra,"Isola Sacra,Lazio,Italy",9053431,IT,City,Active
9196116,Centro,"Centro,Piedmont,Italy",9053436,IT,Neighborhood,Active
9196346,Zone 3 of Milan,"Zone 3 of Milan,Lombardy,Italy",9053433,IT,City,Active
9196371,Quartiere XXXIII Lido di Ostia Ponente,"Quartiere XXXIII Lido di Ostia Ponente,Lazio,Italy",9053431,IT,Neighborhood,Active
9196871,Municipalita di Mestre-Carpenedo,"Municipalita di Mestre-Carpenedo,Veneto,Italy",9053442,IT,City,Active
9197200,Zone 2 of Milan,"Zone 2 of Milan,Lombardy,Italy",9053433,IT,City,Active
9197554,Buccinasco,"Buccinasco,Buccinasco,Lombardy,Italy",9053433,IT,City,Active
9197652,Zone 4 of Milan,"Zone 4 of Milan,Lombardy,Italy",9053433,IT,City,Active
9197672,173,"00173,Lazio,Italy",9053431,IT,Postal Code,Active
9197687,144,"00144,Lazio,Italy",9053431,IT,Postal Code,Active
9197741,155,"00155,Lazio,Italy",9053431,IT,Postal Code,Active
9197798,90145,"90145,Sicily,Italy",9053438,IT,Postal Code,Active
9197826,Municipio II,"Municipio II,Lazio,Italy",9053431,IT,City,Active
9197852,136,"00136,Lazio,Italy",9053431,IT,Postal Code,Active
9197879,20143,"20143,Lombardy,Italy",9053433,IT,Postal Code,Active
9197889,Zone 1 of Milan,"Zone 1 of Milan,Lombardy,Italy",9053433,IT,City,Active
9197923,20139,"20139,Lombardy,Italy",9053433,IT,Postal Code,Active
9197955,165,"00165,Lazio,Italy",9053431,IT,Postal Code,Active
9197966,178,"00178,Lazio,Italy",9053431,IT,Postal Code,Active
9198102,90146,"90146,Sicily,Italy",9053438,IT,Postal Code,Active
9198154,80131,"80131,Campania,Italy",9053428,IT,Postal Code,Active
9198158,54,"00054,Lazio,Italy",9053431,IT,Postal Code,Active
9198193,80125,"80125,Campania,Italy",9053428,IT,Postal Code,Active
9198205,20126,"20126,Lombardy,Italy",9053433,IT,Postal Code,Active
9198357,Municipality 1 Venezia-Murano-Burano,"Municipality 1 Venezia-Murano-Burano,Veneto,Italy",9053442,IT,City,Active
9198382,185,"00185,Lazio,Italy",9053431,IT,Postal Code,Active
9198512,20151,"20151,Lombardy,Italy",9053433,IT,Postal Code,Active
9198534,20153,"20153,Lombardy,Italy",9053433,IT,Postal Code,Active
9198544,12,"00012,Lazio,Italy",9053431,IT,Postal Code,Active
9198557,District 1,"District 1,Tuscany,Italy",9053440,IT,City,Active
9198605,179,"00179,Lazio,Italy",9053431,IT,Postal Code,Active
9198639,20121,"20121,Lombardy,Italy",9053433,IT,Postal Code,Active
9198703,10141,"10141,Piedmont,Italy",9053436,IT,Postal Code,Active
9198733,118,"00118,Lazio,Italy",9053431,IT,Postal Code,Active
9198735,142,"00142,Lazio,Italy",9053431,IT,Postal Code,Active
9198750,20157,"20157,Lombardy,Italy",9053433,IT,Postal Code,Active
9198797,133,"00133,Lazio,Italy",9053431,IT,Postal Code,Active
9198806,Municipio VIII,"Municipio VIII,Lazio,Italy",9053431,IT,City,Active
9198912,20161,"20161,Lombardy,Italy",9053433,IT,Postal Code,Active
9198933,80144,"80144,Campania,Italy",9053428,IT,Postal Code,Active
9199036,80014,"80014,Campania,Italy",9053428,IT,Postal Code,Active
9199039,80126,"80126,Campania,Italy",9053428,IT,Postal Code,Active
9199055,10126,"10126,Piedmont,Italy",9053436,IT,Postal Code,Active
9199057,20054,"20054,Lombardy,Italy",9053433,IT,Postal Code,Active
9199158,20146,"20146,Lombardy,Italy",9053433,IT,Postal Code,Active
9199215,40138,"40138,Emilia-Romagna,Italy",9053429,IT,Postal Code,Active
9199218,139,"00139,Lazio,Italy",9053431,IT,Postal Code,Active
9199229,37138,"37138,Veneto,Italy",9053442,IT,Postal Code,Active
9199250,Castel di Lucio,"Castel di Lucio,Sicily,Italy",9053438,IT,Municipality,Active
9199251,Sinalunga,"Sinalunga,Tuscany,Italy",9053440,IT,Municipality,Active
9199252,Bianzano,"Bianzano,Lombardy,Italy",9053433,IT,Municipality,Active
9199253,Viguzzolo,"Viguzzolo,Piedmont,Italy",9053436,IT,Municipality,Active
9199254,Casalduni,"Casalduni,Campania,Italy",9053428,IT,Municipality,Active
9199255,Perano,"Perano,Abruzzo,Italy",9053423,IT,Municipality,Active
9199256,Bistagno,"Bistagno,Piedmont,Italy",9053436,IT,Municipality,Active
9199257,Ruviano,"Ruviano,Campania,Italy",9053428,IT,Municipality,Active
9199258,Verbania,"Verbania,Piedmont,Italy",9053436,IT,Municipality,Active
9199259,Fenegro,"Fenegro,Lombardy,Italy",9053433,IT,Municipality,Active
9199260,Cervinara,"Cervinara,Campania,Italy",9053428,IT,Municipality,Active
9199261,Dolegna del Collio,"Dolegna del Collio,Friuli-Venezia Giulia,Italy",9053430,IT,Municipality,Active
9199262,Sommatino,"Sommatino,Sicily,Italy",9053438,IT,Municipality,Active
9199263,San Giorgio Scarampi,"San Giorgio Scarampi,Piedmont,Italy",9053436,IT,Municipality,Active
9199264,Castrezzato,"Castrezzato,Lombardy,Italy",9053433,IT,Municipality,Active
9199265,Spino d'Adda,"Spino d'Adda,Lombardy,Italy",9053433,IT,Municipality,Active
9199266,Zerbo,"Zerbo,Lombardy,Italy",9053433,IT,Municipality,Active
9199267,Vivaro Romano,"Vivaro Romano,Lazio,Italy",9053431,IT,Municipality,Active
9199268,Budoia,"Budoia,Friuli-Venezia Giulia,Italy",9053430,IT,Municipality,Active
9199269,Mirano,"Mirano,Veneto,Italy",9053442,IT,Municipality,Active
9199270,Montefiore dell'Aso,"Montefiore dell'Aso,Marche,Italy",9053434,IT,Municipality,Active
9199271,Roncaro,"Roncaro,Lombardy,Italy",9053433,IT,Municipality,Active
9199272,Fosciandora,"Fosciandora,Tuscany,Italy",9053440,IT,Municipality,Active
9199273,Voghiera,"Voghiera,Emilia-Romagna,Italy",9053429,IT,Municipality,Active
9199274,Santa Sofia d'Epiro,"Santa Sofia d'Epiro,Calabria,Italy",9053427,IT,Municipality,Active
9199275,Busachi,"Busachi,Sardinia,Italy",9053437,IT,Municipality,Active
9199276,Resuttano,"Resuttano,Sicily,Italy",9053438,IT,Municipality,Active
9199277,Verolengo,"Verolengo,Piedmont,Italy",9053436,IT,Municipality,Active
9199278,Ceraso,"Ceraso,Campania,Italy",9053428,IT,Municipality,Active
9199279,Chiampo,"Chiampo,Veneto,Italy",9053442,IT,Municipality,Active
9199280,Formigine,"Formigine,Emilia-Romagna,Italy",9053429,IT,Municipality,Active
9199281,Ali Terme,"Ali Terme,Sicily,Italy",9053438,IT,Municipality,Active
9199282,Chatillon,"Chatillon,Aosta Valley,Italy",9053424,IT,Municipality,Active
9199283,Castelveccana,"Castelveccana,Lombardy,Italy",9053433,IT,Municipality,Active
9199284,Chianciano Terme,"Chianciano Terme,Tuscany,Italy",9053440,IT,Municipality,Active
9199285,Preseglie,"Preseglie,Lombardy,Italy",9053433,IT,Municipality,Active
9199286,Talana,"Talana,Sardinia,Italy",9053437,IT,Municipality,Active
9199287,Ciglie,"Ciglie,Piedmont,Italy",9053436,IT,Municipality,Active
9199288,Strangolagalli,"Strangolagalli,Lazio,Italy",9053431,IT,Municipality,Active
9199289,Gaiole in Chianti,"Gaiole in Chianti,Tuscany,Italy",9053440,IT,Municipality,Active
9199290,Lusevera,"Lusevera,Friuli-Venezia Giulia,Italy",9053430,IT,Municipality,Active
9199291,Acquafredda,"Acquafredda,Lombardy,Italy",9053433,IT,Municipality,Active
9199292,Piombino,"Piombino,Tuscany,Italy",9053440,IT,Municipality,Active
9199293,Chies d'Alpago,"Chies d'Alpago,Veneto,Italy",9053442,IT,Municipality,Active
9199294,Ovaro,"Ovaro,Friuli-Venezia Giulia,Italy",9053430,IT,Municipality,Active
9199295,San Fior,"San Fior,Veneto,Italy",9053442,IT,Municipality,Active
9199296,San Giorgio Piacentino,"San Giorgio Piacentino,Emilia-Romagna,Italy",9053429,IT,Municipality,Active
9199297,Pignone,"Pignone,Liguria,Italy",9053432,IT,Municipality,Active
9199298,Reggio Emilia,"Reggio Emilia,Emilia-Romagna,Italy",9053429,IT,Municipality,Active
9199299,Jerzu,"Jerzu,Sardinia,Italy",9053437,IT,Municipality,Active
9199300,Lusernetta,"Lusernetta,Piedmont,Italy",9053436,IT,Municipality,Active
9199301,Ari,"Ari,Abruzzo,Italy",9053423,IT,Municipality,Active
9199302,Montefusco,"Montefusco,Campania,Italy",9053428,IT,Municipality,Active
9199303,Conza della Campania,"Conza della Campania,Campania,Italy",9053428,IT,Municipality,Active
9199304,Sangineto,"Sangineto,Calabria,Italy",9053427,IT,Municipality,Active
9199305,Campofelice di Fitalia,"Campofelice di Fitalia,Sicily,Italy",9053438,IT,Municipality,Active
9199306,Castel Volturno,"Castel Volturno,Campania,Italy",9053428,IT,Municipality,Active
9199307,Giussago,"Giussago,Lombardy,Italy",9053433,IT,Municipality,Active
9199308,Ciro Marina,"Ciro Marina,Calabria,Italy",9053427,IT,Municipality,Active
9199309,Esino Lario,"Esino Lario,Lombardy,Italy",9053433,IT,Municipality,Active
9199310,Cicala,"Cicala,Calabria,Italy",9053427,IT,Municipality,Active
9199311,Castiraga Vidardo,"Castiraga Vidardo,Lombardy,Italy",9053433,IT,Municipality,Active
9199312,Annone di Brianza,"Annone di Brianza,Lombardy,Italy",9053433,IT,Municipality,Active
9199313,Morolo,"Morolo,Lazio,Italy",9053431,IT,Municipality,Active
9199314,Siliqua,"Siliqua,Sardinia,Italy",9053437,IT,Municipality,Active
9199315,Sortino,"Sortino,Sicily,Italy",9053438,IT,Municipality,Active
9199316,Casola Valsenio,"Casola Valsenio,Emilia-Romagna,Italy",9053429,IT,Municipality,Active
9199317,Fubine Monferrato,"Fubine Monferrato,Piedmont,Italy",9053436,IT,Municipality,Active
9199318,Olzai,"Olzai,Sardinia,Italy",9053437,IT,Municipality,Active
9199319,Lentini,"Lentini,Sicily,Italy",9053438,IT,Municipality,Active
9199320,San Costantino Calabro,"San Costantino Calabro,Calabria,Italy",9053427,IT,Municipality,Active
9199321,Casteldidone,"Casteldidone,Lombardy,Italy",9053433,IT,Municipality,Active
9199322,Cambiago,"Cambiago,Lombardy,Italy",9053433,IT,Municipality,Active
9199323,Serravalle Langhe,"Serravalle Langhe,Piedmont,Italy",9053436,IT,Municipality,Active
9199324,Morra De Sanctis,"Morra De Sanctis,Campania,Italy",9053428,IT,Municipality,Active
9199325,Loro Piceno,"Loro Piceno,Marche,Italy",9053434,IT,Municipality,Active
9199326,Piverone,"Piverone,Piedmont,Italy",9053436,IT,Municipality,Active
9199327,Gremiasco,"Gremiasco,Piedmont,Italy",9053436,IT,Municipality,Active
9199328,Vialfre,"Vialfre,Piedmont,Italy",9053436,IT,Municipality,Active
9199329,Gravellona Lomellina,"Gravellona Lomellina,Lombardy,Italy",9053433,IT,Municipality,Active
9199330,Brusimpiano,"Brusimpiano,Lombardy,Italy",9053433,IT,Municipality,Active
9199331,Altofonte,"Altofonte,Sicily,Italy",9053438,IT,Municipality,Active
9199332,Borgofranco d'Ivrea,"Borgofranco d'Ivrea,Piedmont,Italy",9053436,IT,Municipality,Active
9199333,San Giusto Canavese,"San Giusto Canavese,Piedmont,Italy",9053436,IT,Municipality,Active
9199334,Azzone,"Azzone,Lombardy,Italy",9053433,IT,Municipality,Active
9199335,Sillano Giuncugnano,"Sillano Giuncugnano,Tuscany,Italy",9053440,IT,Municipality,Active
9199336,Terranova da Sibari,"Terranova da Sibari,Calabria,Italy",9053427,IT,Municipality,Active
9199337,Camagna Monferrato,"Camagna Monferrato,Piedmont,Italy",9053436,IT,Municipality,Active
9199338,Sommariva del Bosco,"Sommariva del Bosco,Piedmont,Italy",9053436,IT,Municipality,Active
9199339,Trovo,"Trovo,Lombardy,Italy",9053433,IT,Municipality,Active
9199340,Casalino,"Casalino,Piedmont,Italy",9053436,IT,Municipality,Active
9199341,Colmurano,"Colmurano,Marche,Italy",9053434,IT,Municipality,Active
9199342,Meana Sardo,"Meana Sardo,Sardinia,Italy",9053437,IT,Municipality,Active
9199343,Alluvioni Piovera,"Alluvioni Piovera,Piedmont,Italy",9053436,IT,Municipality,Active
9199344,Giuliana,"Giuliana,Sicily,Italy",9053438,IT,Municipality,Active
9199345,Uggiate con Ronago,"Uggiate con Ronago,Lombardy,Italy",9053433,IT,Municipality,Active
9199346,Mogliano Veneto,"Mogliano Veneto,Veneto,Italy",9053442,IT,Municipality,Active
9199347,Grumento Nova,"Grumento Nova,Basilicata,Italy",9053426,IT,Municipality,Active
9199348,Arignano,"Arignano,Piedmont,Italy",9053436,IT,Municipality,Active
9199349,Rocca di Neto,"Rocca di Neto,Calabria,Italy",9053427,IT,Municipality,Active
9199350,Rovagnate,"Rovagnate,Lombardy,Italy",9053433,IT,Municipality,Active
9199351,Pigna,"Pigna,Liguria,Italy",9053432,IT,Municipality,Active
9199352,Castro,"Castro,Apulia,Italy",9053425,IT,Municipality,Active
9199353,Faenza,"Faenza,Emilia-Romagna,Italy",9053429,IT,Municipality,Active
9199354,Comano,"Comano,Tuscany,Italy",9053440,IT,Municipality,Active
9199355,Caprese Michelangelo,"Caprese Michelangelo,Tuscany,Italy",9053440,IT,Municipality,Active
9199356,Lazise,"Lazise,Veneto,Italy",9053442,IT,Municipality,Active
9199357,Mazze,"Mazze,Piedmont,Italy",9053436,IT,Municipality,Active
9199358,Tornareccio,"Tornareccio,Abruzzo,Italy",9053423,IT,Municipality,Active
9199359,Arcene,"Arcene,Lombardy,Italy",9053433,IT,Municipality,Active
9199360,Valvestino,"Valvestino,Lombardy,Italy",9053433,IT,Municipality,Active
9199361,Albareto,"Albareto,Emilia-Romagna,Italy",9053429,IT,Municipality,Active
9199362,Luzzi,"Luzzi,Calabria,Italy",9053427,IT,Municipality,Active
9199363,Premeno,"Premeno,Piedmont,Italy",9053436,IT,Municipality,Active
9199364,Albanella,"Albanella,Campania,Italy",9053428,IT,Municipality,Active
9199365,Gibellina,"Gibellina,Sicily,Italy",9053438,IT,Municipality,Active
9199366,Cuorgne,"Cuorgne,Piedmont,Italy",9053436,IT,Municipality,Active
9199367,Ponsacco,"Ponsacco,Tuscany,Italy",9053440,IT,Municipality,Active
9199368,Carbonate,"Carbonate,Lombardy,Italy",9053433,IT,Municipality,Active
9199369,Gallese,"Gallese,Lazio,Italy",9053431,IT,Municipality,Active
9199370,Povegliano,"Povegliano,Veneto,Italy",9053442,IT,Municipality,Active
9199371,Cesio,"Cesio,Liguria,Italy",9053432,IT,Municipality,Active
9199372,San Marzano di San Giuseppe,"San Marzano di San Giuseppe,Apulia,Italy",9053425,IT,Municipality,Active
9199373,Bocchigliero,"Bocchigliero,Calabria,Italy",9053427,IT,Municipality,Active
9199374,Pollica,"Pollica,Campania,Italy",9053428,IT,Municipality,Active
9199375,Scandiano,"Scandiano,Emilia-Romagna,Italy",9053429,IT,Municipality,Active
9199376,Budoni,"Budoni,Sardinia,Italy",9053437,IT,Municipality,Active
9199377,Arqua Petrarca,"Arqua Petrarca,Veneto,Italy",9053442,IT,Municipality,Active
9199378,Casale Marittimo,"Casale Marittimo,Tuscany,Italy",9053440,IT,Municipality,Active
9199379,Cassaro,"Cassaro,Sicily,Italy",9053438,IT,Municipality,Active
9199380,Pradleves,"Pradleves,Piedmont,Italy",9053436,IT,Municipality,Active
9199381,Cardedu,"Cardedu,Sardinia,Italy",9053437,IT,Municipality,Active
9199382,Calcinaia,"Calcinaia,Tuscany,Italy",9053440,IT,Municipality,Active
9199383,Lasnigo,"Lasnigo,Lombardy,Italy",9053433,IT,Municipality,Active
9199384,Pomarico,"Pomarico,Basilicata,Italy",9053426,IT,Municipality,Active
9199385,L'Aquila,"L'Aquila,Abruzzo,Italy",9053423,IT,Municipality,Active
9199386,Gioia Sannitica,"Gioia Sannitica,Campania,Italy",9053428,IT,Municipality,Active
9199387,Lampedusa e Linosa,"Lampedusa e Linosa,Sicily,Italy",9053438,IT,Municipality,Active
9199388,Sesto Fiorentino,"Sesto Fiorentino,Tuscany,Italy",9053440,IT,Municipality,Active
9199389,Ceranesi,"Ceranesi,Liguria,Italy",9053432,IT,Municipality,Active
9199390,Soliera,"Soliera,Emilia-Romagna,Italy",9053429,IT,Municipality,Active
9199391,Domegge di Cadore,"Domegge di Cadore,Veneto,Italy",9053442,IT,Municipality,Active
9199392,Imer,"Imer,Trentino-South Tyrol,Italy",9053439,IT,Municipality,Active
9199393,Bormida,"Bormida,Liguria,Italy",9053432,IT,Municipality,Active
9199394,Palosco,"Palosco,Lombardy,Italy",9053433,IT,Municipality,Active
9199395,Lapedona,"Lapedona,Marche,Italy",9053434,IT,Municipality,Active
9199396,San Pietro in Cerro,"San Pietro in Cerro,Emilia-Romagna,Italy",9053429,IT,Municipality,Active
9199397,Welsberg-Taisten,"Welsberg-Taisten,Trentino-South Tyrol,Italy",9053439,IT,Municipality,Active
9199398,Capranica,"Capranica,Lazio,Italy",9053431,IT,Municipality,Active
9199399,Paderno d'Adda,"Paderno d'Adda,Lombardy,Italy",9053433,IT,Municipality,Active
9199400,Colli Verdi,"Colli Verdi,Lombardy,Italy",9053433,IT,Municipality,Active
9199401,Mafalda,"Mafalda,Molise,Italy",9053435,IT,Municipality,Active
9199402,Bono,"Bono,Sardinia,Italy",9053437,IT,Municipality,Active
9199403,Falerone,"Falerone,Marche,Italy",9053434,IT,Municipality,Active
9199404,Fiesse,"Fiesse,Lombardy,Italy",9053433,IT,Municipality,Active
9199405,Boffalora sopra Ticino,"Boffalora sopra Ticino,Lombardy,Italy",9053433,IT,Municipality,Active
9199406,Ricengo,"Ricengo,Lombardy,Italy",9053433,IT,Municipality,Active
9199407,Casella,"Casella,Liguria,Italy",9053432,IT,Municipality,Active
9199408,Roccaforte Ligure,"Roccaforte Ligure,Piedmont,Italy",9053436,IT,Municipality,Active
9199409,Torre Pellice,"Torre Pellice,Piedmont,Italy",9053436,IT,Municipality,Active
9199410,Lomagna,"Lomagna,Lombardy,Italy",9053433,IT,Municipality,Active
9199411,Lamon,"Lamon,Veneto,Italy",9053442,IT,Municipality,Active
9199412,Vallarsa,"Vallarsa,Trentino-South Tyrol,Italy",9053439,IT,Municipality,Active
9199413,Valmorea,"Valmorea,Lombardy,Italy",9053433,IT,Municipality,Active
9199414,San Cristoforo,"San Cristoforo,Piedmont,Italy",9053436,IT,Municipality,Active
9199415,Coreglia Antelminelli,"Coreglia Antelminelli,Tuscany,Italy",9053440,IT,Municipality,Active
9199416,Campagnola Emilia,"Campagnola Emilia,Emilia-Romagna,Italy",9053429,IT,Municipality,Active
9199417,Certosa di Pavia,"Certosa di Pavia,Lombardy,Italy",9053433,IT,Municipality,Active
9199418,Torre di Mosto,"Torre di Mosto,Veneto,Italy",9053442,IT,Municipality,Active
9199419,Pegognaga,"Pegognaga,Lombardy,Italy",9053433,IT,Municipality,Active
9199420,Fivizzano,"Fivizzano,Tuscany,Italy",9053440,IT,Municipality,Active
9199421,Montelupone,"Montelupone,Marche,Italy",9053434,IT,Municipality,Active
9199422,Tesero,"Tesero,Trentino-South Tyrol,Italy",9053439,IT,Municipality,Active
9199423,Cellino San Marco,"Cellino San Marco,Apulia,Italy",9053425,IT,Municipality,Active
9199424,Carisolo,"Carisolo,Trentino-South Tyrol,Italy",9053439,IT,Municipality,Active
9199425,Spilamberto,"Spilamberto,Emilia-Romagna,Italy",9053429,IT,Municipality,Active
9199426,Sant'Elena Sannita,"Sant'Elena Sannita,Molise,Italy",9053435,IT,Municipality,Active
9199427,Belforte del Chienti,"Belforte del Chienti,Marche,Italy",9053434,IT,Municipality,Active
9199428,Argegno,"Argegno,Lombardy,Italy",9053433,IT,Municipality,Active
9199429,Montegranaro,"Montegranaro,Marche,Italy",9053434,IT,Municipality,Active
9199430,Passirano,"Passirano,Lombardy,Italy",9053433,IT,Municipality,Active
9199431,Lioni,"Lioni,Campania,Italy",9053428,IT,Municipality,Active
9199432,Cavezzo,"Cavezzo,Emilia-Romagna,Italy",9053429,IT,Municipality,Active
9199433,Veglio,"Veglio,Piedmont,Italy",9053436,IT,Municipality,Active
9199434,Bannio Anzino,"Bannio Anzino,Piedmont,Italy",9053436,IT,Municipality,Active
9199435,Staffolo,"Staffolo,Marche,Italy",9053434,IT,Municipality,Active
9199436,Castelcovati,"Castelcovati,Lombardy,Italy",9053433,IT,Municipality,Active
9199437,Lavenone,"Lavenone,Lombardy,Italy",9053433,IT,Municipality,Active
9199438,Pignataro Interamna,"Pignataro Interamna,Lazio,Italy",9053431,IT,Municipality,Active
9199439,Vignanello,"Vignanello,Lazio,Italy",9053431,IT,Municipality,Active
9199440,Raveo,"Raveo,Friuli-Venezia Giulia,Italy",9053430,IT,Municipality,Active
9199441,Galatro,"Galatro,Calabria,Italy",9053427,IT,Municipality,Active
9199442,San Mauro Castelverde,"San Mauro Castelverde,Sicily,Italy",9053438,IT,Municipality,Active
9199443,Borgaro Torinese,"Borgaro Torinese,Piedmont,Italy",9053436,IT,Municipality,Active
9199444,Poggio Imperiale,"Poggio Imperiale,Apulia,Italy",9053425,IT,Municipality,Active
9199445,Sant'Alfio,"Sant'Alfio,Sicily,Italy",9053438,IT,Municipality,Active
9199446,Viterbo,"Viterbo,Lazio,Italy",9053431,IT,Municipality,Active
9199447,Trontano,"Trontano,Piedmont,Italy",9053436,IT,Municipality,Active
9199448,Bauladu,"Bauladu,Sardinia,Italy",9053437,IT,Municipality,Active
9199449,Piano di Sorrento,"Piano di Sorrento,Campania,Italy",9053428,IT,Municipality,Active
9199450,Nereto,"Nereto,Abruzzo,Italy",9053423,IT,Municipality,Active
9199451,Cicognolo,"Cicognolo,Lombardy,Italy",9053433,IT,Municipality,Active
9199452,Roccalbegna,"Roccalbegna,Tuscany,Italy",9053440,IT,Municipality,Active
9199453,Ferla,"Ferla,Sicily,Italy",9053438,IT,Municipality,Active
9199454,Montegrosso Pian Latte,"Montegrosso Pian Latte,Liguria,Italy",9053432,IT,Municipality,Active
9199455,Figline e Incisa Valdarno,"Figline e Incisa Valdarno,Tuscany,Italy",9053440,IT,Municipality,Active
9199456,Gravellona Toce,"Gravellona Toce,Piedmont,Italy",9053436,IT,Municipality,Active
9199457,Telve,"Telve,Trentino-South Tyrol,Italy",9053439,IT,Municipality,Active
9199458,Murialdo,"Murialdo,Liguria,Italy",9053432,IT,Municipality,Active
9199459,Castel di Tora,"Castel di Tora,Lazio,Italy",9053431,IT,Municipality,Active
9199460,Ussita,"Ussita,Marche,Italy",9053434,IT,Municipality,Active
9199461,Gabbioneta-Binanuova,"Gabbioneta-Binanuova,Lombardy,Italy",9053433,IT,Municipality,Active
9199462,San Costantino Albanese,"San Costantino Albanese,Basilicata,Italy",9053426,IT,Municipality,Active
9199463,Corniglio,"Corniglio,Emilia-Romagna,Italy",9053429,IT,Municipality,Active
9199464,Calvisano,"Calvisano,Lombardy,Italy",9053433,IT,Municipality,Active
9199465,Filighera,"Filighera,Lombardy,Italy",9053433,IT,Municipality,Active
9199466,Mogliano,"Mogliano,Marche,Italy",9053434,IT,Municipality,Active
9199467,Andria,"Andria,Apulia,Italy",9053425,IT,Municipality,Active
9199468,Santo Stefano Roero,"Santo Stefano Roero,Piedmont,Italy",9053436,IT,Municipality,Active
9199469,Villa Verde,"Villa Verde,Sardinia,Italy",9053437,IT,Municipality,Active
9199470,Sant'Andrea di Conza,"Sant'Andrea di Conza,Campania,Italy",9053428,IT,Municipality,Active
9199471,Borgosatollo,"Borgosatollo,Lombardy,Italy",9053433,IT,Municipality,Active
9199472,Inveruno,"Inveruno,Lombardy,Italy",9053433,IT,Municipality,Active
9199473,Santa Maria a Monte,"Santa Maria a Monte,Tuscany,Italy",9053440,IT,Municipality,Active
9199474,Arluno,"Arluno,Lombardy,Italy",9053433,IT,Municipality,Active
9199475,Isola Sant'Antonio,"Isola Sant'Antonio,Piedmont,Italy",9053436,IT,Municipality,Active
9199476,Casoli,"Casoli,Abruzzo,Italy",9053423,IT,Municipality,Active
9199477,Cesiomaggiore,"Cesiomaggiore,Veneto,Italy",9053442,IT,Municipality,Active
9199478,Laveno-Mombello,"Laveno-Mombello,Lombardy,Italy",9053433,IT,Municipality,Active
9199479,Ormea,"Ormea,Piedmont,Italy",9053436,IT,Municipality,Active
9199480,Curno,"Curno,Lombardy,Italy",9053433,IT,Municipality,Active
9199481,Cosio Valtellino,"Cosio Valtellino,Lombardy,Italy",9053433,IT,Municipality,Active
9199482,Tiriolo,"Tiriolo,Calabria,Italy",9053427,IT,Municipality,Active
9199483,Selvino,"Selvino,Lombardy,Italy",9053433,IT,Municipality,Active
9199484,Valverde,"Valverde,Sicily,Italy",9053438,IT,Municipality,Active
9199485,Gambettola,"Gambettola,Emilia-Romagna,Italy",9053429,IT,Municipality,Active
9199486,Casape,"Casape,Lazio,Italy",9053431,IT,Municipality,Active
9199487,Bresimo,"Bresimo,Trentino-South Tyrol,Italy",9053439,IT,Municipality,Active
9199488,Bagnolo Cremasco,"Bagnolo Cremasco,Lombardy,Italy",9053433,IT,Municipality,Active
9199489,San Gillio,"San Gillio,Piedmont,Italy",9053436,IT,Municipality,Active
9199490,Canterano,"Canterano,Lazio,Italy",9053431,IT,Municipality,Active
9199491,Denice,"Denice,Piedmont,Italy",9053436,IT,Municipality,Active
9199492,Olginate,"Olginate,Lombardy,Italy",9053433,IT,Municipality,Active
9199493,San Rocco al Porto,"San Rocco al Porto,Lombardy,Italy",9053433,IT,Municipality,Active
9199494,Sali Vercellese,"Sali Vercellese,Piedmont,Italy",9053436,IT,Municipality,Active
9199495,Chiesina Uzzanese,"Chiesina Uzzanese,Tuscany,Italy",9053440,IT,Municipality,Active
9199496,Val Liona,"Val Liona,Veneto,Italy",9053442,IT,Municipality,Active
9199497,Cavaria con Premezzo,"Cavaria con Premezzo,Lombardy,Italy",9053433,IT,Municipality,Active
9199498,Cortanze,"Cortanze,Piedmont,Italy",9053436,IT,Municipality,Active
9199499,Siurgus Donigala,"Siurgus Donigala,Sardinia,Italy",9053437,IT,Municipality,Active
9199500,Montodine,"Montodine,Lombardy,Italy",9053433,IT,Municipality,Active
9199501,Aritzo,"Aritzo,Sardinia,Italy",9053437,IT,Municipality,Active
9199502,Tempio Pausania,"Tempio Pausania,Sardinia,Italy",9053437,IT,Municipality,Active
9199503,Orzivecchi,"Orzivecchi,Lombardy,Italy",9053433,IT,Municipality,Active
9199504,San Pietro Avellana,"San Pietro Avellana,Molise,Italy",9053435,IT,Municipality,Active
9199505,Corropoli,"Corropoli,Abruzzo,Italy",9053423,IT,Municipality,Active
9199506,Cortino,"Cortino,Abruzzo,Italy",9053423,IT,Municipality,Active
9199507,Cerignola,"Cerignola,Apulia,Italy",9053425,IT,Municipality,Active
9199508,Vignolo,"Vignolo,Piedmont,Italy",9053436,IT,Municipality,Active
9199509,Sambuca di Sicilia,"Sambuca di Sicilia,Sicily,Italy",9053438,IT,Municipality,Active
9199510,Albissola Marina,"Albissola Marina,Liguria,Italy",9053432,IT,Municipality,Active
9199511,Ostellato,"Ostellato,Emilia-Romagna,Italy",9053429,IT,Municipality,Active
9199512,Arnesano,"Arnesano,Apulia,Italy",9053425,IT,Municipality,Active
9199513,Poggio San Lorenzo,"Poggio San Lorenzo,Lazio,Italy",9053431,IT,Municipality,Active
9199514,Oratino,"Oratino,Molise,Italy",9053435,IT,Municipality,Active
9199515,Voltago Agordino,"Voltago Agordino,Veneto,Italy",9053442,IT,Municipality,Active
9199516,Casorezzo,"Casorezzo,Lombardy,Italy",9053433,IT,Municipality,Active
9199517,Serra San Bruno,"Serra San Bruno,Calabria,Italy",9053427,IT,Municipality,Active
9199518,Brivio,"Brivio,Lombardy,Italy",9053433,IT,Municipality,Active
9199519,Nusco,"Nusco,Campania,Italy",9053428,IT,Municipality,Active
9199520,Altamura,"Altamura,Apulia,Italy",9053425,IT,Municipality,Active
9199521,Cessole,"Cessole,Piedmont,Italy",9053436,IT,Municipality,Active
9199522,Montorio al Vomano,"Montorio al Vomano,Abruzzo,Italy",9053423,IT,Municipality,Active
9199523,Castorano,"Castorano,Marche,Italy",9053434,IT,Municipality,Active
9199524,Aliano,"Aliano,Basilicata,Italy",9053426,IT,Municipality,Active
9199525,Paulilatino,"Paulilatino,Sardinia,Italy",9053437,IT,Municipality,Active
9199526,Sannazzaro de' Burgondi,"Sannazzaro de' Burgondi,Lombardy,Italy",9053433,IT,Municipality,Active
9199527,Crispiano,"Crispiano,Apulia,Italy",9053425,IT,Municipality,Active
9199528,Vallepietra,"Vallepietra,Lazio,Italy",9053431,IT,Municipality,Active
9199529,Dorzano,"Dorzano,Piedmont,Italy",9053436,IT,Municipality,Active
9199530,San Giorgio della Richinvelda,"San Giorgio della Richinvelda,Friuli-Venezia Giulia,Italy",9053430,IT,Municipality,Active
9199531,Serre,"Serre,Campania,Italy",9053428,IT,Municipality,Active
9199532,Acquapendente,"Acquapendente,Lazio,Italy",9053431,IT,Municipality,Active
9199533,Monte Grimano,"Monte Grimano,Marche,Italy",9053434,IT,Municipality,Active
9199534,Cissone,"Cissone,Piedmont,Italy",9053436,IT,Municipality,Active
9199535,Loiano,"Loiano,Emilia-Romagna,Italy",9053429,IT,Municipality,Active
9199536,Secinaro,"Secinaro,Abruzzo,Italy",9053423,IT,Municipality,Active
9199537,San Giacomo Vercellese,"San Giacomo Vercellese,Piedmont,Italy",9053436,IT,Municipality,Active
9199538,Bognanco,"Bognanco,Piedmont,Italy",9053436,IT,Municipality,Active
9199539,Carife,"Carife,Campania,Italy",9053428,IT,Municipality,Active
9199540,Montauro,"Montauro,Calabria,Italy",9053427,IT,Municipality,Active
9199541,Castelgerundo,"Castelgerundo,Lombardy,Italy",9053433,IT,Municipality,Active
9199542,Torrazza Coste,"Torrazza Coste,Lombardy,Italy",9053433,IT,Municipality,Active
9199543,Rocchetta e Croce,"Rocchetta e Croce,Campania,Italy",9053428,IT,Municipality,Active
9199544,San Nicola Manfredi,"San Nicola Manfredi,Campania,Italy",9053428,IT,Municipality,Active
9199545,Acquaviva delle Fonti,"Acquaviva delle Fonti,Apulia,Italy",9053425,IT,Municipality,Active
9199546,Ventimiglia di Sicilia,"Ventimiglia di Sicilia,Sicily,Italy",9053438,IT,Municipality,Active
9199547,Clusone,"Clusone,Lombardy,Italy",9053433,IT,Municipality,Active
9199548,Bisceglie,"Bisceglie,Apulia,Italy",9053425,IT,Municipality,Active
9199549,Canna,"Canna,Calabria,Italy",9053427,IT,Municipality,Active
9199550,Spezzano Albanese,"Spezzano Albanese,Calabria,Italy",9053427,IT,Municipality,Active
9199551,Boissano,"Boissano,Liguria,Italy",9053432,IT,Municipality,Active
9199552,Villa Collemandina,"Villa Collemandina,Tuscany,Italy",9053440,IT,Municipality,Active
9199553,Ceretto Lomellina,"Ceretto Lomellina,Lombardy,Italy",9053433,IT,Municipality,Active
9199554,Cherasco,"Cherasco,Piedmont,Italy",9053436,IT,Municipality,Active
9199555,Torricella del Pizzo,"Torricella del Pizzo,Lombardy,Italy",9053433,IT,Municipality,Active
9199556,Bivona,"Bivona,Sicily,Italy",9053438,IT,Municipality,Active
9199557,Monesiglio,"Monesiglio,Piedmont,Italy",9053436,IT,Municipality,Active
9199558,Missanello,"Missanello,Basilicata,Italy",9053426,IT,Municipality,Active
9199559,Castellabate,"Castellabate,Campania,Italy",9053428,IT,Municipality,Active
9199560,Cornedo Vicentino,"Cornedo Vicentino,Veneto,Italy",9053442,IT,Municipality,Active
9199561,Zoagli,"Zoagli,Liguria,Italy",9053432,IT,Municipality,Active
9199562,Caspoggio,"Caspoggio,Lombardy,Italy",9053433,IT,Municipality,Active
9199563,Stazzona,"Stazzona,Lombardy,Italy",9053433,IT,Municipality,Active
9199564,Nervesa della Battaglia,"Nervesa della Battaglia,Veneto,Italy",9053442,IT,Municipality,Active
9199565,Vogogna,"Vogogna,Piedmont,Italy",9053436,IT,Municipality,Active
9199566,Castellanza,"Castellanza,Lombardy,Italy",9053433,IT,Municipality,Active
9199567,Bussoleno,"Bussoleno,Piedmont,Italy",9053436,IT,Municipality,Active
9199568,San Fermo della Battaglia,"San Fermo della Battaglia,Lombardy,Italy",9053433,IT,Municipality,Active
9199569,Callabiana,"Callabiana,Piedmont,Italy",9053436,IT,Municipality,Active
9199570,San Giuliano Milanese,"San Giuliano Milanese,Lombardy,Italy",9053433,IT,Municipality,Active
9199571,Gozzano,"Gozzano,Piedmont,Italy",9053436,IT,Municipality,Active
9199572,Cesaro,"Cesaro,Sicily,Italy",9053438,IT,Municipality,Active
9199573,Ferruzzano,"Ferruzzano,Calabria,Italy",9053427,IT,Municipality,Active
9199574,Salcedo,"Salcedo,Veneto,Italy",9053442,IT,Municipality,Active
9199575,Mileto,"Mileto,Calabria,Italy",9053427,IT,Municipality,Active
9199576,Santhia,"Santhia,Piedmont,Italy",9053436,IT,Municipality,Active
9199577,Senigallia,"Senigallia,Marche,Italy",9053434,IT,Municipality,Active
9199578,Mestrino,"Mestrino,Veneto,Italy",9053442,IT,Municipality,Active
9199579,Montalbano Jonico,"Montalbano Jonico,Basilicata,Italy",9053426,IT,Municipality,Active
9199580,Altivole,"Altivole,Veneto,Italy",9053442,IT,Municipality,Active
9199581,Cinte Tesino,"Cinte Tesino,Trentino-South Tyrol,Italy",9053439,IT,Municipality,Active
9199582,Valle San Nicolao,"Valle San Nicolao,Piedmont,Italy",9053436,IT,Municipality,Active
9199583,Cesana Torinese,"Cesana Torinese,Piedmont,Italy",9053436,IT,Municipality,Active
9199584,Rovetta,"Rovetta,Lombardy,Italy",9053433,IT,Municipality,Active
9199585,Roccaforte Mondovi,"Roccaforte Mondovi,Piedmont,Italy",9053436,IT,Municipality,Active
9199586,Taurianova,"Taurianova,Calabria,Italy",9053427,IT,Municipality,Active
9199587,Introdacqua,"Introdacqua,Abruzzo,Italy",9053423,IT,Municipality,Active
9199588,Cerano,"Cerano,Piedmont,Italy",9053436,IT,Municipality,Active
9199589,Gargallo,"Gargallo,Piedmont,Italy",9053436,IT,Municipality,Active
9199590,Paterno Calabro,"Paterno Calabro,Calabria,Italy",9053427,IT,Municipality,Active
9199591,Anzio,"Anzio,Lazio,Italy",9053431,IT,Municipality,Active
9199592,Configni,"Configni,Lazio,Italy",9053431,IT,Municipality,Active
9199593,Cairano,"Cairano,Campania,Italy",9053428,IT,Municipality,Active
9199594,Lendinara,"Lendinara,Veneto,Italy",9053442,IT,Municipality,Active
9199595,Piacenza,"Piacenza,Emilia-Romagna,Italy",9053429,IT,Municipality,Active
9199596,Cucciago,"Cucciago,Lombardy,Italy",9053433,IT,Municipality,Active
9199597,Gandellino,"Gandellino,Lombardy,Italy",9053433,IT,Municipality,Active
9199598,Resiutta,"Resiutta,Friuli-Venezia Giulia,Italy",9053430,IT,Municipality,Active
9199599,Melissano,"Melissano,Apulia,Italy",9053425,IT,Municipality,Active
9199600,Benevello,"Benevello,Piedmont,Italy",9053436,IT,Municipality,Active
9199601,Scandicci,"Scandicci,Tuscany,Italy",9053440,IT,Municipality,Active
9199602,Monastir,"Monastir,Sardinia,Italy",9053437,IT,Municipality,Active
9199603,Torre di Ruggiero,"Torre di Ruggiero,Calabria,Italy",9053427,IT,Municipality,Active
9199604,Pederobba,"Pederobba,Veneto,Italy",9053442,IT,Municipality,Active
9199605,Canneto sull'Oglio,"Canneto sull'Oglio,Lombardy,Italy",9053433,IT,Municipality,Active
9199606,Castelnuovo Bozzente,"Castelnuovo Bozzente,Lombardy,Italy",9053433,IT,Municipality,Active
9199607,Osnago,"Osnago,Lombardy,Italy",9053433,IT,Municipality,Active
9199608,Monasterace,"Monasterace,Calabria,Italy",9053427,IT,Municipality,Active
9199609,Tolfa,"Tolfa,Lazio,Italy",9053431,IT,Municipality,Active
9199610,Montemurro,"Montemurro,Basilicata,Italy",9053426,IT,Municipality,Active
9199611,Ceriana,"Ceriana,Liguria,Italy",9053432,IT,Municipality,Active
9199612,Colorina,"Colorina,Lombardy,Italy",9053433,IT,Municipality,Active
9199613,Refrontolo,"Refrontolo,Veneto,Italy",9053442,IT,Municipality,Active
9199614,Casalvolone,"Casalvolone,Piedmont,Italy",9053436,IT,Municipality,Active
9199615,Occhieppo Superiore,"Occhieppo Superiore,Piedmont,Italy",9053436,IT,Municipality,Active
9199616,Basciano,"Basciano,Abruzzo,Italy",9053423,IT,Municipality,Active
9199617,Pordenone,"Pordenone,Friuli-Venezia Giulia,Italy",9053430,IT,Municipality,Active
9199618,Moio della Civitella,"Moio della Civitella,Campania,Italy",9053428,IT,Municipality,Active
9199619,Cantarana,"Cantarana,Piedmont,Italy",9053436,IT,Municipality,Active
9199620,Caldogno,"Caldogno,Veneto,Italy",9053442,IT,Municipality,Active
9199621,Capoliveri,"Capoliveri,Tuscany,Italy",9053440,IT,Municipality,Active
9199622,Villimpenta,"Villimpenta,Lombardy,Italy",9053433,IT,Municipality,Active
9199623,Pescaglia,"Pescaglia,Tuscany,Italy",9053440,IT,Municipality,Active
9199624,Rocca d'Evandro,"Rocca d'Evandro,Campania,Italy",9053428,IT,Municipality,Active
9199625,Amendolara,"Amendolara,Calabria,Italy",9053427,IT,Municipality,Active
9199626,Carbonera,"Carbonera,Veneto,Italy",9053442,IT,Municipality,Active
9199627,San Giovanni Lupatoto,"San Giovanni Lupatoto,Veneto,Italy",9053442,IT,Municipality,Active
9199628,Gaby,"Gaby,Aosta Valley,Italy",9053424,IT,Municipality,Active
9199629,Preganziol,"Preganziol,Veneto,Italy",9053442,IT,Municipality,Active
9199630,San Giacomo delle Segnate,"San Giacomo delle Segnate,Lombardy,Italy",9053433,IT,Municipality,Active
9199631,Vietri di Potenza,"Vietri di Potenza,Basilicata,Italy",9053426,IT,Municipality,Active
9199632,Forte dei Marmi,"Forte dei Marmi,Tuscany,Italy",9053440,IT,Municipality,Active
9199633,Orbetello,"Orbetello,Tuscany,Italy",9053440,IT,Municipality,Active
9199634,Borgo Pace,"Borgo Pace,Marche,Italy",9053434,IT,Municipality,Active
9199635,Morano sul Po,"Morano sul Po,Piedmont,Italy",9053436,IT,Municipality,Active
9199636,Piea,"Piea,Piedmont,Italy",9053436,IT,Municipality,Active
9199637,Settingiano,"Settingiano,Calabria,Italy",9053427,IT,Municipality,Active
9199638,Fiesole,"Fiesole,Tuscany,Italy",9053440,IT,Municipality,Active
9199639,Alessandria,"Alessandria,Piedmont,Italy",9053436,IT,Municipality,Active
9199640,Legnaro,"Legnaro,Veneto,Italy",9053442,IT,Municipality,Active
9199641,Ragalna,"Ragalna,Sicily,Italy",9053438,IT,Municipality,Active
9199642,Pazzano,"Pazzano,Calabria,Italy",9053427,IT,Municipality,Active
9199643,Monvalle,"Monvalle,Lombardy,Italy",9053433,IT,Municipality,Active
9199644,Gosaldo,"Gosaldo,Veneto,Italy",9053442,IT,Municipality,Active
9199645,Borgo San Giovanni,"Borgo San Giovanni,Lombardy,Italy",9053433,IT,Municipality,Active
9199646,Borgo San Dalmazzo,"Borgo San Dalmazzo,Piedmont,Italy",9053436,IT,Municipality,Active
9199647,Fossa,"Fossa,Abruzzo,Italy",9053423,IT,Municipality,Active
9199648,Adria,"Adria,Veneto,Italy",9053442,IT,Municipality,Active
9199649,San Polo di Piave,"San Polo di Piave,Veneto,Italy",9053442,IT,Municipality,Active
9199650,Costabissara,"Costabissara,Veneto,Italy",9053442,IT,Municipality,Active
9199651,Urtijei,"Urtijei,Trentino-South Tyrol,Italy",9053439,IT,Municipality,Active
9199652,Caiolo,"Caiolo,Lombardy,Italy",9053433,IT,Municipality,Active
9199653,Camposano,"Camposano,Campania,Italy",9053428,IT,Municipality,Active
9199654,Pomigliano d'Arco,"Pomigliano d'Arco,Campania,Italy",9053428,IT,Municipality,Active
9199655,San Bonifacio,"San Bonifacio,Veneto,Italy",9053442,IT,Municipality,Active
9199656,Diano San Pietro,"Diano San Pietro,Liguria,Italy",9053432,IT,Municipality,Active
9199657,Maranello,"Maranello,Emilia-Romagna,Italy",9053429,IT,Municipality,Active
9199658,Silius,"Silius,Sardinia,Italy",9053437,IT,Municipality,Active
9199659,Recanati,"Recanati,Marche,Italy",9053434,IT,Municipality,Active
9199660,Corleto Monforte,"Corleto Monforte,Campania,Italy",9053428,IT,Municipality,Active
9199661,Castelvetro Piacentino,"Castelvetro Piacentino,Emilia-Romagna,Italy",9053429,IT,Municipality,Active
9199662,Montacuto,"Montacuto,Piedmont,Italy",9053436,IT,Municipality,Active
9199663,Mondovi,"Mondovi,Piedmont,Italy",9053436,IT,Municipality,Active
9199664,Mignanego,"Mignanego,Liguria,Italy",9053432,IT,Municipality,Active
9199665,Salasco,"Salasco,Piedmont,Italy",9053436,IT,Municipality,Active
9199666,Trinita,"Trinita,Piedmont,Italy",9053436,IT,Municipality,Active
9199667,San Rufo,"San Rufo,Campania,Italy",9053428,IT,Municipality,Active
9199668,Fontainemore,"Fontainemore,Aosta Valley,Italy",9053424,IT,Municipality,Active
9199669,Caltagirone,"Caltagirone,Sicily,Italy",9053438,IT,Municipality,Active
9199670,Aurigo,"Aurigo,Liguria,Italy",9053432,IT,Municipality,Active
9199671,Santo Stefano Lodigiano,"Santo Stefano Lodigiano,Lombardy,Italy",9053433,IT,Municipality,Active
9199672,Gricignano di Aversa,"Gricignano di Aversa,Campania,Italy",9053428,IT,Municipality,Active
9199673,Costa Masnaga,"Costa Masnaga,Lombardy,Italy",9053433,IT,Municipality,Active
9199674,Unsere Liebe Frau im Walde-St. Felix,"Unsere Liebe Frau im Walde-St. Felix,Trentino-South Tyrol,Italy",9053439,IT,Municipality,Active
9199675,Chiavenna,"Chiavenna,Lombardy,Italy",9053433,IT,Municipality,Active
9199676,Prato Sesia,"Prato Sesia,Piedmont,Italy",9053436,IT,Municipality,Active
9199677,Santa Elisabetta,"Santa Elisabetta,Sicily,Italy",9053438,IT,Municipality,Active
9199678,Borghetto Lodigiano,"Borghetto Lodigiano,Lombardy,Italy",9053433,IT,Municipality,Active
9199679,Pregnana Milanese,"Pregnana Milanese,Lombardy,Italy",9053433,IT,Municipality,Active
9199680,Forli,"Forli,Emilia-Romagna,Italy",9053429,IT,Municipality,Active
9199681,Codigoro,"Codigoro,Emilia-Romagna,Italy",9053429,IT,Municipality,Active
9199682,Pavone Canavese,"Pavone Canavese,Piedmont,Italy",9053436,IT,Municipality,Active
9199683,Fumane,"Fumane,Veneto,Italy",9053442,IT,Municipality,Active
9199684,Caponago,"Caponago,Lombardy,Italy",9053433,IT,Municipality,Active
9199685,Carovilli,"Carovilli,Molise,Italy",9053435,IT,Municipality,Active
9199686,Massalengo,"Massalengo,Lombardy,Italy",9053433,IT,Municipality,Active
9199687,Ticengo,"Ticengo,Lombardy,Italy",9053433,IT,Municipality,Active
9199688,Gaggiano,"Gaggiano,Lombardy,Italy",9053433,IT,Municipality,Active
9199689,Muros,"Muros,Sardinia,Italy",9053437,IT,Municipality,Active
9199690,Casaluce,"Casaluce,Campania,Italy",9053428,IT,Municipality,Active
9199691,Olcenengo,"Olcenengo,Piedmont,Italy",9053436,IT,Municipality,Active
9199692,Cesano Boscone,"Cesano Boscone,Lombardy,Italy",9053433,IT,Municipality,Active
9199693,Civate,"Civate,Lombardy,Italy",9053433,IT,Municipality,Active
9199694,Cunico,"Cunico,Piedmont,Italy",9053436,IT,Municipality,Active
9199695,Padua,"Padua,Veneto,Italy",9053442,IT,Municipality,Active
9199696,Gaiba,"Gaiba,Veneto,Italy",9053442,IT,Municipality,Active
9199697,Pico,"Pico,Lazio,Italy",9053431,IT,Municipality,Active
9199698,Pieve Vergonte,"Pieve Vergonte,Piedmont,Italy",9053436,IT,Municipality,Active
9199699,Strambino,"Strambino,Piedmont,Italy",9053436,IT,Municipality,Active
9199700,Monsampolo del Tronto,"Monsampolo del Tronto,Marche,Italy",9053434,IT,Municipality,Active
9199701,Sissa Trecasali,"Sissa Trecasali,Emilia-Romagna,Italy",9053429,IT,Municipality,Active
9199702,San Secondo Parmense,"San Secondo Parmense,Emilia-Romagna,Italy",9053429,IT,Municipality,Active
9199703,Cansano,"Cansano,Abruzzo,Italy",9053423,IT,Municipality,Active
9199704,Feisoglio,"Feisoglio,Piedmont,Italy",9053436,IT,Municipality,Active
9199705,Cigole,"Cigole,Lombardy,Italy",9053433,IT,Municipality,Active
9199706,Orsogna,"Orsogna,Abruzzo,Italy",9053423,IT,Municipality,Active
9199707,Castilenti,"Castilenti,Abruzzo,Italy",9053423,IT,Municipality,Active
9199708,Borgomale,"Borgomale,Piedmont,Italy",9053436,IT,Municipality,Active
9199709,Baveno,"Baveno,Piedmont,Italy",9053436,IT,Municipality,Active
9199710,Campodenno,"Campodenno,Trentino-South Tyrol,Italy",9053439,IT,Municipality,Active
9199711,Besozzo,"Besozzo,Lombardy,Italy",9053433,IT,Municipality,Active
9199712,Orgiano,"Orgiano,Veneto,Italy",9053442,IT,Municipality,Active
9199713,Bosnasco,"Bosnasco,Lombardy,Italy",9053433,IT,Municipality,Active
9199714,Lucca Sicula,"Lucca Sicula,Sicily,Italy",9053438,IT,Municipality,Active
9199715,Sarroch,"Sarroch,Sardinia,Italy",9053437,IT,Municipality,Active
9199716,Bagno di Romagna,"Bagno di Romagna,Emilia-Romagna,Italy",9053429,IT,Municipality,Active
9199717,Lemie,"Lemie,Piedmont,Italy",9053436,IT,Municipality,Active
9199718,Villanova d'Asti,"Villanova d'Asti,Piedmont,Italy",9053436,IT,Municipality,Active
9199719,Fiumara,"Fiumara,Calabria,Italy",9053427,IT,Municipality,Active
9199720,Nissoria,"Nissoria,Sicily,Italy",9053438,IT,Municipality,Active
9199721,Sappada,"Sappada,Province of Udine,Italy",20614,IT,Municipality,Active
9199722,San Ferdinando,"San Ferdinando,Calabria,Italy",9053427,IT,Municipality,Active
9199723,Meina,"Meina,Piedmont,Italy",9053436,IT,Municipality,Active
9199724,Locatello,"Locatello,Lombardy,Italy",9053433,IT,Municipality,Active
9199725,Carmignano di Brenta,"Carmignano di Brenta,Veneto,Italy",9053442,IT,Municipality,Active
9199726,Leivi,"Leivi,Liguria,Italy",9053432,IT,Municipality,Active
9199727,Norma,"Norma,Lazio,Italy",9053431,IT,Municipality,Active
9199728,Vaiano,"Vaiano,Tuscany,Italy",9053440,IT,Municipality,Active
9199729,Rivarolo Mantovano,"Rivarolo Mantovano,Lombardy,Italy",9053433,IT,Municipality,Active
9199730,Carisio,"Carisio,Piedmont,Italy",9053436,IT,Municipality,Active
9199731,Torre de' Busi,"Torre de' Busi,Lombardy,Italy",9053433,IT,Municipality,Active
9199732,Novalesa,"Novalesa,Piedmont,Italy",9053436,IT,Municipality,Active
9199733,Castelvisconti,"Castelvisconti,Lombardy,Italy",9053433,IT,Municipality,Active
9199734,Castelfidardo,"Castelfidardo,Marche,Italy",9053434,IT,Municipality,Active
9199735,Nocara,"Nocara,Calabria,Italy",9053427,IT,Municipality,Active
9199736,Bordano,"Bordano,Friuli-Venezia Giulia,Italy",9053430,IT,Municipality,Active
9199737,Blevio,"Blevio,Lombardy,Italy",9053433,IT,Municipality,Active
9199738,Oneta,"Oneta,Lombardy,Italy",9053433,IT,Municipality,Active
9199739,Castelbianco,"Castelbianco,Liguria,Italy",9053432,IT,Municipality,Active
9199740,Caresanablot,"Caresanablot,Piedmont,Italy",9053436,IT,Municipality,Active
9199741,Cellatica,"Cellatica,Lombardy,Italy",9053433,IT,Municipality,Active
9199742,Trabia,"Trabia,Sicily,Italy",9053438,IT,Municipality,Active
9199743,Montefelcino,"Montefelcino,Marche,Italy",9053434,IT,Municipality,Active
9199744,Brancaleone,"Brancaleone,Calabria,Italy",9053427,IT,Municipality,Active
9199745,Salle,"Salle,Abruzzo,Italy",9053423,IT,Municipality,Active
9199746,Carrosio,"Carrosio,Piedmont,Italy",9053436,IT,Municipality,Active
9199747,Marradi,"Marradi,Tuscany,Italy",9053440,IT,Municipality,Active
9199748,Ittireddu,"Ittireddu,Sardinia,Italy",9053437,IT,Municipality,Active
9199749,Torrebruna,"Torrebruna,Abruzzo,Italy",9053423,IT,Municipality,Active
9199750,Monleale,"Monleale,Piedmont,Italy",9053436,IT,Municipality,Active
9199751,Vanzago,"Vanzago,Lombardy,Italy",9053433,IT,Municipality,Active
9199752,Villaperuccio,"Villaperuccio,Sardinia,Italy",9053437,IT,Municipality,Active
9199753,Moncucco Torinese,"Moncucco Torinese,Piedmont,Italy",9053436,IT,Municipality,Active
9199754,Raffadali,"Raffadali,Sicily,Italy",9053438,IT,Municipality,Active
9199755,Tartano,"Tartano,Lombardy,Italy",9053433,IT,Municipality,Active
9199756,Caglio,"Caglio,Lombardy,Italy",9053433,IT,Municipality,Active
9199757,Aquara,"Aquara,Campania,Italy",9053428,IT,Municipality,Active
9199758,Alpignano,"Alpignano,Piedmont,Italy",9053436,IT,Municipality,Active
9199759,Cessalto,"Cessalto,Veneto,Italy",9053442,IT,Municipality,Active
9199760,Bocenago,"Bocenago,Trentino-South Tyrol,Italy",9053439,IT,Municipality,Active
9199761,Laviano,"Laviano,Campania,Italy",9053428,IT,Municipality,Active
9199762,Guspini,"Guspini,Sardinia,Italy",9053437,IT,Municipality,Active
9199763,Pianengo,"Pianengo,Lombardy,Italy",9053433,IT,Municipality,Active
9199764,Montelibretti,"Montelibretti,Lazio,Italy",9053431,IT,Municipality,Active
9199765,Garlasco,"Garlasco,Lombardy,Italy",9053433,IT,Municipality,Active
9199766,Pareto,"Pareto,Piedmont,Italy",9053436,IT,Municipality,Active
9199767,Imperia,"Imperia,Liguria,Italy",9053432,IT,Municipality,Active
9199768,Molare,"Molare,Piedmont,Italy",9053436,IT,Municipality,Active
9199769,Rodi Garganico,"Rodi Garganico,Apulia,Italy",9053425,IT,Municipality,Active
9199770,Castelletto di Branduzzo,"Castelletto di Branduzzo,Lombardy,Italy",9053433,IT,Municipality,Active
9199771,Pieve Emanuele,"Pieve Emanuele,Lombardy,Italy",9053433,IT,Municipality,Active
9199772,Celenza sul Trigno,"Celenza sul Trigno,Abruzzo,Italy",9053423,IT,Municipality,Active
9199773,Biccari,"Biccari,Apulia,Italy",9053425,IT,Municipality,Active
9199774,Lentate sul Seveso,"Lentate sul Seveso,Lombardy,Italy",9053433,IT,Municipality,Active
9199775,San Felice sul Panaro,"San Felice sul Panaro,Emilia-Romagna,Italy",9053429,IT,Municipality,Active
9199776,Borgo Virgilio,"Borgo Virgilio,Lombardy,Italy",9053433,IT,Municipality,Active
9199777,Ortignano Raggiolo,"Ortignano Raggiolo,Tuscany,Italy",9053440,IT,Municipality,Active
9199778,Bonefro,"Bonefro,Molise,Italy",9053435,IT,Municipality,Active
9199779,San Sossio Baronia,"San Sossio Baronia,Campania,Italy",9053428,IT,Municipality,Active
9199780,Mombarcaro,"Mombarcaro,Piedmont,Italy",9053436,IT,Municipality,Active
9199781,Serravalle di Chienti,"Serravalle di Chienti,Marche,Italy",9053434,IT,Municipality,Active
9199782,San Giorgio Albanese,"San Giorgio Albanese,Calabria,Italy",9053427,IT,Municipality,Active
9199783,Cirie,"Cirie,Piedmont,Italy",9053436,IT,Municipality,Active
9199784,Grignasco,"Grignasco,Piedmont,Italy",9053436,IT,Municipality,Active
9199785,Claut,"Claut,Friuli-Venezia Giulia,Italy",9053430,IT,Municipality,Active
9199786,Gambara,"Gambara,Lombardy,Italy",9053433,IT,Municipality,Active
9199787,Villalba,"Villalba,Sicily,Italy",9053438,IT,Municipality,Active
9199788,Pancalieri,"Pancalieri,Piedmont,Italy",9053436,IT,Municipality,Active
9199789,Badia Calavena,"Badia Calavena,Veneto,Italy",9053442,IT,Municipality,Active
9199790,Palazzolo dello Stella,"Palazzolo dello Stella,Friuli-Venezia Giulia,Italy",9053430,IT,Municipality,Active
9199791,Terlizzi,"Terlizzi,Apulia,Italy",9053425,IT,Municipality,Active
9199792,Acceglio,"Acceglio,Piedmont,Italy",9053436,IT,Municipality,Active
9199793,Acciano,"Acciano,Abruzzo,Italy",9053423,IT,Municipality,Active
9199794,Sant'Omobono Terme,"Sant'Omobono Terme,Lombardy,Italy",9053433,IT,Municipality,Active
9199795,Gesico,"Gesico,Sardinia,Italy",9053437,IT,Municipality,Active
9199796,Sant'Arcangelo Trimonte,"Sant'Arcangelo Trimonte,Campania,Italy",9053428,IT,Municipality,Active
9199797,Santa Fiora,"Santa Fiora,Tuscany,Italy",9053440,IT,Municipality,Active
9199798,Sacile,"Sacile,Friuli-Venezia Giulia,Italy",9053430,IT,Municipality,Active
9199799,Guastalla,"Guastalla,Emilia-Romagna,Italy",9053429,IT,Municipality,Active
9199800,Borghetto di Borbera,"Borghetto di Borbera,Piedmont,Italy",9053436,IT,Municipality,Active
9199801,Montorso Vicentino,"Montorso Vicentino,Veneto,Italy",9053442,IT,Municipality,Active
9199802,Scafati,"Scafati,Campania,Italy",9053428,IT,Municipality,Active
9199803,Morino,"Morino,Abruzzo,Italy",9053423,IT,Municipality,Active
9199804,Jacurso,"Jacurso,Calabria,Italy",9053427,IT,Municipality,Active
9199805,Occhieppo Inferiore,"Occhieppo Inferiore,Piedmont,Italy",9053436,IT,Municipality,Active
9199806,Brolo,"Brolo,Sicily,Italy",9053438,IT,Municipality,Active
9199807,Lucca,"Lucca,Tuscany,Italy",9053440,IT,Municipality,Active
9199808,Altopascio,"Altopascio,Tuscany,Italy",9053440,IT,Municipality,Active
9199809,Mombasiglio,"Mombasiglio,Piedmont,Italy",9053436,IT,Municipality,Active
9199810,Terranuova Bracciolini,"Terranuova Bracciolini,Tuscany,Italy",9053440,IT,Municipality,Active
9199811,Forino,"Forino,Campania,Italy",9053428,IT,Municipality,Active
9199812,Bompietro,"Bompietro,Sicily,Italy",9053438,IT,Municipality,Active
9199813,St. Lorenzen,"St. Lorenzen,Trentino-South Tyrol,Italy",9053439,IT,Municipality,Active
9199814,Barbarano Romano,"Barbarano Romano,Lazio,Italy",9053431,IT,Municipality,Active
9199815,Adelfia,"Adelfia,Apulia,Italy",9053425,IT,Municipality,Active
9199816,Nicolosi,"Nicolosi,Sicily,Italy",9053438,IT,Municipality,Active
9199817,Corfinio,"Corfinio,Abruzzo,Italy",9053423,IT,Municipality,Active
9199818,Castagneto Po,"Castagneto Po,Piedmont,Italy",9053436,IT,Municipality,Active
9199819,Sinopoli,"Sinopoli,Calabria,Italy",9053427,IT,Municipality,Active
9199820,Doues,"Doues,Aosta Valley,Italy",9053424,IT,Municipality,Active
9199821,Campagnano di Roma,"Campagnano di Roma,Lazio,Italy",9053431,IT,Municipality,Active
9199822,Casperia,"Casperia,Lazio,Italy",9053431,IT,Municipality,Active
9199823,San Marco dei Cavoti,"San Marco dei Cavoti,Campania,Italy",9053428,IT,Municipality,Active
9199824,Pralboino,"Pralboino,Lombardy,Italy",9053433,IT,Municipality,Active
9199825,Salsomaggiore Terme,"Salsomaggiore Terme,Emilia-Romagna,Italy",9053429,IT,Municipality,Active
9199826,Sant'Alessio Siculo,"Sant'Alessio Siculo,Sicily,Italy",9053438,IT,Municipality,Active
9199827,Marcellina,"Marcellina,Lazio,Italy",9053431,IT,Municipality,Active
9199828,Posta,"Posta,Lazio,Italy",9053431,IT,Municipality,Active
9199829,Sormano,"Sormano,Lombardy,Italy",9053433,IT,Municipality,Active
9199830,Trivignano Udinese,"Trivignano Udinese,Friuli-Venezia Giulia,Italy",9053430,IT,Municipality,Active
9199831,Airuno,"Airuno,Lombardy,Italy",9053433,IT,Municipality,Active
9199832,Paderno Ponchielli,"Paderno Ponchielli,Lombardy,Italy",9053433,IT,Municipality,Active
9199833,Valsinni,"Valsinni,Basilicata,Italy",9053426,IT,Municipality,Active
9199834,Binago,"Binago,Lombardy,Italy",9053433,IT,Municipality,Active
9199835,Roccamorice,"Roccamorice,Abruzzo,Italy",9053423,IT,Municipality,Active
9199836,Pizzale,"Pizzale,Lombardy,Italy",9053433,IT,Municipality,Active
9199837,Melfi,"Melfi,Basilicata,Italy",9053426,IT,Municipality,Active
9199838,Posina,"Posina,Veneto,Italy",9053442,IT,Municipality,Active
9199839,Santa Severina,"Santa Severina,Calabria,Italy",9053427,IT,Municipality,Active
9199840,Sant'Eusanio Forconese,"Sant'Eusanio Forconese,Abruzzo,Italy",9053423,IT,Municipality,Active
9199841,Usseaux,"Usseaux,Piedmont,Italy",9053436,IT,Municipality,Active
9199842,Flaibano,"Flaibano,Friuli-Venezia Giulia,Italy",9053430,IT,Municipality,Active
9199843,Miranda,"Miranda,Molise,Italy",9053435,IT,Municipality,Active
9199844,Pavia di Udine,"Pavia di Udine,Friuli-Venezia Giulia,Italy",9053430,IT,Municipality,Active
9199845,Faicchio,"Faicchio,Campania,Italy",9053428,IT,Municipality,Active
9199846,Roccavione,"Roccavione,Piedmont,Italy",9053436,IT,Municipality,Active
9199847,Frascarolo,"Frascarolo,Lombardy,Italy",9053433,IT,Municipality,Active
9199848,Trisobbio,"Trisobbio,Piedmont,Italy",9053436,IT,Municipality,Active
9199849,Caselle Torinese,"Caselle Torinese,Piedmont,Italy",9053436,IT,Municipality,Active
9199850,Francavilla d'Ete,"Francavilla d'Ete,Marche,Italy",9053434,IT,Municipality,Active
9199851,Collazzone,"Collazzone,Umbria,Italy",9053441,IT,Municipality,Active
9199852,Piantedo,"Piantedo,Lombardy,Italy",9053433,IT,Municipality,Active
9199853,Rotondella,"Rotondella,Basilicata,Italy",9053426,IT,Municipality,Active
9199854,Villa Santa Maria,"Villa Santa Maria,Abruzzo,Italy",9053423,IT,Municipality,Active
9199855,Casalmorano,"Casalmorano,Lombardy,Italy",9053433,IT,Municipality,Active
9199856,Ponte Buggianese,"Ponte Buggianese,Tuscany,Italy",9053440,IT,Municipality,Active
9199857,Quattordio,"Quattordio,Piedmont,Italy",9053436,IT,Municipality,Active
9199858,San Martino Sannita,"San Martino Sannita,Campania,Italy",9053428,IT,Municipality,Active
9199859,Collepardo,"Collepardo,Lazio,Italy",9053431,IT,Municipality,Active
9199860,Accettura,"Accettura,Basilicata,Italy",9053426,IT,Municipality,Active
9199861,Palagano,"Palagano,Emilia-Romagna,Italy",9053429,IT,Municipality,Active
9199862,Empoli,"Empoli,Tuscany,Italy",9053440,IT,Municipality,Active
9199863,San Lorenzo Isontino,"San Lorenzo Isontino,Friuli-Venezia Giulia,Italy",9053430,IT,Municipality,Active
9199864,Bajardo,"Bajardo,Liguria,Italy",9053432,IT,Municipality,Active
9199865,Brandizzo,"Brandizzo,Piedmont,Italy",9053436,IT,Municipality,Active
9199866,Urago d'Oglio,"Urago d'Oglio,Lombardy,Italy",9053433,IT,Municipality,Active
9199867,Mirandola,"Mirandola,Emilia-Romagna,Italy",9053429,IT,Municipality,Active
9199868,Castelnuovo di Val di Cecina,"Castelnuovo di Val di Cecina,Tuscany,Italy",9053440,IT,Municipality,Active
9199869,Misano di Gera d'Adda,"Misano di Gera d'Adda,Lombardy,Italy",9053433,IT,Municipality,Active
9199870,Campagna Lupia,"Campagna Lupia,Veneto,Italy",9053442,IT,Municipality,Active
9199871,Cervicati,"Cervicati,Calabria,Italy",9053427,IT,Municipality,Active
9199872,Gualdo Cattaneo,"Gualdo Cattaneo,Umbria,Italy",9053441,IT,Municipality,Active
9199873,Castellazzo Bormida,"Castellazzo Bormida,Piedmont,Italy",9053436,IT,Municipality,Active
9199874,Appignano,"Appignano,Marche,Italy",9053434,IT,Municipality,Active
9199875,San Valentino in Abruzzo Citeriore,"San Valentino in Abruzzo Citeriore,Abruzzo,Italy",9053423,IT,Municipality,Active
9199876,Romagnano Sesia,"Romagnano Sesia,Piedmont,Italy",9053436,IT,Municipality,Active
9199877,Pessina Cremonese,"Pessina Cremonese,Lombardy,Italy",9053433,IT,Municipality,Active
9199878,Molteno,"Molteno,Lombardy,Italy",9053433,IT,Municipality,Active
9199879,Sestriere,"Sestriere,Piedmont,Italy",9053436,IT,Municipality,Active
9199880,Cavizzana,"Cavizzana,Trentino-South Tyrol,Italy",9053439,IT,Municipality,Active
9199881,Sant'Antonino di Susa,"Sant'Antonino di Susa,Piedmont,Italy",9053436,IT,Municipality,Active
9199882,Pizzighettone,"Pizzighettone,Lombardy,Italy",9053433,IT,Municipality,Active
9199883,Ahrntal,"Ahrntal,Trentino-South Tyrol,Italy",9053439,IT,Municipality,Active
9199884,San Giorgio Ionico,"San Giorgio Ionico,Apulia,Italy",9053425,IT,Municipality,Active
9199885,Zeddiani,"Zeddiani,Sardinia,Italy",9053437,IT,Municipality,Active
9199886,Fortunago,"Fortunago,Lombardy,Italy",9053433,IT,Municipality,Active
9199887,Algund,"Algund,Trentino-South Tyrol,Italy",9053439,IT,Municipality,Active
9199888,Montechiaro d'Asti,"Montechiaro d'Asti,Piedmont,Italy",9053436,IT,Municipality,Active
9199889,Casalincontrada,"Casalincontrada,Abruzzo,Italy",9053423,IT,Municipality,Active
9199890,Socchieve,"Socchieve,Friuli-Venezia Giulia,Italy",9053430,IT,Municipality,Active
9199891,Offlaga,"Offlaga,Lombardy,Italy",9053433,IT,Municipality,Active
9199892,Strembo,"Strembo,Trentino-South Tyrol,Italy",9053439,IT,Municipality,Active
9199893,Stio,"Stio,Campania,Italy",9053428,IT,Municipality,Active
9199894,Carmagnola,"Carmagnola,Piedmont,Italy",9053436,IT,Municipality,Active
9199895,Montu Beccaria,"Montu Beccaria,Lombardy,Italy",9053433,IT,Municipality,Active
9199896,Marsciano,"Marsciano,Umbria,Italy",9053441,IT,Municipality,Active
9199897,Oristano,"Oristano,Sardinia,Italy",9053437,IT,Municipality,Active
9199898,Preci,"Preci,Umbria,Italy",9053441,IT,Municipality,Active
9199899,Legnano,"Legnano,Lombardy,Italy",9053433,IT,Municipality,Active
9199900,Diamante,"Diamante,Calabria,Italy",9053427,IT,Municipality,Active
9199901,Colturano,"Colturano,Lombardy,Italy",9053433,IT,Municipality,Active
9199902,Cappella Cantone,"Cappella Cantone,Lombardy,Italy",9053433,IT,Municipality,Active
9199903,Farini,"Farini,Emilia-Romagna,Italy",9053429,IT,Municipality,Active
9199904,Cornate d'Adda,"Cornate d'Adda,Lombardy,Italy",9053433,IT,Municipality,Active
9199905,Bonavigo,"Bonavigo,Veneto,Italy",9053442,IT,Municipality,Active
9199906,Curcuris,"Curcuris,Sardinia,Italy",9053437,IT,Municipality,Active
9199907,Cura Carpignano,"Cura Carpignano,Lombardy,Italy",9053433,IT,Municipality,Active
9199908,Riffian,"Riffian,Trentino-South Tyrol,Italy",9053439,IT,Municipality,Active
9199909,San Sostene,"San Sostene,Calabria,Italy",9053427,IT,Municipality,Active
9199910,Salza di Pinerolo,"Salza di Pinerolo,Piedmont,Italy",9053436,IT,Municipality,Active
9199911,Sasso di Castalda,"Sasso di Castalda,Basilicata,Italy",9053426,IT,Municipality,Active
9199912,Collarmele,"Collarmele,Abruzzo,Italy",9053423,IT,Municipality,Active
9199913,Lavagno,"Lavagno,Veneto,Italy",9053442,IT,Municipality,Active
9199914,San Raffaele Cimena,"San Raffaele Cimena,Piedmont,Italy",9053436,IT,Municipality,Active
9199915,Perledo,"Perledo,Lombardy,Italy",9053433,IT,Municipality,Active
9199916,Marciana Marina,"Marciana Marina,Tuscany,Italy",9053440,IT,Municipality,Active
9199917,Rotonda,"Rotonda,Basilicata,Italy",9053426,IT,Municipality,Active
9199918,Scoppito,"Scoppito,Abruzzo,Italy",9053423,IT,Municipality,Active
9199919,Bormio,"Bormio,Lombardy,Italy",9053433,IT,Municipality,Active
9199920,Belmonte Castello,"Belmonte Castello,Lazio,Italy",9053431,IT,Municipality,Active
9199921,Canal San Bovo,"Canal San Bovo,Trentino-South Tyrol,Italy",9053439,IT,Municipality,Active
9199922,Castiglione di Garfagnana,"Castiglione di Garfagnana,Tuscany,Italy",9053440,IT,Municipality,Active
9199923,Cedegolo,"Cedegolo,Lombardy,Italy",9053433,IT,Municipality,Active
9199924,Monticiano,"Monticiano,Tuscany,Italy",9053440,IT,Municipality,Active
9199925,San Giovanni Rotondo,"San Giovanni Rotondo,Apulia,Italy",9053425,IT,Municipality,Active
9199926,Capovalle,"Capovalle,Lombardy,Italy",9053433,IT,Municipality,Active
9199927,Vigasio,"Vigasio,Veneto,Italy",9053442,IT,Municipality,Active
9199928,Palata,"Palata,Molise,Italy",9053435,IT,Municipality,Active
9199929,Berzano di San Pietro,"Berzano di San Pietro,Piedmont,Italy",9053436,IT,Municipality,Active
9199930,Castiglione di Sicilia,"Castiglione di Sicilia,Sicily,Italy",9053438,IT,Municipality,Active
9199931,Capranica Prenestina,"Capranica Prenestina,Lazio,Italy",9053431,IT,Municipality,Active
9199932,Spinea,"Spinea,Veneto,Italy",9053442,IT,Municipality,Active
9199933,Montebello sul Sangro,"Montebello sul Sangro,Abruzzo,Italy",9053423,IT,Municipality,Active
9199934,Coggiola,"Coggiola,Piedmont,Italy",9053436,IT,Municipality,Active
9199935,Romano Canavese,"Romano Canavese,Piedmont,Italy",9053436,IT,Municipality,Active
9199936,Vaccarizzo Albanese,"Vaccarizzo Albanese,Calabria,Italy",9053427,IT,Municipality,Active
9199937,Viggianello,"Viggianello,Basilicata,Italy",9053426,IT,Municipality,Active
9199938,Andreis,"Andreis,Friuli-Venezia Giulia,Italy",9053430,IT,Municipality,Active
9199939,Torlino Vimercati,"Torlino Vimercati,Lombardy,Italy",9053433,IT,Municipality,Active
9199940,Borgoratto Mormorolo,"Borgoratto Mormorolo,Lombardy,Italy",9053433,IT,Municipality,Active
9199941,Bolzano Novarese,"Bolzano Novarese,Piedmont,Italy",9053436,IT,Municipality,Active
9199942,Casei Gerola,"Casei Gerola,Lombardy,Italy",9053433,IT,Municipality,Active
9199943,Cesenatico,"Cesenatico,Emilia-Romagna,Italy",9053429,IT,Municipality,Active
9199944,Diso,"Diso,Apulia,Italy",9053425,IT,Municipality,Active
9199945,Navelli,"Navelli,Abruzzo,Italy",9053423,IT,Municipality,Active
9199946,Luni,"Luni,Liguria,Italy",9053432,IT,Municipality,Active
9199947,Otranto,"Otranto,Apulia,Italy",9053425,IT,Municipality,Active
9199948,Militello in Val di Catania,"Militello in Val di Catania,Sicily,Italy",9053438,IT,Municipality,Active
9199949,Prunetto,"Prunetto,Piedmont,Italy",9053436,IT,Municipality,Active
9199950,Gaverina Terme,"Gaverina Terme,Lombardy,Italy",9053433,IT,Municipality,Active
9199951,Verdello,"Verdello,Lombardy,Italy",9053433,IT,Municipality,Active
9199952,Lucito,"Lucito,Molise,Italy",9053435,IT,Municipality,Active
9199953,Turbigo,"Turbigo,Lombardy,Italy",9053433,IT,Municipality,Active
9199954,Copparo,"Copparo,Emilia-Romagna,Italy",9053429,IT,Municipality,Active
9199955,Naro,"Naro,Sicily,Italy",9053438,IT,Municipality,Active
9199956,Osasio,"Osasio,Piedmont,Italy",9053436,IT,Municipality,Active
9199957,Civitella Messer Raimondo,"Civitella Messer Raimondo,Abruzzo,Italy",9053423,IT,Municipality,Active
9199958,Chions,"Chions,Friuli-Venezia Giulia,Italy",9053430,IT,Municipality,Active
9199959,Lesa,"Lesa,Piedmont,Italy",9053436,IT,Municipality,Active
9199960,Bovezzo,"Bovezzo,Lombardy,Italy",9053433,IT,Municipality,Active
9199961,Cicagna,"Cicagna,Liguria,Italy",9053432,IT,Municipality,Active
9199962,Bernareggio,"Bernareggio,Lombardy,Italy",9053433,IT,Municipality,Active
9199963,Colzate,"Colzate,Lombardy,Italy",9053433,IT,Municipality,Active
9199964,Syracuse,"Syracuse,Sicily,Italy",9053438,IT,Municipality,Active
9199965,Settefrati,"Settefrati,Lazio,Italy",9053431,IT,Municipality,Active
9199966,Rotello,"Rotello,Molise,Italy",9053435,IT,Municipality,Active
9199967,Firmo,"Firmo,Calabria,Italy",9053427,IT,Municipality,Active
9199968,Riccia,"Riccia,Molise,Italy",9053435,IT,Municipality,Active
9199969,Caslino d'Erba,"Caslino d'Erba,Lombardy,Italy",9053433,IT,Municipality,Active
9199970,Grana Monferrato,"Grana Monferrato,Piedmont,Italy",9053436,IT,Municipality,Active
9199971,Priolo Gargallo,"Priolo Gargallo,Sicily,Italy",9053438,IT,Municipality,Active
9199972,Gargnano,"Gargnano,Lombardy,Italy",9053433,IT,Municipality,Active
9199973,Forlimpopoli,"Forlimpopoli,Emilia-Romagna,Italy",9053429,IT,Municipality,Active
9199974,Fermignano,"Fermignano,Marche,Italy",9053434,IT,Municipality,Active
9199975,Cavalese,"Cavalese,Trentino-South Tyrol,Italy",9053439,IT,Municipality,Active
9199976,Mores,"Mores,Sardinia,Italy",9053437,IT,Municipality,Active
9199977,Terzolas,"Terzolas,Trentino-South Tyrol,Italy",9053439,IT,Municipality,Active
9199978,Careggine,"Careggine,Tuscany,Italy",9053440,IT,Municipality,Active
9199979,Trevignano Romano,"Trevignano Romano,Lazio,Italy",9053431,IT,Municipality,Active
9199980,Grotte di Castro,"Grotte di Castro,Lazio,Italy",9053431,IT,Municipality,Active
9199981,Falcade,"Falcade,Veneto,Italy",9053442,IT,Municipality,Active
9199982,Nuoro,"Nuoro,Sardinia,Italy",9053437,IT,Municipality,Active
9199983,Cupra Marittima,"Cupra Marittima,Marche,Italy",9053434,IT,Municipality,Active
9199984,Mirabella Imbaccari,"Mirabella Imbaccari,Sicily,Italy",9053438,IT,Municipality,Active
9199985,San Giorgio La Molara,"San Giorgio La Molara,Campania,Italy",9053428,IT,Municipality,Active
9199986,Villnoss,"Villnoss,Trentino-South Tyrol,Italy",9053439,IT,Municipality,Active
9199987,Bovolone,"Bovolone,Veneto,Italy",9053442,IT,Municipality,Active
9199988,Montegiordano,"Montegiordano,Calabria,Italy",9053427,IT,Municipality,Active
9199989,Canda,"Canda,Veneto,Italy",9053442,IT,Municipality,Active
9199990,Montalto di Castro,"Montalto di Castro,Lazio,Italy",9053431,IT,Municipality,Active
9199991,Cautano,"Cautano,Campania,Italy",9053428,IT,Municipality,Active
9199992,Isili,"Isili,Sardinia,Italy",9053437,IT,Municipality,Active
9199993,Baone,"Baone,Veneto,Italy",9053442,IT,Municipality,Active
9199994,Tarzo,"Tarzo,Veneto,Italy",9053442,IT,Municipality,Active
9199995,San Cipriano Po,"San Cipriano Po,Lombardy,Italy",9053433,IT,Municipality,Active
9199996,Briona,"Briona,Piedmont,Italy",9053436,IT,Municipality,Active
9199997,San Cesario di Lecce,"San Cesario di Lecce,Apulia,Italy",9053425,IT,Municipality,Active
9199998,Urbe,"Urbe,Liguria,Italy",9053432,IT,Municipality,Active
9199999,Rofrano,"Rofrano,Campania,Italy",9053428,IT,Municipality,Active
9200000,Roio del Sangro,"Roio del Sangro,Abruzzo,Italy",9053423,IT,Municipality,Active
9200001,San Michele al Tagliamento,"San Michele al Tagliamento,Veneto,Italy",9053442,IT,Municipality,Active
9200002,Castelnuovo di Garfagnana,"Castelnuovo di Garfagnana,Tuscany,Italy",9053440,IT,Municipality,Active
9200003,Montespertoli,"Montespertoli,Tuscany,Italy",9053440,IT,Municipality,Active
9200004,Rossiglione,"Rossiglione,Liguria,Italy",9053432,IT,Municipality,Active
9200005,San Vittore Olona,"San Vittore Olona,Lombardy,Italy",9053433,IT,Municipality,Active
9200006,Oriolo,"Oriolo,Calabria,Italy",9053427,IT,Municipality,Active
9200007,Colle Sannita,"Colle Sannita,Campania,Italy",9053428,IT,Municipality,Active
9200008,Torricella,"Torricella,Apulia,Italy",9053425,IT,Municipality,Active
9200009,Sezzadio,"Sezzadio,Piedmont,Italy",9053436,IT,Municipality,Active
9200010,Quargnento,"Quargnento,Piedmont,Italy",9053436,IT,Municipality,Active
9200011,Gallipoli,"Gallipoli,Apulia,Italy",9053425,IT,Municipality,Active
9200012,Alberobello,"Alberobello,Apulia,Italy",9053425,IT,Municipality,Active
9200013,Penne,"Penne,Abruzzo,Italy",9053423,IT,Municipality,Active
9200014,Marling,"Marling,Trentino-South Tyrol,Italy",9053439,IT,Municipality,Active
9200015,Camerota,"Camerota,Campania,Italy",9053428,IT,Municipality,Active
9200016,Serri,"Serri,Sardinia,Italy",9053437,IT,Municipality,Active
9200017,Baiso,"Baiso,Emilia-Romagna,Italy",9053429,IT,Municipality,Active
9200018,Sant'Angelo Le Fratte,"Sant'Angelo Le Fratte,Basilicata,Italy",9053426,IT,Municipality,Active
9200019,Brusasco,"Brusasco,Piedmont,Italy",9053436,IT,Municipality,Active
9200020,Cimone,"Cimone,Trentino-South Tyrol,Italy",9053439,IT,Municipality,Active
9200021,Ofena,"Ofena,Abruzzo,Italy",9053423,IT,Municipality,Active
9200022,Pellezzano,"Pellezzano,Campania,Italy",9053428,IT,Municipality,Active
9200023,Tresignana,"Tresignana,Emilia-Romagna,Italy",9053429,IT,Municipality,Active
9200024,Pioltello,"Pioltello,Lombardy,Italy",9053433,IT,Municipality,Active
9200025,Angrogna,"Angrogna,Piedmont,Italy",9053436,IT,Municipality,Active
9200026,Montiano,"Montiano,Emilia-Romagna,Italy",9053429,IT,Municipality,Active
9200027,Valledoria,"Valledoria,Sardinia,Italy",9053437,IT,Municipality,Active
9200028,Ollomont,"Ollomont,Aosta Valley,Italy",9053424,IT,Municipality,Active
9200029,San Martino di Venezze,"San Martino di Venezze,Veneto,Italy",9053442,IT,Municipality,Active
9200030,Seneghe,"Seneghe,Sardinia,Italy",9053437,IT,Municipality,Active
9200031,Usmate Velate,"Usmate Velate,Lombardy,Italy",9053433,IT,Municipality,Active
9200032,Buriasco,"Buriasco,Piedmont,Italy",9053436,IT,Municipality,Active
9200033,Baldissero d'Alba,"Baldissero d'Alba,Piedmont,Italy",9053436,IT,Municipality,Active
9200034,Broni,"Broni,Lombardy,Italy",9053433,IT,Municipality,Active
9200035,San Giovanni Ilarione,"San Giovanni Ilarione,Veneto,Italy",9053442,IT,Municipality,Active
9200036,Pralormo,"Pralormo,Piedmont,Italy",9053436,IT,Municipality,Active
9200037,Lovere,"Lovere,Lombardy,Italy",9053433,IT,Municipality,Active
9200038,Exilles,"Exilles,Piedmont,Italy",9053436,IT,Municipality,Active
9200039,Coli,"Coli,Emilia-Romagna,Italy",9053429,IT,Municipality,Active
9200040,Apecchio,"Apecchio,Marche,Italy",9053434,IT,Municipality,Active
9200041,Subiaco,"Subiaco,Lazio,Italy",9053431,IT,Municipality,Active
9200042,Fabbrica Curone,"Fabbrica Curone,Piedmont,Italy",9053436,IT,Municipality,Active
9200043,Nicorvo,"Nicorvo,Lombardy,Italy",9053433,IT,Municipality,Active
9200044,Carona,"Carona,Lombardy,Italy",9053433,IT,Municipality,Active
9200045,Montemarciano,"Montemarciano,Marche,Italy",9053434,IT,Municipality,Active
9200046,Seren del Grappa,"Seren del Grappa,Veneto,Italy",9053442,IT,Municipality,Active
9200047,Gurro,"Gurro,Piedmont,Italy",9053436,IT,Municipality,Active
9200048,Lequio Tanaro,"Lequio Tanaro,Piedmont,Italy",9053436,IT,Municipality,Active
9200049,Morcone,"Morcone,Campania,Italy",9053428,IT,Municipality,Active
9200050,Vahrn,"Vahrn,Trentino-South Tyrol,Italy",9053439,IT,Municipality,Active
9200051,Landiona,"Landiona,Piedmont,Italy",9053436,IT,Municipality,Active
9200052,Sale San Giovanni,"Sale San Giovanni,Piedmont,Italy",9053436,IT,Municipality,Active
9200053,Serra Ricco,"Serra Ricco,Liguria,Italy",9053432,IT,Municipality,Active
9200054,Castroreale,"Castroreale,Sicily,Italy",9053438,IT,Municipality,Active
9200055,Lonato del Garda,"Lonato del Garda,Lombardy,Italy",9053433,IT,Municipality,Active
9200056,Ravello,"Ravello,Campania,Italy",9053428,IT,Municipality,Active
9200057,Santa Lucia di Serino,"Santa Lucia di Serino,Campania,Italy",9053428,IT,Municipality,Active
9200058,Greve in Chianti,"Greve in Chianti,Tuscany,Italy",9053440,IT,Municipality,Active
9200059,Caldarola,"Caldarola,Marche,Italy",9053434,IT,Municipality,Active
9200060,Gera Lario,"Gera Lario,Lombardy,Italy",9053433,IT,Municipality,Active
9200061,Amantea,"Amantea,Calabria,Italy",9053427,IT,Municipality,Active
9200062,Serravalle Pistoiese,"Serravalle Pistoiese,Tuscany,Italy",9053440,IT,Municipality,Active
9200063,Gressoney-La-Trinite,"Gressoney-La-Trinite,Aosta Valley,Italy",9053424,IT,Municipality,Active
9200064,Terricciola,"Terricciola,Tuscany,Italy",9053440,IT,Municipality,Active
9200065,San Roberto,"San Roberto,Calabria,Italy",9053427,IT,Municipality,Active
9200066,Oliva Gessi,"Oliva Gessi,Lombardy,Italy",9053433,IT,Municipality,Active
9200067,Podenzano,"Podenzano,Emilia-Romagna,Italy",9053429,IT,Municipality,Active
9200068,Agrigento,"Agrigento,Sicily,Italy",9053438,IT,Municipality,Active
9200069,Bibiana,"Bibiana,Piedmont,Italy",9053436,IT,Municipality,Active
9200070,Rescaldina,"Rescaldina,Lombardy,Italy",9053433,IT,Municipality,Active
9200071,Faeto,"Faeto,Apulia,Italy",9053425,IT,Municipality,Active
9200072,Sestino,"Sestino,Tuscany,Italy",9053440,IT,Municipality,Active
9200073,Castiglione in Teverina,"Castiglione in Teverina,Lazio,Italy",9053431,IT,Municipality,Active
9200074,Valdengo,"Valdengo,Piedmont,Italy",9053436,IT,Municipality,Active
9200075,Pizzoli,"Pizzoli,Abruzzo,Italy",9053423,IT,Municipality,Active
9200076,Brusnengo,"Brusnengo,Piedmont,Italy",9053436,IT,Municipality,Active
9200077,Bicinicco,"Bicinicco,Friuli-Venezia Giulia,Italy",9053430,IT,Municipality,Active
9200078,Truden im Naturpark,"Truden im Naturpark,Trentino-South Tyrol,Italy",9053439,IT,Municipality,Active
9200079,Visso,"Visso,Marche,Italy",9053434,IT,Municipality,Active
9200080,Castello-Molina di Fiemme,"Castello-Molina di Fiemme,Trentino-South Tyrol,Italy",9053439,IT,Municipality,Active
9200081,Collebeato,"Collebeato,Lombardy,Italy",9053433,IT,Municipality,Active
9200082,Rutino,"Rutino,Campania,Italy",9053428,IT,Municipality,Active
9200083,Vervio,"Vervio,Lombardy,Italy",9053433,IT,Municipality,Active
9200084,Torchiara,"Torchiara,Campania,Italy",9053428,IT,Municipality,Active
9200085,Ururi,"Ururi,Molise,Italy",9053435,IT,Municipality,Active
9200086,Filignano,"Filignano,Molise,Italy",9053435,IT,Municipality,Active
9200087,Paderno Dugnano,"Paderno Dugnano,Lombardy,Italy",9053433,IT,Municipality,Active
9200088,Sardara,"Sardara,Sardinia,Italy",9053437,IT,Municipality,Active
9200089,Martignacco,"Martignacco,Friuli-Venezia Giulia,Italy",9053430,IT,Municipality,Active
9200090,Maniago,"Maniago,Friuli-Venezia Giulia,Italy",9053430,IT,Municipality,Active
9200091,Valloriate,"Valloriate,Piedmont,Italy",9053436,IT,Municipality,Active
9200092,Gessate,"Gessate,Lombardy,Italy",9053433,IT,Municipality,Active
9200093,Livorno Ferraris,"Livorno Ferraris,Piedmont,Italy",9053436,IT,Municipality,Active
9200094,Boretto,"Boretto,Emilia-Romagna,Italy",9053429,IT,Municipality,Active
9200095,Calcinato,"Calcinato,Lombardy,Italy",9053433,IT,Municipality,Active
9200096,Rio Saliceto,"Rio Saliceto,Emilia-Romagna,Italy",9053429,IT,Municipality,Active
9200097,Castelbellino,"Castelbellino,Marche,Italy",9053434,IT,Municipality,Active
9200098,Pannarano,"Pannarano,Campania,Italy",9053428,IT,Municipality,Active
9200099,Collecchio,"Collecchio,Emilia-Romagna,Italy",9053429,IT,Municipality,Active
9200100,Oria,"Oria,Apulia,Italy",9053425,IT,Municipality,Active
9200101,Aci Catena,"Aci Catena,Sicily,Italy",9053438,IT,Municipality,Active
9200102,Cittanova,"Cittanova,Calabria,Italy",9053427,IT,Municipality,Active
9200103,Pietra Marazzi,"Pietra Marazzi,Piedmont,Italy",9053436,IT,Municipality,Active
9200104,Norbello,"Norbello,Sardinia,Italy",9053437,IT,Municipality,Active
9200105,Orco Feglino,"Orco Feglino,Liguria,Italy",9053432,IT,Municipality,Active
9200106,Marcon,"Marcon,Veneto,Italy",9053442,IT,Municipality,Active
9200107,Valfornace,"Valfornace,Marche,Italy",9053434,IT,Municipality,Active
9200108,Mombello Monferrato,"Mombello Monferrato,Piedmont,Italy",9053436,IT,Municipality,Active
9200109,Salo,"Salo,Lombardy,Italy",9053433,IT,Municipality,Active
9200110,Petrella Salto,"Petrella Salto,Lazio,Italy",9053431,IT,Municipality,Active
9200111,Lequile,"Lequile,Apulia,Italy",9053425,IT,Municipality,Active
9200112,Avezzano,"Avezzano,Abruzzo,Italy",9053423,IT,Municipality,Active
9200113,Trecchina,"Trecchina,Basilicata,Italy",9053426,IT,Municipality,Active
9200114,Nogarole Vicentino,"Nogarole Vicentino,Veneto,Italy",9053442,IT,Municipality,Active
9200115,Bianco,"Bianco,Calabria,Italy",9053427,IT,Municipality,Active
9200116,Vedano Olona,"Vedano Olona,Lombardy,Italy",9053433,IT,Municipality,Active
9200117,Aggius,"Aggius,Sardinia,Italy",9053437,IT,Municipality,Active
9200118,Cogorno,"Cogorno,Liguria,Italy",9053432,IT,Municipality,Active
9200119,Bordighera,"Bordighera,Liguria,Italy",9053432,IT,Municipality,Active
9200120,Verdellino,"Verdellino,Lombardy,Italy",9053433,IT,Municipality,Active
9200121,Camerata Picena,"Camerata Picena,Marche,Italy",9053434,IT,Municipality,Active
9200122,Mals,"Mals,Trentino-South Tyrol,Italy",9053439,IT,Municipality,Active
9200123,Busalla,"Busalla,Liguria,Italy",9053432,IT,Municipality,Active
9200124,Pescantina,"Pescantina,Veneto,Italy",9053442,IT,Municipality,Active
9200125,Valva,"Valva,Campania,Italy",9053428,IT,Municipality,Active
9200126,Ghemme,"Ghemme,Piedmont,Italy",9053436,IT,Municipality,Active
9200127,San Benedetto del Tronto,"San Benedetto del Tronto,Marche,Italy",9053434,IT,Municipality,Active
9200128,Ussana,"Ussana,Sardinia,Italy",9053437,IT,Municipality,Active
9200129,Buccheri,"Buccheri,Sicily,Italy",9053438,IT,Municipality,Active
9200130,Crandola Valsassina,"Crandola Valsassina,Lombardy,Italy",9053433,IT,Municipality,Active
9200131,Volturara Irpina,"Volturara Irpina,Campania,Italy",9053428,IT,Municipality,Active
9200132,Soldano,"Soldano,Liguria,Italy",9053432,IT,Municipality,Active
9200133,Serra d'Aiello,"Serra d'Aiello,Calabria,Italy",9053427,IT,Municipality,Active
9200134,Valdobbiadene,"Valdobbiadene,Veneto,Italy",9053442,IT,Municipality,Active
9200135,Cassina de' Pecchi,"Cassina de' Pecchi,Lombardy,Italy",9053433,IT,Municipality,Active
9200136,Odolo,"Odolo,Lombardy,Italy",9053433,IT,Municipality,Active
9200137,Pietrabbondante,"Pietrabbondante,Molise,Italy",9053435,IT,Municipality,Active
9200138,Poggioreale,"Poggioreale,Sicily,Italy",9053438,IT,Municipality,Active
9200139,Castel Guelfo di Bologna,"Castel Guelfo di Bologna,Emilia-Romagna,Italy",9053429,IT,Municipality,Active
9200140,Sesto Calende,"Sesto Calende,Lombardy,Italy",9053433,IT,Municipality,Active
9200141,Serole,"Serole,Piedmont,Italy",9053436,IT,Municipality,Active
9200142,Casalgrande,"Casalgrande,Emilia-Romagna,Italy",9053429,IT,Municipality,Active
9200143,Azzate,"Azzate,Lombardy,Italy",9053433,IT,Municipality,Active
9200144,Cossoine,"Cossoine,Sardinia,Italy",9053437,IT,Municipality,Active
9200145,Colobraro,"Colobraro,Basilicata,Italy",9053426,IT,Municipality,Active
9200146,Castelnuovo Don Bosco,"Castelnuovo Don Bosco,Piedmont,Italy",9053436,IT,Municipality,Active
9200147,Innichen,"Innichen,Trentino-South Tyrol,Italy",9053439,IT,Municipality,Active
9200148,Carrodano,"Carrodano,Liguria,Italy",9053432,IT,Municipality,Active
9200149,Treviglio,"Treviglio,Lombardy,Italy",9053433,IT,Municipality,Active
9200150,Terranova di Pollino,"Terranova di Pollino,Basilicata,Italy",9053426,IT,Municipality,Active
9200151,Camandona,"Camandona,Piedmont,Italy",9053436,IT,Municipality,Active
9200152,Fiuminata,"Fiuminata,Marche,Italy",9053434,IT,Municipality,Active
9200153,San Bassano,"San Bassano,Lombardy,Italy",9053433,IT,Municipality,Active
9200154,Schlanders,"Schlanders,Trentino-South Tyrol,Italy",9053439,IT,Municipality,Active
9200155,Sorisole,"Sorisole,Lombardy,Italy",9053433,IT,Municipality,Active
9200156,Castiglione della Pescaia,"Castiglione della Pescaia,Tuscany,Italy",9053440,IT,Municipality,Active
9200157,Piombino Dese,"Piombino Dese,Veneto,Italy",9053442,IT,Municipality,Active
9200158,Fara Vicentino,"Fara Vicentino,Veneto,Italy",9053442,IT,Municipality,Active
9200159,Motta Visconti,"Motta Visconti,Lombardy,Italy",9053433,IT,Municipality,Active
9200160,Mazzarra Sant'Andrea,"Mazzarra Sant'Andrea,Sicily,Italy",9053438,IT,Municipality,Active
9200161,Tavigliano,"Tavigliano,Piedmont,Italy",9053436,IT,Municipality,Active
9200162,Baselga di Pine,"Baselga di Pine,Trentino-South Tyrol,Italy",9053439,IT,Municipality,Active
9200163,Margno,"Margno,Lombardy,Italy",9053433,IT,Municipality,Active
9200164,Martiniana Po,"Martiniana Po,Piedmont,Italy",9053436,IT,Municipality,Active
9200165,Margarita,"Margarita,Piedmont,Italy",9053436,IT,Municipality,Active
9200166,Camerano,"Camerano,Marche,Italy",9053434,IT,Municipality,Active
9200167,Carpinone,"Carpinone,Molise,Italy",9053435,IT,Municipality,Active
9200168,Montevago,"Montevago,Sicily,Italy",9053438,IT,Municipality,Active
9200169,Vellezzo Bellini,"Vellezzo Bellini,Lombardy,Italy",9053433,IT,Municipality,Active
9200170,Bolgare,"Bolgare,Lombardy,Italy",9053433,IT,Municipality,Active
9200171,Caselle in Pittari,"Caselle in Pittari,Campania,Italy",9053428,IT,Municipality,Active
9200172,Fontanigorda,"Fontanigorda,Liguria,Italy",9053432,IT,Municipality,Active
9200173,Crespadoro,"Crespadoro,Veneto,Italy",9053442,IT,Municipality,Active
9200174,Mirabella Eclano,"Mirabella Eclano,Campania,Italy",9053428,IT,Municipality,Active
9200175,Monsampietro Morico,"Monsampietro Morico,Marche,Italy",9053434,IT,Municipality,Active
9200176,Pinzolo,"Pinzolo,Trentino-South Tyrol,Italy",9053439,IT,Municipality,Active
9200177,San Donato di Ninea,"San Donato di Ninea,Calabria,Italy",9053427,IT,Municipality,Active
9200178,Maiera,"Maiera,Calabria,Italy",9053427,IT,Municipality,Active
9200179,Pratola Peligna,"Pratola Peligna,Abruzzo,Italy",9053423,IT,Municipality,Active
9200180,Campofelice di Roccella,"Campofelice di Roccella,Sicily,Italy",9053438,IT,Municipality,Active
9200181,Rocca Pia,"Rocca Pia,Abruzzo,Italy",9053423,IT,Municipality,Active
9200182,Ozieri,"Ozieri,Sardinia,Italy",9053437,IT,Municipality,Active
9200183,Giarre,"Giarre,Sicily,Italy",9053438,IT,Municipality,Active
9200184,Ruinas,"Ruinas,Sardinia,Italy",9053437,IT,Municipality,Active
9200185,Marcheno,"Marcheno,Lombardy,Italy",9053433,IT,Municipality,Active
9200186,Raiano,"Raiano,Abruzzo,Italy",9053423,IT,Municipality,Active
9200187,Portalbera,"Portalbera,Lombardy,Italy",9053433,IT,Municipality,Active
9200188,Matino,"Matino,Apulia,Italy",9053425,IT,Municipality,Active
9200189,Balocco,"Balocco,Piedmont,Italy",9053436,IT,Municipality,Active
9200190,Citta Sant'Angelo,"Citta Sant'Angelo,Abruzzo,Italy",9053423,IT,Municipality,Active
9200191,Massello,"Massello,Piedmont,Italy",9053436,IT,Municipality,Active
9200192,Salento,"Salento,Campania,Italy",9053428,IT,Municipality,Active
9200193,Calestano,"Calestano,Emilia-Romagna,Italy",9053429,IT,Municipality,Active
9200194,Cella Monte,"Cella Monte,Piedmont,Italy",9053436,IT,Municipality,Active
9200195,Olgiate Comasco,"Olgiate Comasco,Lombardy,Italy",9053433,IT,Municipality,Active
9200196,Costigliole d'Asti,"Costigliole d'Asti,Piedmont,Italy",9053436,IT,Municipality,Active
9200197,Montecalvo Versiggia,"Montecalvo Versiggia,Lombardy,Italy",9053433,IT,Municipality,Active
9200198,Corno di Rosazzo,"Corno di Rosazzo,Friuli-Venezia Giulia,Italy",9053430,IT,Municipality,Active
9200199,Tratalias,"Tratalias,Sardinia,Italy",9053437,IT,Municipality,Active
9200200,Bene Lario,"Bene Lario,Lombardy,Italy",9053433,IT,Municipality,Active
9200201,Masi,"Masi,Veneto,Italy",9053442,IT,Municipality,Active
9200202,Casaprota,"Casaprota,Lazio,Italy",9053431,IT,Municipality,Active
9200203,Salvitelle,"Salvitelle,Campania,Italy",9053428,IT,Municipality,Active
9200204,Messina,"Messina,Sicily,Italy",9053438,IT,Municipality,Active
9200205,Seminara,"Seminara,Calabria,Italy",9053427,IT,Municipality,Active
9200206,Cortazzone,"Cortazzone,Piedmont,Italy",9053436,IT,Municipality,Active
9200207,Montefranco,"Montefranco,Umbria,Italy",9053441,IT,Municipality,Active
9200208,Toro,"Toro,Molise,Italy",9053435,IT,Municipality,Active
9200209,Gottasecca,"Gottasecca,Piedmont,Italy",9053436,IT,Municipality,Active
9200210,Monasterolo di Savigliano,"Monasterolo di Savigliano,Piedmont,Italy",9053436,IT,Municipality,Active
9200211,Nicosia,"Nicosia,Sicily,Italy",9053438,IT,Municipality,Active
9200212,Campodarsego,"Campodarsego,Veneto,Italy",9053442,IT,Municipality,Active
9200213,Illasi,"Illasi,Veneto,Italy",9053442,IT,Municipality,Active
9200214,Sori,"Sori,Liguria,Italy",9053432,IT,Municipality,Active
9200215,Scorrano,"Scorrano,Apulia,Italy",9053425,IT,Municipality,Active
9200216,Ciorlano,"Ciorlano,Campania,Italy",9053428,IT,Municipality,Active
9200217,Calatafimi-Segesta,"Calatafimi-Segesta,Sicily,Italy",9053438,IT,Municipality,Active
9200218,Givoletto,"Givoletto,Piedmont,Italy",9053436,IT,Municipality,Active
9200219,Carlino,"Carlino,Friuli-Venezia Giulia,Italy",9053430,IT,Municipality,Active
9200220,Atella,"Atella,Basilicata,Italy",9053426,IT,Municipality,Active
9200221,Lozzolo,"Lozzolo,Piedmont,Italy",9053436,IT,Municipality,Active
9200222,Castelpoto,"Castelpoto,Campania,Italy",9053428,IT,Municipality,Active
9200223,Castelvecchio Calvisio,"Castelvecchio Calvisio,Abruzzo,Italy",9053423,IT,Municipality,Active
9200224,Lisio,"Lisio,Piedmont,Italy",9053436,IT,Municipality,Active
9200225,Montelanico,"Montelanico,Lazio,Italy",9053431,IT,Municipality,Active
9200226,Domanico,"Domanico,Calabria,Italy",9053427,IT,Municipality,Active
9200227,Cava de' Tirreni,"Cava de' Tirreni,Campania,Italy",9053428,IT,Municipality,Active
9200228,Tassarolo,"Tassarolo,Piedmont,Italy",9053436,IT,Municipality,Active
9200229,Cazzago San Martino,"Cazzago San Martino,Lombardy,Italy",9053433,IT,Municipality,Active
9200230,Sellia,"Sellia,Calabria,Italy",9053427,IT,Municipality,Active
9200231,Agrate Brianza,"Agrate Brianza,Lombardy,Italy",9053433,IT,Municipality,Active
9200232,Erli,"Erli,Liguria,Italy",9053432,IT,Municipality,Active
9200233,Sostegno,"Sostegno,Piedmont,Italy",9053436,IT,Municipality,Active
9200234,San Martino dall'Argine,"San Martino dall'Argine,Lombardy,Italy",9053433,IT,Municipality,Active
9200235,Foiano di Val Fortore,"Foiano di Val Fortore,Campania,Italy",9053428,IT,Municipality,Active
9200236,Terdobbiate,"Terdobbiate,Piedmont,Italy",9053436,IT,Municipality,Active
9200237,Prezza,"Prezza,Abruzzo,Italy",9053423,IT,Municipality,Active
9200238,Brescello,"Brescello,Emilia-Romagna,Italy",9053429,IT,Municipality,Active
9200239,Mornago,"Mornago,Lombardy,Italy",9053433,IT,Municipality,Active
9200240,Masserano,"Masserano,Piedmont,Italy",9053436,IT,Municipality,Active
9200241,Pieve del Cairo,"Pieve del Cairo,Lombardy,Italy",9053433,IT,Municipality,Active
9200242,San Michele di Serino,"San Michele di Serino,Campania,Italy",9053428,IT,Municipality,Active
9200243,Diano Castello,"Diano Castello,Liguria,Italy",9053432,IT,Municipality,Active
9200244,Guardabosone,"Guardabosone,Piedmont,Italy",9053436,IT,Municipality,Active
9200245,Mergozzo,"Mergozzo,Piedmont,Italy",9053436,IT,Municipality,Active
9200246,Schilpario,"Schilpario,Lombardy,Italy",9053433,IT,Municipality,Active
9200247,Motta di Livenza,"Motta di Livenza,Veneto,Italy",9053442,IT,Municipality,Active
9200248,Leggiuno,"Leggiuno,Lombardy,Italy",9053433,IT,Municipality,Active
9200249,Carobbio degli Angeli,"Carobbio degli Angeli,Lombardy,Italy",9053433,IT,Municipality,Active
9200250,Sedriano,"Sedriano,Lombardy,Italy",9053433,IT,Municipality,Active
9200251,Campora,"Campora,Campania,Italy",9053428,IT,Municipality,Active
9200252,Recale,"Recale,Campania,Italy",9053428,IT,Municipality,Active
9200253,Troina,"Troina,Sicily,Italy",9053438,IT,Municipality,Active
9200254,Baldichieri d'Asti,"Baldichieri d'Asti,Piedmont,Italy",9053436,IT,Municipality,Active
9200255,Ruffre-Mendola,"Ruffre-Mendola,Trentino-South Tyrol,Italy",9053439,IT,Municipality,Active
9200256,Spinete,"Spinete,Molise,Italy",9053435,IT,Municipality,Active
9200257,Canosio,"Canosio,Piedmont,Italy",9053436,IT,Municipality,Active
9200258,Galliera Veneta,"Galliera Veneta,Veneto,Italy",9053442,IT,Municipality,Active
9200259,Polaveno,"Polaveno,Lombardy,Italy",9053433,IT,Municipality,Active
9200260,Popoli,"Popoli,Abruzzo,Italy",9053423,IT,Municipality,Active
9200261,Grassobbio,"Grassobbio,Lombardy,Italy",9053433,IT,Municipality,Active
9200262,San Didero,"San Didero,Piedmont,Italy",9053436,IT,Municipality,Active
9200263,Mezzojuso,"Mezzojuso,Sicily,Italy",9053438,IT,Municipality,Active
9200264,Mediglia,"Mediglia,Lombardy,Italy",9053433,IT,Municipality,Active
9200265,Volongo,"Volongo,Lombardy,Italy",9053433,IT,Municipality,Active
9200266,Torri del Benaco,"Torri del Benaco,Veneto,Italy",9053442,IT,Municipality,Active
9200267,Notaresco,"Notaresco,Abruzzo,Italy",9053423,IT,Municipality,Active
9200268,Arnad,"Arnad,Aosta Valley,Italy",9053424,IT,Municipality,Active
9200269,Castelletto d'Orba,"Castelletto d'Orba,Piedmont,Italy",9053436,IT,Municipality,Active
9200270,Monteviale,"Monteviale,Veneto,Italy",9053442,IT,Municipality,Active
9200271,Chiari,"Chiari,Lombardy,Italy",9053433,IT,Municipality,Active
9200272,Minervino Murge,"Minervino Murge,Apulia,Italy",9053425,IT,Municipality,Active
9200273,Anacapri,"Anacapri,Campania,Italy",9053428,IT,Municipality,Active
9200274,Ospedaletto,"Ospedaletto,Trentino-South Tyrol,Italy",9053439,IT,Municipality,Active
9200275,Petrizzi,"Petrizzi,Calabria,Italy",9053427,IT,Municipality,Active
9200276,Orta Nova,"Orta Nova,Apulia,Italy",9053425,IT,Municipality,Active
9200277,Villalfonsina,"Villalfonsina,Abruzzo,Italy",9053423,IT,Municipality,Active
9200278,Colli a Volturno,"Colli a Volturno,Molise,Italy",9053435,IT,Municipality,Active
9200279,Banari,"Banari,Sardinia,Italy",9053437,IT,Municipality,Active
9200280,Barge,"Barge,Piedmont,Italy",9053436,IT,Municipality,Active
9200281,Balangero,"Balangero,Piedmont,Italy",9053436,IT,Municipality,Active
9200282,Marsaglia,"Marsaglia,Piedmont,Italy",9053436,IT,Municipality,Active
9200283,Bardineto,"Bardineto,Liguria,Italy",9053432,IT,Municipality,Active
9200284,Elva,"Elva,Piedmont,Italy",9053436,IT,Municipality,Active
9200285,Vallio Terme,"Vallio Terme,Lombardy,Italy",9053433,IT,Municipality,Active
9200286,Sparanise,"Sparanise,Campania,Italy",9053428,IT,Municipality,Active
9200287,Castel Boglione,"Castel Boglione,Piedmont,Italy",9053436,IT,Municipality,Active
9200288,Nogaredo,"Nogaredo,Trentino-South Tyrol,Italy",9053439,IT,Municipality,Active
9200289,Arborio,"Arborio,Piedmont,Italy",9053436,IT,Municipality,Active
9200290,Prignano sulla Secchia,"Prignano sulla Secchia,Emilia-Romagna,Italy",9053429,IT,Municipality,Active
9200291,Nemi,"Nemi,Lazio,Italy",9053431,IT,Municipality,Active
9200292,Villa del Bosco,"Villa del Bosco,Piedmont,Italy",9053436,IT,Municipality,Active
9200293,Palena,"Palena,Abruzzo,Italy",9053423,IT,Municipality,Active
9200294,Verduno,"Verduno,Piedmont,Italy",9053436,IT,Municipality,Active
9200295,Setzu,"Setzu,Sardinia,Italy",9053437,IT,Municipality,Active
9200296,San Giorio di Susa,"San Giorio di Susa,Piedmont,Italy",9053436,IT,Municipality,Active
9200297,Mongiana,"Mongiana,Calabria,Italy",9053427,IT,Municipality,Active
9200298,San Marzano Oliveto,"San Marzano Oliveto,Piedmont,Italy",9053436,IT,Municipality,Active
9200299,Castello d'Argile,"Castello d'Argile,Emilia-Romagna,Italy",9053429,IT,Municipality,Active
9200300,Vigonovo,"Vigonovo,Veneto,Italy",9053442,IT,Municipality,Active
9200301,Burgstall,"Burgstall,Trentino-South Tyrol,Italy",9053439,IT,Municipality,Active
9200302,Villetta Barrea,"Villetta Barrea,Abruzzo,Italy",9053423,IT,Municipality,Active
9200303,Locorotondo,"Locorotondo,Apulia,Italy",9053425,IT,Municipality,Active
9200304,Leverano,"Leverano,Apulia,Italy",9053425,IT,Municipality,Active
9200305,Gioia dei Marsi,"Gioia dei Marsi,Abruzzo,Italy",9053423,IT,Municipality,Active
9200306,Airola,"Airola,Campania,Italy",9053428,IT,Municipality,Active
9200307,Ponte Nossa,"Ponte Nossa,Lombardy,Italy",9053433,IT,Municipality,Active
9200308,Pachino,"Pachino,Sicily,Italy",9053438,IT,Municipality,Active
9200309,Denno,"Denno,Trentino-South Tyrol,Italy",9053439,IT,Municipality,Active
9200310,Regalbuto,"Regalbuto,Sicily,Italy",9053438,IT,Municipality,Active
9200311,Tiglieto,"Tiglieto,Liguria,Italy",9053432,IT,Municipality,Active
9200312,San Biagio Platani,"San Biagio Platani,Sicily,Italy",9053438,IT,Municipality,Active
9200313,Ponderano,"Ponderano,Piedmont,Italy",9053436,IT,Municipality,Active
9200314,Villanterio,"Villanterio,Lombardy,Italy",9053433,IT,Municipality,Active
9200315,Pergola,"Pergola,Marche,Italy",9053434,IT,Municipality,Active
9200316,Felizzano,"Felizzano,Piedmont,Italy",9053436,IT,Municipality,Active
9200317,Nals,"Nals,Trentino-South Tyrol,Italy",9053439,IT,Municipality,Active
9200318,Tonezza del Cimone,"Tonezza del Cimone,Veneto,Italy",9053442,IT,Municipality,Active
9200319,Monteleone di Spoleto,"Monteleone di Spoleto,Umbria,Italy",9053441,IT,Municipality,Active
9200320,Buttapietra,"Buttapietra,Veneto,Italy",9053442,IT,Municipality,Active
9200321,Uri,"Uri,Sardinia,Italy",9053437,IT,Municipality,Active
9200322,Ruvo del Monte,"Ruvo del Monte,Basilicata,Italy",9053426,IT,Municipality,Active
9200323,Lozio,"Lozio,Lombardy,Italy",9053433,IT,Municipality,Active
9200324,Tresnuraghes,"Tresnuraghes,Sardinia,Italy",9053437,IT,Municipality,Active
9200325,Amblar-Don,"Amblar-Don,Trentino-South Tyrol,Italy",9053439,IT,Municipality,Active
9200326,Fagnano Olona,"Fagnano Olona,Lombardy,Italy",9053433,IT,Municipality,Active
9200327,Peglio,"Peglio,Lombardy,Italy",9053433,IT,Municipality,Active
9200328,Carunchio,"Carunchio,Abruzzo,Italy",9053423,IT,Municipality,Active
9200329,Cavriglia,"Cavriglia,Tuscany,Italy",9053440,IT,Municipality,Active
9200330,Villanova del Sillaro,"Villanova del Sillaro,Lombardy,Italy",9053433,IT,Municipality,Active
9200331,Milan,"Milan,Lombardy,Italy",9053433,IT,Municipality,Active
9200332,Curtatone,"Curtatone,Lombardy,Italy",9053433,IT,Municipality,Active
9200333,Val Rezzo,"Val Rezzo,Lombardy,Italy",9053433,IT,Municipality,Active
9200334,Vigo di Cadore,"Vigo di Cadore,Veneto,Italy",9053442,IT,Municipality,Active
9200335,Sutri,"Sutri,Lazio,Italy",9053431,IT,Municipality,Active
9200336,Drapia,"Drapia,Calabria,Italy",9053427,IT,Municipality,Active
9200337,Serravalle a Po,"Serravalle a Po,Lombardy,Italy",9053433,IT,Municipality,Active
9200338,Berlingo,"Berlingo,Lombardy,Italy",9053433,IT,Municipality,Active
9200339,Monterchi,"Monterchi,Tuscany,Italy",9053440,IT,Municipality,Active
9200340,Fiesso d'Artico,"Fiesso d'Artico,Veneto,Italy",9053442,IT,Municipality,Active
9200341,Guardia Sanframondi,"Guardia Sanframondi,Campania,Italy",9053428,IT,Municipality,Active
9200342,Bassiano,"Bassiano,Lazio,Italy",9053431,IT,Municipality,Active
9200343,Bolzano Vicentino,"Bolzano Vicentino,Veneto,Italy",9053442,IT,Municipality,Active
9200344,Oyace,"Oyace,Aosta Valley,Italy",9053424,IT,Municipality,Active
9200345,Tarquinia,"Tarquinia,Lazio,Italy",9053431,IT,Municipality,Active
9200346,Gaggio Montano,"Gaggio Montano,Emilia-Romagna,Italy",9053429,IT,Municipality,Active
9200347,Castelgomberto,"Castelgomberto,Veneto,Italy",9053442,IT,Municipality,Active
9200348,Trevico,"Trevico,Campania,Italy",9053428,IT,Municipality,Active
9200349,Gabicce Mare,"Gabicce Mare,Marche,Italy",9053434,IT,Municipality,Active
9200350,Tre Ville,"Tre Ville,Trentino-South Tyrol,Italy",9053439,IT,Municipality,Active
9200351,Ceglie Messapica,"Ceglie Messapica,Apulia,Italy",9053425,IT,Municipality,Active
9200352,Biandronno,"Biandronno,Lombardy,Italy",9053433,IT,Municipality,Active
9200353,Trivigliano,"Trivigliano,Lazio,Italy",9053431,IT,Municipality,Active
9200354,Trino,"Trino,Piedmont,Italy",9053436,IT,Municipality,Active
9200355,Delia,"Delia,Sicily,Italy",9053438,IT,Municipality,Active
9200356,Perdaxius,"Perdaxius,Sardinia,Italy",9053437,IT,Municipality,Active
9200357,Cona,"Cona,Veneto,Italy",9053442,IT,Municipality,Active
9200358,Pianopoli,"Pianopoli,Calabria,Italy",9053427,IT,Municipality,Active
9200359,Castellaneta,"Castellaneta,Apulia,Italy",9053425,IT,Municipality,Active
9200360,Terzigno,"Terzigno,Campania,Italy",9053428,IT,Municipality,Active
9200361,Appignano del Tronto,"Appignano del Tronto,Marche,Italy",9053434,IT,Municipality,Active
9200362,Cogne,"Cogne,Aosta Valley,Italy",9053424,IT,Municipality,Active
9200363,Lorsica,"Lorsica,Liguria,Italy",9053432,IT,Municipality,Active
9200364,Magliano Alpi,"Magliano Alpi,Piedmont,Italy",9053436,IT,Municipality,Active
9200365,Cento,"Cento,Emilia-Romagna,Italy",9053429,IT,Municipality,Active
9200366,Maschito,"Maschito,Basilicata,Italy",9053426,IT,Municipality,Active
9200367,Tiggiano,"Tiggiano,Apulia,Italy",9053425,IT,Municipality,Active
9200368,Trieste,"Trieste,Friuli-Venezia Giulia,Italy",9053430,IT,Municipality,Active
9200369,Zuglio,"Zuglio,Friuli-Venezia Giulia,Italy",9053430,IT,Municipality,Active
9200370,Santopadre,"Santopadre,Lazio,Italy",9053431,IT,Municipality,Active
9200371,Panettieri,"Panettieri,Calabria,Italy",9053427,IT,Municipality,Active
9200372,Spongano,"Spongano,Apulia,Italy",9053425,IT,Municipality,Active
9200373,Scala,"Scala,Campania,Italy",9053428,IT,Municipality,Active
9200374,Missaglia,"Missaglia,Lombardy,Italy",9053433,IT,Municipality,Active
9200375,Paesana,"Paesana,Piedmont,Italy",9053436,IT,Municipality,Active
9200376,Longobucco,"Longobucco,Calabria,Italy",9053427,IT,Municipality,Active
9200377,Basiliano,"Basiliano,Friuli-Venezia Giulia,Italy",9053430,IT,Municipality,Active
9200378,Vinchiaturo,"Vinchiaturo,Molise,Italy",9053435,IT,Municipality,Active
9200379,Castellaro,"Castellaro,Liguria,Italy",9053432,IT,Municipality,Active
9200380,Scopa,"Scopa,Piedmont,Italy",9053436,IT,Municipality,Active
9200381,Riva del Garda,"Riva del Garda,Trentino-South Tyrol,Italy",9053439,IT,Municipality,Active
9200382,San Giorgio del Sannio,"San Giorgio del Sannio,Campania,Italy",9053428,IT,Municipality,Active
9200383,Viale,"Viale,Piedmont,Italy",9053436,IT,Municipality,Active
9200384,Castagnole Piemonte,"Castagnole Piemonte,Piedmont,Italy",9053436,IT,Municipality,Active
9200385,Rosasco,"Rosasco,Lombardy,Italy",9053433,IT,Municipality,Active
9200386,Laureana Cilento,"Laureana Cilento,Campania,Italy",9053428,IT,Municipality,Active
9200387,Rocca Susella,"Rocca Susella,Lombardy,Italy",9053433,IT,Municipality,Active
9200388,Camponogara,"Camponogara,Veneto,Italy",9053442,IT,Municipality,Active
9200389,Maissana,"Maissana,Liguria,Italy",9053432,IT,Municipality,Active
9200390,Gimigliano,"Gimigliano,Calabria,Italy",9053427,IT,Municipality,Active
9200391,Pontey,"Pontey,Aosta Valley,Italy",9053424,IT,Municipality,Active
9200392,Satriano,"Satriano,Calabria,Italy",9053427,IT,Municipality,Active
9200393,Ripalimosani,"Ripalimosani,Molise,Italy",9053435,IT,Municipality,Active
9200394,Esterzili,"Esterzili,Sardinia,Italy",9053437,IT,Municipality,Active
9200395,Fiano,"Fiano,Piedmont,Italy",9053436,IT,Municipality,Active
9200396,Sterzing,"Sterzing,Trentino-South Tyrol,Italy",9053439,IT,Municipality,Active
9200397,San Chirico Raparo,"San Chirico Raparo,Basilicata,Italy",9053426,IT,Municipality,Active
9200398,Monale,"Monale,Piedmont,Italy",9053436,IT,Municipality,Active
9200399,Scagnello,"Scagnello,Piedmont,Italy",9053436,IT,Municipality,Active
9200400,Cabras,"Cabras,Sardinia,Italy",9053437,IT,Municipality,Active
9200401,Quindici,"Quindici,Campania,Italy",9053428,IT,Municipality,Active
9200402,Fiumedinisi,"Fiumedinisi,Sicily,Italy",9053438,IT,Municipality,Active
9200403,Volta Mantovana,"Volta Mantovana,Lombardy,Italy",9053433,IT,Municipality,Active
9200404,Castelmagno,"Castelmagno,Piedmont,Italy",9053436,IT,Municipality,Active
9200405,Graun im Vinschgau,"Graun im Vinschgau,Trentino-South Tyrol,Italy",9053439,IT,Municipality,Active
9200406,Pietraferrazzana,"Pietraferrazzana,Abruzzo,Italy",9053423,IT,Municipality,Active
9200407,Campobello di Mazara,"Campobello di Mazara,Sicily,Italy",9053438,IT,Municipality,Active
9200408,Comazzo,"Comazzo,Lombardy,Italy",9053433,IT,Municipality,Active
9200409,Gussola,"Gussola,Lombardy,Italy",9053433,IT,Municipality,Active
9200410,Piode,"Piode,Piedmont,Italy",9053436,IT,Municipality,Active
9200411,Castellino Tanaro,"Castellino Tanaro,Piedmont,Italy",9053436,IT,Municipality,Active
9200412,Villanova Canavese,"Villanova Canavese,Piedmont,Italy",9053436,IT,Municipality,Active
9200413,Capriate San Gervasio,"Capriate San Gervasio,Lombardy,Italy",9053433,IT,Municipality,Active
9200414,Saint-Marcel,"Saint-Marcel,Aosta Valley,Italy",9053424,IT,Municipality,Active
9200415,Cavallerleone,"Cavallerleone,Piedmont,Italy",9053436,IT,Municipality,Active
9200416,San Marzano sul Sarno,"San Marzano sul Sarno,Campania,Italy",9053428,IT,Municipality,Active
9200417,Rivoli Veronese,"Rivoli Veronese,Veneto,Italy",9053442,IT,Municipality,Active
9200418,Bosaro,"Bosaro,Veneto,Italy",9053442,IT,Municipality,Active
9200419,Bernate Ticino,"Bernate Ticino,Lombardy,Italy",9053433,IT,Municipality,Active
9200420,Chiauci,"Chiauci,Molise,Italy",9053435,IT,Municipality,Active
9200421,Montaldo Roero,"Montaldo Roero,Piedmont,Italy",9053436,IT,Municipality,Active
9200422,Priola,"Priola,Piedmont,Italy",9053436,IT,Municipality,Active
9200423,Valvasone Arzene,"Valvasone Arzene,Friuli-Venezia Giulia,Italy",9053430,IT,Municipality,Active
9200424,Campoli del Monte Taburno,"Campoli del Monte Taburno,Campania,Italy",9053428,IT,Municipality,Active
9200425,Galatina,"Galatina,Apulia,Italy",9053425,IT,Municipality,Active
9200426,Sedico,"Sedico,Veneto,Italy",9053442,IT,Municipality,Active
9200427,Villamagna,"Villamagna,Abruzzo,Italy",9053423,IT,Municipality,Active
9200428,Ascoli Piceno,"Ascoli Piceno,Marche,Italy",9053434,IT,Municipality,Active
9200429,Dossena,"Dossena,Lombardy,Italy",9053433,IT,Municipality,Active
9200430,Gargazon,"Gargazon,Trentino-South Tyrol,Italy",9053439,IT,Municipality,Active
9200431,Pagnona,"Pagnona,Lombardy,Italy",9053433,IT,Municipality,Active
9200432,Arcisate,"Arcisate,Lombardy,Italy",9053433,IT,Municipality,Active
9200433,Cosio di Arroscia,"Cosio di Arroscia,Liguria,Italy",9053432,IT,Municipality,Active
9200434,Zeri,"Zeri,Tuscany,Italy",9053440,IT,Municipality,Active
9200435,Vedeseta,"Vedeseta,Lombardy,Italy",9053433,IT,Municipality,Active
9200436,Garniga Terme,"Garniga Terme,Trentino-South Tyrol,Italy",9053439,IT,Municipality,Active
9200437,Vaprio d'Agogna,"Vaprio d'Agogna,Piedmont,Italy",9053436,IT,Municipality,Active
9200438,Orta di Atella,"Orta di Atella,Campania,Italy",9053428,IT,Municipality,Active
9200439,Assolo,"Assolo,Sardinia,Italy",9053437,IT,Municipality,Active
9200440,Pian Camuno,"Pian Camuno,Lombardy,Italy",9053433,IT,Municipality,Active
9200441,Torre Santa Susanna,"Torre Santa Susanna,Apulia,Italy",9053425,IT,Municipality,Active
9200442,Sagron Mis,"Sagron Mis,Trentino-South Tyrol,Italy",9053439,IT,Municipality,Active
9200443,Urbisaglia,"Urbisaglia,Marche,Italy",9053434,IT,Municipality,Active
9200444,Verrua Savoia,"Verrua Savoia,Piedmont,Italy",9053436,IT,Municipality,Active
9200445,Netro,"Netro,Piedmont,Italy",9053436,IT,Municipality,Active
9200446,Controguerra,"Controguerra,Abruzzo,Italy",9053423,IT,Municipality,Active
9200447,Caprarica di Lecce,"Caprarica di Lecce,Apulia,Italy",9053425,IT,Municipality,Active
9200448,Acate,"Acate,Sicily,Italy",9053438,IT,Municipality,Active
9200449,Montafia,"Montafia,Piedmont,Italy",9053436,IT,Municipality,Active
9200450,Canaro,"Canaro,Veneto,Italy",9053442,IT,Municipality,Active
9200451,Illorai,"Illorai,Sardinia,Italy",9053437,IT,Municipality,Active
9200452,Frosinone,"Frosinone,Lazio,Italy",9053431,IT,Municipality,Active
9200453,Garlate,"Garlate,Lombardy,Italy",9053433,IT,Municipality,Active
9200454,Strongoli,"Strongoli,Calabria,Italy",9053427,IT,Municipality,Active
9200455,Sant'Agnello,"Sant'Agnello,Campania,Italy",9053428,IT,Municipality,Active
9200456,Marostica,"Marostica,Veneto,Italy",9053442,IT,Municipality,Active
9200457,Castelnovo Bariano,"Castelnovo Bariano,Veneto,Italy",9053442,IT,Municipality,Active
9200458,Calabritto,"Calabritto,Campania,Italy",9053428,IT,Municipality,Active
9200459,Morgongiori,"Morgongiori,Sardinia,Italy",9053437,IT,Municipality,Active
9200460,Montiglio Monferrato,"Montiglio Monferrato,Piedmont,Italy",9053436,IT,Municipality,Active
9200461,Fragagnano,"Fragagnano,Apulia,Italy",9053425,IT,Municipality,Active
9200462,Scordia,"Scordia,Sicily,Italy",9053438,IT,Municipality,Active
9200463,Serra San Quirico,"Serra San Quirico,Marche,Italy",9053434,IT,Municipality,Active
9200464,Elmas,"Elmas,Sardinia,Italy",9053437,IT,Municipality,Active
9200465,Cusano Milanino,"Cusano Milanino,Lombardy,Italy",9053433,IT,Municipality,Active
9200466,Fusignano,"Fusignano,Emilia-Romagna,Italy",9053429,IT,Municipality,Active
9200467,Leonforte,"Leonforte,Sicily,Italy",9053438,IT,Municipality,Active
9200468,Collio,"Collio,Lombardy,Italy",9053433,IT,Municipality,Active
9200469,San Giovanni in Persiceto,"San Giovanni in Persiceto,Emilia-Romagna,Italy",9053429,IT,Municipality,Active
9200470,Roseto Valfortore,"Roseto Valfortore,Apulia,Italy",9053425,IT,Municipality,Active
9200471,Carassai,"Carassai,Marche,Italy",9053434,IT,Municipality,Active
9200472,Pieve di Bono-Prezzo,"Pieve di Bono-Prezzo,Trentino-South Tyrol,Italy",9053439,IT,Municipality,Active
9200473,Martone,"Martone,Calabria,Italy",9053427,IT,Municipality,Active
9200474,Corte Brugnatella,"Corte Brugnatella,Emilia-Romagna,Italy",9053429,IT,Municipality,Active
9200475,San Felice a Cancello,"San Felice a Cancello,Campania,Italy",9053428,IT,Municipality,Active
9200476,Castellarano,"Castellarano,Emilia-Romagna,Italy",9053429,IT,Municipality,Active
9200477,San Colombano Belmonte,"San Colombano Belmonte,Piedmont,Italy",9053436,IT,Municipality,Active
9200478,Calascibetta,"Calascibetta,Sicily,Italy",9053438,IT,Municipality,Active
9200479,Spoltore,"Spoltore,Abruzzo,Italy",9053423,IT,Municipality,Active
9200480,Trivolzio,"Trivolzio,Lombardy,Italy",9053433,IT,Municipality,Active
9200481,Martirano Lombardo,"Martirano Lombardo,Calabria,Italy",9053427,IT,Municipality,Active
9200482,Casale di Scodosia,"Casale di Scodosia,Veneto,Italy",9053442,IT,Municipality,Active
9200483,Lombriasco,"Lombriasco,Piedmont,Italy",9053436,IT,Municipality,Active
9200484,Castelnuovo di Porto,"Castelnuovo di Porto,Lazio,Italy",9053431,IT,Municipality,Active
9200485,Fanna,"Fanna,Friuli-Venezia Giulia,Italy",9053430,IT,Municipality,Active
9200486,Lumezzane,"Lumezzane,Lombardy,Italy",9053433,IT,Municipality,Active
9200487,Valbrembo,"Valbrembo,Lombardy,Italy",9053433,IT,Municipality,Active
9200488,Mompantero,"Mompantero,Piedmont,Italy",9053436,IT,Municipality,Active
9200489,Caprino Bergamasco,"Caprino Bergamasco,Lombardy,Italy",9053433,IT,Municipality,Active
9200490,Casabona,"Casabona,Calabria,Italy",9053427,IT,Municipality,Active
9200491,La Maddalena,"La Maddalena,Sardinia,Italy",9053437,IT,Municipality,Active
9200492,Castel San Niccolo,"Castel San Niccolo,Tuscany,Italy",9053440,IT,Municipality,Active
9200493,Firenzuola,"Firenzuola,Tuscany,Italy",9053440,IT,Municipality,Active
9200494,Guanzate,"Guanzate,Lombardy,Italy",9053433,IT,Municipality,Active
9200495,Appiano Gentile,"Appiano Gentile,Lombardy,Italy",9053433,IT,Municipality,Active
9200496,Ailano,"Ailano,Campania,Italy",9053428,IT,Municipality,Active
9200497,Scontrone,"Scontrone,Abruzzo,Italy",9053423,IT,Municipality,Active
9200498,Bruzolo,"Bruzolo,Piedmont,Italy",9053436,IT,Municipality,Active
9200499,Favria,"Favria,Piedmont,Italy",9053436,IT,Municipality,Active
9200500,Fino del Monte,"Fino del Monte,Lombardy,Italy",9053433,IT,Municipality,Active
9200501,Quarto,"Quarto,Campania,Italy",9053428,IT,Municipality,Active
9200502,Bricherasio,"Bricherasio,Piedmont,Italy",9053436,IT,Municipality,Active
9200503,Arcade,"Arcade,Veneto,Italy",9053442,IT,Municipality,Active
9200504,Opera,"Opera,Lombardy,Italy",9053433,IT,Municipality,Active
9200505,Rasura,"Rasura,Lombardy,Italy",9053433,IT,Municipality,Active
9200506,Santa Maria della Versa,"Santa Maria della Versa,Lombardy,Italy",9053433,IT,Municipality,Active
9200507,Lungavilla,"Lungavilla,Lombardy,Italy",9053433,IT,Municipality,Active
9200508,Dego,"Dego,Liguria,Italy",9053432,IT,Municipality,Active
9200509,Avio,"Avio,Trentino-South Tyrol,Italy",9053439,IT,Municipality,Active
9200510,Riace,"Riace,Calabria,Italy",9053427,IT,Municipality,Active
9200511,Pineto,"Pineto,Abruzzo,Italy",9053423,IT,Municipality,Active
9200512,Monzambano,"Monzambano,Lombardy,Italy",9053433,IT,Municipality,Active
9200513,Pontechianale,"Pontechianale,Piedmont,Italy",9053436,IT,Municipality,Active
9200514,Carlantino,"Carlantino,Apulia,Italy",9053425,IT,Municipality,Active
9200515,Graniti,"Graniti,Sicily,Italy",9053438,IT,Municipality,Active
9200516,Loceri,"Loceri,Sardinia,Italy",9053437,IT,Municipality,Active
9200517,Orio al Serio,"Orio al Serio,Lombardy,Italy",9053433,IT,Municipality,Active
9200518,Canepina,"Canepina,Lazio,Italy",9053431,IT,Municipality,Active
9200519,San Benedetto Val di Sambro,"San Benedetto Val di Sambro,Emilia-Romagna,Italy",9053429,IT,Municipality,Active
9200520,Kastelruth,"Kastelruth,Trentino-South Tyrol,Italy",9053439,IT,Municipality,Active
9200521,Ottobiano,"Ottobiano,Lombardy,Italy",9053433,IT,Municipality,Active
9200522,Esporlatu,"Esporlatu,Sardinia,Italy",9053437,IT,Municipality,Active
9200523,Montesarchio,"Montesarchio,Campania,Italy",9053428,IT,Municipality,Active
9200524,Cravanzana,"Cravanzana,Piedmont,Italy",9053436,IT,Municipality,Active
9200525,Biassono,"Biassono,Lombardy,Italy",9053433,IT,Municipality,Active
9200526,Vacri,"Vacri,Abruzzo,Italy",9053423,IT,Municipality,Active
9200527,Muscoline,"Muscoline,Lombardy,Italy",9053433,IT,Municipality,Active
9200528,Ponzano Monferrato,"Ponzano Monferrato,Piedmont,Italy",9053436,IT,Municipality,Active
9200529,Pelugo,"Pelugo,Trentino-South Tyrol,Italy",9053439,IT,Municipality,Active
9200530,Scaldasole,"Scaldasole,Lombardy,Italy",9053433,IT,Municipality,Active
9200531,Casaletto Ceredano,"Casaletto Ceredano,Lombardy,Italy",9053433,IT,Municipality,Active
9200532,San Valentino Torio,"San Valentino Torio,Campania,Italy",9053428,IT,Municipality,Active
9200533,Mornico Losana,"Mornico Losana,Lombardy,Italy",9053433,IT,Municipality,Active
9200534,Castelsantangelo sul Nera,"Castelsantangelo sul Nera,Marche,Italy",9053434,IT,Municipality,Active
9200535,Allein,"Allein,Aosta Valley,Italy",9053424,IT,Municipality,Active
9200536,Zuccarello,"Zuccarello,Liguria,Italy",9053432,IT,Municipality,Active
9200537,Ronco Scrivia,"Ronco Scrivia,Liguria,Italy",9053432,IT,Municipality,Active
9200538,Portoferraio,"Portoferraio,Tuscany,Italy",9053440,IT,Municipality,Active
9200539,Sassofeltrio,"Sassofeltrio,Province of Rimini,Italy",20597,IT,Municipality,Active
9200540,Anzano di Puglia,"Anzano di Puglia,Apulia,Italy",9053425,IT,Municipality,Active
9200541,Coazzolo,"Coazzolo,Piedmont,Italy",9053436,IT,Municipality,Active
9200542,Usini,"Usini,Sardinia,Italy",9053437,IT,Municipality,Active
9200543,Deliceto,"Deliceto,Apulia,Italy",9053425,IT,Municipality,Active
9200544,Tortoli,"Tortoli,Sardinia,Italy",9053437,IT,Municipality,Active
9200545,Semiana,"Semiana,Lombardy,Italy",9053433,IT,Municipality,Active
9200546,Sclafani Bagni,"Sclafani Bagni,Sicily,Italy",9053438,IT,Municipality,Active
9200547,Roccanova,"Roccanova,Basilicata,Italy",9053426,IT,Municipality,Active
9200548,Triei,"Triei,Sardinia,Italy",9053437,IT,Municipality,Active
9200549,Gattico-Veruno,"Gattico-Veruno,Piedmont,Italy",9053436,IT,Municipality,Active
9200550,Brosso,"Brosso,Piedmont,Italy",9053436,IT,Municipality,Active
9200551,Cassiglio,"Cassiglio,Lombardy,Italy",9053433,IT,Municipality,Active
9200552,Corinaldo,"Corinaldo,Marche,Italy",9053434,IT,Municipality,Active
9200553,Villafranca in Lunigiana,"Villafranca in Lunigiana,Tuscany,Italy",9053440,IT,Municipality,Active
9200554,Barrafranca,"Barrafranca,Sicily,Italy",9053438,IT,Municipality,Active
9200555,Bidoni,"Bidoni,Sardinia,Italy",9053437,IT,Municipality,Active
9200556,Mornese,"Mornese,Piedmont,Italy",9053436,IT,Municipality,Active
9200557,Paruzzaro,"Paruzzaro,Piedmont,Italy",9053436,IT,Municipality,Active
9200558,Cureggio,"Cureggio,Piedmont,Italy",9053436,IT,Municipality,Active
9200559,Erbusco,"Erbusco,Lombardy,Italy",9053433,IT,Municipality,Active
9200560,Casalbuttano ed Uniti,"Casalbuttano ed Uniti,Lombardy,Italy",9053433,IT,Municipality,Active
9200561,Melpignano,"Melpignano,Apulia,Italy",9053425,IT,Municipality,Active
9200562,Ruffano,"Ruffano,Apulia,Italy",9053425,IT,Municipality,Active
9200563,Mairano,"Mairano,Lombardy,Italy",9053433,IT,Municipality,Active
9200564,Cinigiano,"Cinigiano,Tuscany,Italy",9053440,IT,Municipality,Active
9200565,Montirone,"Montirone,Lombardy,Italy",9053433,IT,Municipality,Active
9200566,Ruda,"Ruda,Friuli-Venezia Giulia,Italy",9053430,IT,Municipality,Active
9200567,Montagnareale,"Montagnareale,Sicily,Italy",9053438,IT,Municipality,Active
9200568,San Pietro di Morubio,"San Pietro di Morubio,Veneto,Italy",9053442,IT,Municipality,Active
9200569,Aramengo,"Aramengo,Piedmont,Italy",9053436,IT,Municipality,Active
9200570,Monteu da Po,"Monteu da Po,Piedmont,Italy",9053436,IT,Municipality,Active
9200571,San Nicola Baronia,"San Nicola Baronia,Campania,Italy",9053428,IT,Municipality,Active
9200572,Chieri,"Chieri,Piedmont,Italy",9053436,IT,Municipality,Active
9200573,Belvedere Langhe,"Belvedere Langhe,Piedmont,Italy",9053436,IT,Municipality,Active
9200574,Corte de' Cortesi con Cignone,"Corte de' Cortesi con Cignone,Lombardy,Italy",9053433,IT,Municipality,Active
9200575,Pietrabruna,"Pietrabruna,Liguria,Italy",9053432,IT,Municipality,Active
9200576,Treppo Grande,"Treppo Grande,Friuli-Venezia Giulia,Italy",9053430,IT,Municipality,Active
9200577,Gesturi,"Gesturi,Sardinia,Italy",9053437,IT,Municipality,Active
9200578,Parenti,"Parenti,Calabria,Italy",9053427,IT,Municipality,Active
9200579,Enego,"Enego,Veneto,Italy",9053442,IT,Municipality,Active
9200580,Sciara,"Sciara,Sicily,Italy",9053438,IT,Municipality,Active
9200581,Villamassargia,"Villamassargia,Sardinia,Italy",9053437,IT,Municipality,Active
9200582,Rivisondoli,"Rivisondoli,Abruzzo,Italy",9053423,IT,Municipality,Active
9200583,Fidenza,"Fidenza,Emilia-Romagna,Italy",9053429,IT,Municipality,Active
9200584,Sanluri,"Sanluri,Sardinia,Italy",9053437,IT,Municipality,Active
9200585,Sommacampagna,"Sommacampagna,Veneto,Italy",9053442,IT,Municipality,Active
9200586,Manzano,"Manzano,Friuli-Venezia Giulia,Italy",9053430,IT,Municipality,Active
9200587,Rometta,"Rometta,Sicily,Italy",9053438,IT,Municipality,Active
9200588,Girifalco,"Girifalco,Calabria,Italy",9053427,IT,Municipality,Active
9200589,Corigliano-Rossano,"Corigliano-Rossano,Calabria,Italy",9053427,IT,Municipality,Active
9200590,Cavriago,"Cavriago,Emilia-Romagna,Italy",9053429,IT,Municipality,Active
9200591,San Lorenzo Maggiore,"San Lorenzo Maggiore,Campania,Italy",9053428,IT,Municipality,Active
9200592,Castelnuovo di Farfa,"Castelnuovo di Farfa,Lazio,Italy",9053431,IT,Municipality,Active
9200593,Senis,"Senis,Sardinia,Italy",9053437,IT,Municipality,Active
9200594,Murazzano,"Murazzano,Piedmont,Italy",9053436,IT,Municipality,Active
9200595,Fontanelice,"Fontanelice,Emilia-Romagna,Italy",9053429,IT,Municipality,Active
9200596,Roatto,"Roatto,Piedmont,Italy",9053436,IT,Municipality,Active
9200597,San Cesareo,"San Cesareo,Lazio,Italy",9053431,IT,Municipality,Active
9200598,Merate,"Merate,Lombardy,Italy",9053433,IT,Municipality,Active
9200599,Gorgo al Monticano,"Gorgo al Monticano,Veneto,Italy",9053442,IT,Municipality,Active
9200600,Colle di Val d'Elsa,"Colle di Val d'Elsa,Tuscany,Italy",9053440,IT,Municipality,Active
9200601,Farra di Soligo,"Farra di Soligo,Veneto,Italy",9053442,IT,Municipality,Active
9200602,Carbonara al Ticino,"Carbonara al Ticino,Lombardy,Italy",9053433,IT,Municipality,Active
9200603,Quinto Vercellese,"Quinto Vercellese,Piedmont,Italy",9053436,IT,Municipality,Active
9200604,Nurallao,"Nurallao,Sardinia,Italy",9053437,IT,Municipality,Active
9200605,Fardella,"Fardella,Basilicata,Italy",9053426,IT,Municipality,Active
9200606,Storo,"Storo,Trentino-South Tyrol,Italy",9053439,IT,Municipality,Active
9200607,Pisogne,"Pisogne,Lombardy,Italy",9053433,IT,Municipality,Active
9200608,Barone Canavese,"Barone Canavese,Piedmont,Italy",9053436,IT,Municipality,Active
9200609,Villafranca di Verona,"Villafranca di Verona,Veneto,Italy",9053442,IT,Municipality,Active
9200610,Roveredo in Piano,"Roveredo in Piano,Friuli-Venezia Giulia,Italy",9053430,IT,Municipality,Active
9200611,Fara Novarese,"Fara Novarese,Piedmont,Italy",9053436,IT,Municipality,Active
9200612,Belforte Monferrato,"Belforte Monferrato,Piedmont,Italy",9053436,IT,Municipality,Active
9200613,Rocca Ciglie,"Rocca Ciglie,Piedmont,Italy",9053436,IT,Municipality,Active
9200614,Sant'Albano Stura,"Sant'Albano Stura,Piedmont,Italy",9053436,IT,Municipality,Active
9200615,Cicciano,"Cicciano,Campania,Italy",9053428,IT,Municipality,Active
9200616,Trezzo Tinella,"Trezzo Tinella,Piedmont,Italy",9053436,IT,Municipality,Active
9200617,Cernusco Lombardone,"Cernusco Lombardone,Lombardy,Italy",9053433,IT,Municipality,Active
9200618,Fontaneto d'Agogna,"Fontaneto d'Agogna,Piedmont,Italy",9053436,IT,Municipality,Active
9200619,Fornovo di Taro,"Fornovo di Taro,Emilia-Romagna,Italy",9053429,IT,Municipality,Active
9200620,Carenno,"Carenno,Lombardy,Italy",9053433,IT,Municipality,Active
9200621,Civitacampomarano,"Civitacampomarano,Molise,Italy",9053435,IT,Municipality,Active
9200622,Bitetto,"Bitetto,Apulia,Italy",9053425,IT,Municipality,Active
9200623,Filiano,"Filiano,Basilicata,Italy",9053426,IT,Municipality,Active
9200624,Pescara,"Pescara,Abruzzo,Italy",9053423,IT,Municipality,Active
9200625,Modica,"Modica,Sicily,Italy",9053438,IT,Municipality,Active
9200626,Colle d'Anchise,"Colle d'Anchise,Molise,Italy",9053435,IT,Municipality,Active
9200627,Alassio,"Alassio,Liguria,Italy",9053432,IT,Municipality,Active
9200628,Samolaco,"Samolaco,Lombardy,Italy",9053433,IT,Municipality,Active
9200629,Cermignano,"Cermignano,Abruzzo,Italy",9053423,IT,Municipality,Active
9200630,Caposele,"Caposele,Campania,Italy",9053428,IT,Municipality,Active
9200631,Neoneli,"Neoneli,Sardinia,Italy",9053437,IT,Municipality,Active
9200632,Martell,"Martell,Trentino-South Tyrol,Italy",9053439,IT,Municipality,Active
9200633,Zelbio,"Zelbio,Lombardy,Italy",9053433,IT,Municipality,Active
9200634,Calciano,"Calciano,Basilicata,Italy",9053426,IT,Municipality,Active
9200635,Campobasso,"Campobasso,Molise,Italy",9053435,IT,Municipality,Active
9200636,Volano,"Volano,Trentino-South Tyrol,Italy",9053439,IT,Municipality,Active
9200637,Kastelbell-Tschars,"Kastelbell-Tschars,Trentino-South Tyrol,Italy",9053439,IT,Municipality,Active
9200638,Vodo di Cadore,"Vodo di Cadore,Veneto,Italy",9053442,IT,Municipality,Active
9200639,Polinago,"Polinago,Emilia-Romagna,Italy",9053429,IT,Municipality,Active
9200640,Montorfano,"Montorfano,Lombardy,Italy",9053433,IT,Municipality,Active
9200641,Melito di Porto Salvo,"Melito di Porto Salvo,Calabria,Italy",9053427,IT,Municipality,Active
9200642,Troia,"Troia,Apulia,Italy",9053425,IT,Municipality,Active
9200643,Giave,"Giave,Sardinia,Italy",9053437,IT,Municipality,Active
9200644,Corigliano d'Otranto,"Corigliano d'Otranto,Apulia,Italy",9053425,IT,Municipality,Active
9200645,Welschnofen,"Welschnofen,Trentino-South Tyrol,Italy",9053439,IT,Municipality,Active
9200646,Cernusco sul Naviglio,"Cernusco sul Naviglio,Lombardy,Italy",9053433,IT,Municipality,Active
9200647,Campiglia Cervo,"Campiglia Cervo,Piedmont,Italy",9053436,IT,Municipality,Active
9200648,Comerio,"Comerio,Lombardy,Italy",9053433,IT,Municipality,Active
9200649,Beura-Cardezza,"Beura-Cardezza,Piedmont,Italy",9053436,IT,Municipality,Active
9200650,Bianchi,"Bianchi,Calabria,Italy",9053427,IT,Municipality,Active
9200651,Soriso,"Soriso,Piedmont,Italy",9053436,IT,Municipality,Active
9200652,Cavaion Veronese,"Cavaion Veronese,Veneto,Italy",9053442,IT,Municipality,Active
9200653,Alfianello,"Alfianello,Lombardy,Italy",9053433,IT,Municipality,Active
9200654,Perosa Canavese,"Perosa Canavese,Piedmont,Italy",9053436,IT,Municipality,Active
9200655,Valdieri,"Valdieri,Piedmont,Italy",9053436,IT,Municipality,Active
9200656,Albiano d'Ivrea,"Albiano d'Ivrea,Piedmont,Italy",9053436,IT,Municipality,Active
9200657,Lizzano,"Lizzano,Apulia,Italy",9053425,IT,Municipality,Active
9200658,Piubega,"Piubega,Lombardy,Italy",9053433,IT,Municipality,Active
9200659,Miazzina,"Miazzina,Piedmont,Italy",9053436,IT,Municipality,Active
9200660,San Salvatore di Fitalia,"San Salvatore di Fitalia,Sicily,Italy",9053438,IT,Municipality,Active
9200661,Gela,"Gela,Sicily,Italy",9053438,IT,Municipality,Active
9200662,Caravino,"Caravino,Piedmont,Italy",9053436,IT,Municipality,Active
9200663,Domusnovas,"Domusnovas,Sardinia,Italy",9053437,IT,Municipality,Active
9200664,Montechiaro d'Acqui,"Montechiaro d'Acqui,Piedmont,Italy",9053436,IT,Municipality,Active
9200665,Villasalto,"Villasalto,Sardinia,Italy",9053437,IT,Municipality,Active
9200666,Vanzone con San Carlo,"Vanzone con San Carlo,Piedmont,Italy",9053436,IT,Municipality,Active
9200667,Verrayes,"Verrayes,Aosta Valley,Italy",9053424,IT,Municipality,Active
9200668,Conta,"Conta,Trentino-South Tyrol,Italy",9053439,IT,Municipality,Active
9200669,Forano,"Forano,Lazio,Italy",9053431,IT,Municipality,Active
9200670,Fossalto,"Fossalto,Molise,Italy",9053435,IT,Municipality,Active
9200671,Suvereto,"Suvereto,Tuscany,Italy",9053440,IT,Municipality,Active
9200672,Santa Margherita Ligure,"Santa Margherita Ligure,Liguria,Italy",9053432,IT,Municipality,Active
9200673,Montopoli in Val d'Arno,"Montopoli in Val d'Arno,Tuscany,Italy",9053440,IT,Municipality,Active
9200674,Maenza,"Maenza,Lazio,Italy",9053431,IT,Municipality,Active
9200675,Maracalagonis,"Maracalagonis,Sardinia,Italy",9053437,IT,Municipality,Active
9200676,Tiers,"Tiers,Trentino-South Tyrol,Italy",9053439,IT,Municipality,Active
9200677,Las Plassas,"Las Plassas,Sardinia,Italy",9053437,IT,Municipality,Active
9200678,Tirol,"Tirol,Trentino-South Tyrol,Italy",9053439,IT,Municipality,Active
9200679,Grumolo delle Abbadesse,"Grumolo delle Abbadesse,Veneto,Italy",9053442,IT,Municipality,Active
9200680,Torre de' Picenardi,"Torre de' Picenardi,Lombardy,Italy",9053433,IT,Municipality,Active
9200681,Cassacco,"Cassacco,Friuli-Venezia Giulia,Italy",9053430,IT,Municipality,Active
9200682,Lonigo,"Lonigo,Veneto,Italy",9053442,IT,Municipality,Active
9200683,Castel Ritaldi,"Castel Ritaldi,Umbria,Italy",9053441,IT,Municipality,Active
9200684,Pavullo nel Frignano,"Pavullo nel Frignano,Emilia-Romagna,Italy",9053429,IT,Municipality,Active
9200685,Diano Arentino,"Diano Arentino,Liguria,Italy",9053432,IT,Municipality,Active
9200686,Tossicia,"Tossicia,Abruzzo,Italy",9053423,IT,Municipality,Active
9200687,Cupello,"Cupello,Abruzzo,Italy",9053423,IT,Municipality,Active
9200688,Marano di Napoli,"Marano di Napoli,Campania,Italy",9053428,IT,Municipality,Active
9200689,Felitto,"Felitto,Campania,Italy",9053428,IT,Municipality,Active
9200690,Iesi,"Iesi,Marche,Italy",9053434,IT,Municipality,Active
9200691,Castiglione del Genovesi,"Castiglione del Genovesi,Campania,Italy",9053428,IT,Municipality,Active
9200692,Portobuffole,"Portobuffole,Veneto,Italy",9053442,IT,Municipality,Active
9200693,Luzzana,"Luzzana,Lombardy,Italy",9053433,IT,Municipality,Active
9200694,Deruta,"Deruta,Umbria,Italy",9053441,IT,Municipality,Active
9200695,Bubbio,"Bubbio,Piedmont,Italy",9053436,IT,Municipality,Active
9200696,Torchiarolo,"Torchiarolo,Apulia,Italy",9053425,IT,Municipality,Active
9200697,Cisternino,"Cisternino,Apulia,Italy",9053425,IT,Municipality,Active
9200698,Leonessa,"Leonessa,Lazio,Italy",9053431,IT,Municipality,Active
9200699,Ornavasso,"Ornavasso,Piedmont,Italy",9053436,IT,Municipality,Active
9200700,Ghislarengo,"Ghislarengo,Piedmont,Italy",9053436,IT,Municipality,Active
9200701,Librizzi,"Librizzi,Sicily,Italy",9053438,IT,Municipality,Active
9200702,Palmi,"Palmi,Calabria,Italy",9053427,IT,Municipality,Active
9200703,Borgomasino,"Borgomasino,Piedmont,Italy",9053436,IT,Municipality,Active
9200704,Medea,"Medea,Friuli-Venezia Giulia,Italy",9053430,IT,Municipality,Active
9200705,Sampeyre,"Sampeyre,Piedmont,Italy",9053436,IT,Municipality,Active
9200706,Sumirago,"Sumirago,Lombardy,Italy",9053433,IT,Municipality,Active
9200707,Gordona,"Gordona,Lombardy,Italy",9053433,IT,Municipality,Active
9200708,Villa Carcina,"Villa Carcina,Lombardy,Italy",9053433,IT,Municipality,Active
9200709,Albenga,"Albenga,Liguria,Italy",9053432,IT,Municipality,Active
9200710,Salerno,"Salerno,Campania,Italy",9053428,IT,Municipality,Active
9200711,Revello,"Revello,Piedmont,Italy",9053436,IT,Municipality,Active
9200712,Cervino,"Cervino,Campania,Italy",9053428,IT,Municipality,Active
9200713,Narzole,"Narzole,Piedmont,Italy",9053436,IT,Municipality,Active
9200714,Cornovecchio,"Cornovecchio,Lombardy,Italy",9053433,IT,Municipality,Active
9200715,Prata d'Ansidonia,"Prata d'Ansidonia,Abruzzo,Italy",9053423,IT,Municipality,Active
9200716,Civitella di Romagna,"Civitella di Romagna,Emilia-Romagna,Italy",9053429,IT,Municipality,Active
9200717,Papozze,"Papozze,Veneto,Italy",9053442,IT,Municipality,Active
9200718,Bagnolo in Piano,"Bagnolo in Piano,Emilia-Romagna,Italy",9053429,IT,Municipality,Active
9200719,Civitella Casanova,"Civitella Casanova,Abruzzo,Italy",9053423,IT,Municipality,Active
9200720,Cerda,"Cerda,Sicily,Italy",9053438,IT,Municipality,Active
9200721,Villaricca,"Villaricca,Campania,Italy",9053428,IT,Municipality,Active
9200722,Barbaresco,"Barbaresco,Piedmont,Italy",9053436,IT,Municipality,Active
9200723,Barga,"Barga,Tuscany,Italy",9053440,IT,Municipality,Active
9200724,Valdastico,"Valdastico,Veneto,Italy",9053442,IT,Municipality,Active
9200725,Ustica,"Ustica,Sicily,Italy",9053438,IT,Municipality,Active
9200726,Condro,"Condro,Sicily,Italy",9053438,IT,Municipality,Active
9200727,Jerago con Orago,"Jerago con Orago,Lombardy,Italy",9053433,IT,Municipality,Active
9200728,Casamarciano,"Casamarciano,Campania,Italy",9053428,IT,Municipality,Active
9200729,Spormaggiore,"Spormaggiore,Trentino-South Tyrol,Italy",9053439,IT,Municipality,Active
9200730,Barbarano Mossano,"Barbarano Mossano,Veneto,Italy",9053442,IT,Municipality,Active
9200731,Calamandrana,"Calamandrana,Piedmont,Italy",9053436,IT,Municipality,Active
9200732,Rocca di Cave,"Rocca di Cave,Lazio,Italy",9053431,IT,Municipality,Active
9200733,Pozzo d'Adda,"Pozzo d'Adda,Lombardy,Italy",9053433,IT,Municipality,Active
9200734,Mazzarrone,"Mazzarrone,Sicily,Italy",9053438,IT,Municipality,Active
9200735,Rovellasca,"Rovellasca,Lombardy,Italy",9053433,IT,Municipality,Active
9200736,Bussolengo,"Bussolengo,Veneto,Italy",9053442,IT,Municipality,Active
9200737,Boscoreale,"Boscoreale,Campania,Italy",9053428,IT,Municipality,Active
9200738,Seriate,"Seriate,Lombardy,Italy",9053433,IT,Municipality,Active
9200739,Calvagese della Riviera,"Calvagese della Riviera,Lombardy,Italy",9053433,IT,Municipality,Active
9200740,Sanza,"Sanza,Campania,Italy",9053428,IT,Municipality,Active
9200741,Maser,"Maser,Veneto,Italy",9053442,IT,Municipality,Active
9200742,Celle di Macra,"Celle di Macra,Piedmont,Italy",9053436,IT,Municipality,Active
9200743,Castiadas,"Castiadas,Sardinia,Italy",9053437,IT,Municipality,Active
9200744,Ceresara,"Ceresara,Lombardy,Italy",9053433,IT,Municipality,Active
9200745,Gambarana,"Gambarana,Lombardy,Italy",9053433,IT,Municipality,Active
9200746,Rosa,"Rosa,Veneto,Italy",9053442,IT,Municipality,Active
9200747,Alagna,"Alagna,Lombardy,Italy",9053433,IT,Municipality,Active
9200748,Solopaca,"Solopaca,Campania,Italy",9053428,IT,Municipality,Active
9200749,Butera,"Butera,Sicily,Italy",9053438,IT,Municipality,Active
9200750,Colli del Tronto,"Colli del Tronto,Marche,Italy",9053434,IT,Municipality,Active
9200751,San Ginesio,"San Ginesio,Marche,Italy",9053434,IT,Municipality,Active
9200752,Settimo Vittone,"Settimo Vittone,Piedmont,Italy",9053436,IT,Municipality,Active
9200753,Carrara,"Carrara,Tuscany,Italy",9053440,IT,Municipality,Active
9200754,Mongrassano,"Mongrassano,Calabria,Italy",9053427,IT,Municipality,Active
9200755,Civita Castellana,"Civita Castellana,Lazio,Italy",9053431,IT,Municipality,Active
9200756,Santa Domenica Vittoria,"Santa Domenica Vittoria,Sicily,Italy",9053438,IT,Municipality,Active
9200757,Capriana,"Capriana,Trentino-South Tyrol,Italy",9053439,IT,Municipality,Active
9200758,Novi di Modena,"Novi di Modena,Emilia-Romagna,Italy",9053429,IT,Municipality,Active
9200759,Acquedolci,"Acquedolci,Sicily,Italy",9053438,IT,Municipality,Active
9200760,Sant'Antonio Abate,"Sant'Antonio Abate,Campania,Italy",9053428,IT,Municipality,Active
9200761,Caraglio,"Caraglio,Piedmont,Italy",9053436,IT,Municipality,Active
9200762,Rapallo,"Rapallo,Liguria,Italy",9053432,IT,Municipality,Active
9200763,San Vito al Torre,"San Vito al Torre,Friuli-Venezia Giulia,Italy",9053430,IT,Municipality,Active
9200764,Baradili,"Baradili,Sardinia,Italy",9053437,IT,Municipality,Active
9200765,Palestro,"Palestro,Lombardy,Italy",9053433,IT,Municipality,Active
9200766,Granze,"Granze,Veneto,Italy",9053442,IT,Municipality,Active
9200767,Ausonia,"Ausonia,Lazio,Italy",9053431,IT,Municipality,Active
9200768,Cartigliano,"Cartigliano,Veneto,Italy",9053442,IT,Municipality,Active
9200769,Cardeto,"Cardeto,Calabria,Italy",9053427,IT,Municipality,Active
9200770,Cervasca,"Cervasca,Piedmont,Italy",9053436,IT,Municipality,Active
9200771,Bertinoro,"Bertinoro,Emilia-Romagna,Italy",9053429,IT,Municipality,Active
9200772,Rionero Sannitico,"Rionero Sannitico,Molise,Italy",9053435,IT,Municipality,Active
9200773,Monte San Giovanni in Sabina,"Monte San Giovanni in Sabina,Lazio,Italy",9053431,IT,Municipality,Active
9200774,Kaltern an der Weinstrasse,"Kaltern an der Weinstrasse,Trentino-South Tyrol,Italy",9053439,IT,Municipality,Active
9200775,Grotteria,"Grotteria,Calabria,Italy",9053427,IT,Municipality,Active
9200776,Brugherio,"Brugherio,Lombardy,Italy",9053433,IT,Municipality,Active
9200777,San Casciano in Val di Pesa,"San Casciano in Val di Pesa,Tuscany,Italy",9053440,IT,Municipality,Active
9200778,Carpino,"Carpino,Apulia,Italy",9053425,IT,Municipality,Active
9200779,Meleti,"Meleti,Lombardy,Italy",9053433,IT,Municipality,Active
9200780,Andrian,"Andrian,Trentino-South Tyrol,Italy",9053439,IT,Municipality,Active
9200781,Trapani,"Trapani,Sicily,Italy",9053438,IT,Municipality,Active
9200782,Florence,"Florence,Tuscany,Italy",9053440,IT,Municipality,Active
9200783,Sanfre,"Sanfre,Piedmont,Italy",9053436,IT,Municipality,Active
9200784,Magnano,"Magnano,Piedmont,Italy",9053436,IT,Municipality,Active
9200785,Morterone,"Morterone,Lombardy,Italy",9053433,IT,Municipality,Active
9200786,Moltrasio,"Moltrasio,Lombardy,Italy",9053433,IT,Municipality,Active
9200787,Mozzecane,"Mozzecane,Veneto,Italy",9053442,IT,Municipality,Active
9200788,Eboli,"Eboli,Campania,Italy",9053428,IT,Municipality,Active
9200789,Serradifalco,"Serradifalco,Sicily,Italy",9053438,IT,Municipality,Active
9200790,Castelsilano,"Castelsilano,Calabria,Italy",9053427,IT,Municipality,Active
9200791,Faloppio,"Faloppio,Lombardy,Italy",9053433,IT,Municipality,Active
9200792,Porto Torres,"Porto Torres,Sardinia,Italy",9053437,IT,Municipality,Active
9200793,Atessa,"Atessa,Abruzzo,Italy",9053423,IT,Municipality,Active
9200794,Frisa,"Frisa,Abruzzo,Italy",9053423,IT,Municipality,Active
9200795,Briosco,"Briosco,Lombardy,Italy",9053433,IT,Municipality,Active
9200796,Collepietro,"Collepietro,Abruzzo,Italy",9053423,IT,Municipality,Active
9200797,Celico,"Celico,Calabria,Italy",9053427,IT,Municipality,Active
9200798,Bondone,"Bondone,Trentino-South Tyrol,Italy",9053439,IT,Municipality,Active
9200799,Gaeta,"Gaeta,Lazio,Italy",9053431,IT,Municipality,Active
9200800,Mosciano Sant'Angelo,"Mosciano Sant'Angelo,Abruzzo,Italy",9053423,IT,Municipality,Active
9200801,Laglio,"Laglio,Lombardy,Italy",9053433,IT,Municipality,Active
9200802,San Giorgio di Lomellina,"San Giorgio di Lomellina,Lombardy,Italy",9053433,IT,Municipality,Active
9200803,Roisan,"Roisan,Aosta Valley,Italy",9053424,IT,Municipality,Active
9200804,Sarezzano,"Sarezzano,Piedmont,Italy",9053436,IT,Municipality,Active
9200805,Pereto,"Pereto,Abruzzo,Italy",9053423,IT,Municipality,Active
9200806,Malcesine,"Malcesine,Veneto,Italy",9053442,IT,Municipality,Active
9200807,Badia Tedalda,"Badia Tedalda,Tuscany,Italy",9053440,IT,Municipality,Active
9200808,Tortorella,"Tortorella,Campania,Italy",9053428,IT,Municipality,Active
9200809,Caltanissetta,"Caltanissetta,Sicily,Italy",9053438,IT,Municipality,Active
9200810,San Pietro Clarenza,"San Pietro Clarenza,Sicily,Italy",9053438,IT,Municipality,Active
9200811,Vescovana,"Vescovana,Veneto,Italy",9053442,IT,Municipality,Active
9200812,Ziano di Fiemme,"Ziano di Fiemme,Trentino-South Tyrol,Italy",9053439,IT,Municipality,Active
9200813,Tuglie,"Tuglie,Apulia,Italy",9053425,IT,Municipality,Active
9200814,Cortona,"Cortona,Tuscany,Italy",9053440,IT,Municipality,Active
9200815,Fucecchio,"Fucecchio,Tuscany,Italy",9053440,IT,Municipality,Active
9200816,Montanaro,"Montanaro,Piedmont,Italy",9053436,IT,Municipality,Active
9200817,Carloforte,"Carloforte,Sardinia,Italy",9053437,IT,Municipality,Active
9200818,Concerviano,"Concerviano,Lazio,Italy",9053431,IT,Municipality,Active
9200819,Torrita Tiberina,"Torrita Tiberina,Lazio,Italy",9053431,IT,Municipality,Active
9200820,Carlopoli,"Carlopoli,Calabria,Italy",9053427,IT,Municipality,Active
9200821,Montaquila,"Montaquila,Molise,Italy",9053435,IT,Municipality,Active
9200822,Villar Focchiardo,"Villar Focchiardo,Piedmont,Italy",9053436,IT,Municipality,Active
9200823,Torgiano,"Torgiano,Umbria,Italy",9053441,IT,Municipality,Active
9200824,Sant'Andrea Frius,"Sant'Andrea Frius,Sardinia,Italy",9053437,IT,Municipality,Active
9200825,Godega di Sant'Urbano,"Godega di Sant'Urbano,Veneto,Italy",9053442,IT,Municipality,Active
9200826,Castel Ivano,"Castel Ivano,Trentino-South Tyrol,Italy",9053439,IT,Municipality,Active
9200827,Sale delle Langhe,"Sale delle Langhe,Piedmont,Italy",9053436,IT,Municipality,Active
9200828,Visco,"Visco,Friuli-Venezia Giulia,Italy",9053430,IT,Municipality,Active
9200829,Vignale Monferrato,"Vignale Monferrato,Piedmont,Italy",9053436,IT,Municipality,Active
9200830,Gianico,"Gianico,Lombardy,Italy",9053433,IT,Municipality,Active
9200831,Conca Casale,"Conca Casale,Molise,Italy",9053435,IT,Municipality,Active
9200832,Siddi,"Siddi,Sardinia,Italy",9053437,IT,Municipality,Active
9200833,Brebbia,"Brebbia,Lombardy,Italy",9053433,IT,Municipality,Active
9200834,Cappelle sul Tavo,"Cappelle sul Tavo,Abruzzo,Italy",9053423,IT,Municipality,Active
9200835,Magliano Sabina,"Magliano Sabina,Lazio,Italy",9053431,IT,Municipality,Active
9200836,Milena,"Milena,Sicily,Italy",9053438,IT,Municipality,Active
9200837,Casteldelfino,"Casteldelfino,Piedmont,Italy",9053436,IT,Municipality,Active
9200838,Quincinetto,"Quincinetto,Piedmont,Italy",9053436,IT,Municipality,Active
9200839,Cividate al Piano,"Cividate al Piano,Lombardy,Italy",9053433,IT,Municipality,Active
9200840,Camporeale,"Camporeale,Sicily,Italy",9053438,IT,Municipality,Active
9200841,Vallermosa,"Vallermosa,Sardinia,Italy",9053437,IT,Municipality,Active
9200842,Tavagnasco,"Tavagnasco,Piedmont,Italy",9053436,IT,Municipality,Active
9200843,San Mango d'Aquino,"San Mango d'Aquino,Calabria,Italy",9053427,IT,Municipality,Active
9200844,Sernio,"Sernio,Lombardy,Italy",9053433,IT,Municipality,Active
9200845,Mercato Saraceno,"Mercato Saraceno,Emilia-Romagna,Italy",9053429,IT,Municipality,Active
9200846,Levanto,"Levanto,Liguria,Italy",9053432,IT,Municipality,Active
9200847,Acquafondata,"Acquafondata,Lazio,Italy",9053431,IT,Municipality,Active
9200848,Tramutola,"Tramutola,Basilicata,Italy",9053426,IT,Municipality,Active
9200849,San Cosmo Albanese,"San Cosmo Albanese,Calabria,Italy",9053427,IT,Municipality,Active
9200850,Pelago,"Pelago,Tuscany,Italy",9053440,IT,Municipality,Active
9200851,San Nicola dell'Alto,"San Nicola dell'Alto,Calabria,Italy",9053427,IT,Municipality,Active
9200852,Giussano,"Giussano,Lombardy,Italy",9053433,IT,Municipality,Active
9200853,Bordolano,"Bordolano,Lombardy,Italy",9053433,IT,Municipality,Active
9200854,Amorosi,"Amorosi,Campania,Italy",9053428,IT,Municipality,Active
9200855,Guardistallo,"Guardistallo,Tuscany,Italy",9053440,IT,Municipality,Active
9200856,Sesto San Giovanni,"Sesto San Giovanni,Lombardy,Italy",9053433,IT,Municipality,Active
9200857,Faedo Valtellino,"Faedo Valtellino,Lombardy,Italy",9053433,IT,Municipality,Active
9200858,Saracinesco,"Saracinesco,Lazio,Italy",9053431,IT,Municipality,Active
9200859,Villa Sant'Antonio,"Villa Sant'Antonio,Sardinia,Italy",9053437,IT,Municipality,Active
9200860,Cimbergo,"Cimbergo,Lombardy,Italy",9053433,IT,Municipality,Active
9200861,Cavriana,"Cavriana,Lombardy,Italy",9053433,IT,Municipality,Active
9200862,Bonvicino,"Bonvicino,Piedmont,Italy",9053436,IT,Municipality,Active
9200863,Scanno,"Scanno,Abruzzo,Italy",9053423,IT,Municipality,Active
9200864,Badia Pavese,"Badia Pavese,Lombardy,Italy",9053433,IT,Municipality,Active
9200865,Torricella Verzate,"Torricella Verzate,Lombardy,Italy",9053433,IT,Municipality,Active
9200866,Miradolo Terme,"Miradolo Terme,Lombardy,Italy",9053433,IT,Municipality,Active
9200867,San Piero Patti,"San Piero Patti,Sicily,Italy",9053438,IT,Municipality,Active
9200868,Fiume Veneto,"Fiume Veneto,Friuli-Venezia Giulia,Italy",9053430,IT,Municipality,Active
9200869,Tribano,"Tribano,Veneto,Italy",9053442,IT,Municipality,Active
9200870,Grazzano Badoglio,"Grazzano Badoglio,Piedmont,Italy",9053436,IT,Municipality,Active
9200871,Torre Mondovi,"Torre Mondovi,Piedmont,Italy",9053436,IT,Municipality,Active
9200872,Sant'Angelo Lomellina,"Sant'Angelo Lomellina,Lombardy,Italy",9053433,IT,Municipality,Active
9200873,Ozegna,"Ozegna,Piedmont,Italy",9053436,IT,Municipality,Active
9200874,Macomer,"Macomer,Sardinia,Italy",9053437,IT,Municipality,Active
9200875,Verrone,"Verrone,Piedmont,Italy",9053436,IT,Municipality,Active
9200876,Potenza,"Potenza,Basilicata,Italy",9053426,IT,Municipality,Active
9200877,Santa Sofia,"Santa Sofia,Emilia-Romagna,Italy",9053429,IT,Municipality,Active
9200878,Cercemaggiore,"Cercemaggiore,Molise,Italy",9053435,IT,Municipality,Active
9200879,Vessalico,"Vessalico,Liguria,Italy",9053432,IT,Municipality,Active
9200880,Mulazzano,"Mulazzano,Lombardy,Italy",9053433,IT,Municipality,Active
9200881,Valgrana,"Valgrana,Piedmont,Italy",9053436,IT,Municipality,Active
9200882,Sand in Taufers,"Sand in Taufers,Trentino-South Tyrol,Italy",9053439,IT,Municipality,Active
9200883,San Mango Piemonte,"San Mango Piemonte,Campania,Italy",9053428,IT,Municipality,Active
9200884,Montepulciano,"Montepulciano,Tuscany,Italy",9053440,IT,Municipality,Active
9200885,Valleve,"Valleve,Lombardy,Italy",9053433,IT,Municipality,Active
9200886,Guasila,"Guasila,Sardinia,Italy",9053437,IT,Municipality,Active
9200887,Lessolo,"Lessolo,Piedmont,Italy",9053436,IT,Municipality,Active
9200888,Lovero,"Lovero,Lombardy,Italy",9053433,IT,Municipality,Active
9200889,Venzone,"Venzone,Friuli-Venezia Giulia,Italy",9053430,IT,Municipality,Active
9200890,Casacanditella,"Casacanditella,Abruzzo,Italy",9053423,IT,Municipality,Active
9200891,Sant'Angelo a Cupolo,"Sant'Angelo a Cupolo,Campania,Italy",9053428,IT,Municipality,Active
9200892,Casarile,"Casarile,Lombardy,Italy",9053433,IT,Municipality,Active
9200893,Travesio,"Travesio,Friuli-Venezia Giulia,Italy",9053430,IT,Municipality,Active
9200894,Lucoli,"Lucoli,Abruzzo,Italy",9053423,IT,Municipality,Active
9200895,Arezzo,"Arezzo,Tuscany,Italy",9053440,IT,Municipality,Active
9200896,Vittorito,"Vittorito,Abruzzo,Italy",9053423,IT,Municipality,Active
9200897,Andretta,"Andretta,Campania,Italy",9053428,IT,Municipality,Active
9200898,Gussago,"Gussago,Lombardy,Italy",9053433,IT,Municipality,Active
9200899,Jovencan,"Jovencan,Aosta Valley,Italy",9053424,IT,Municipality,Active
9200900,Sankt Pankraz,"Sankt Pankraz,Trentino-South Tyrol,Italy",9053439,IT,Municipality,Active
9200901,San Paolo di Civitate,"San Paolo di Civitate,Apulia,Italy",9053425,IT,Municipality,Active
9200902,Stintino,"Stintino,Sardinia,Italy",9053437,IT,Municipality,Active
9200903,Cossato,"Cossato,Piedmont,Italy",9053436,IT,Municipality,Active
9200904,Sant'Ilario dello Ionio,"Sant'Ilario dello Ionio,Calabria,Italy",9053427,IT,Municipality,Active
9200905,San Vito sullo Ionio,"San Vito sullo Ionio,Calabria,Italy",9053427,IT,Municipality,Active
9200906,Sant'Anastasia,"Sant'Anastasia,Campania,Italy",9053428,IT,Municipality,Active
9200907,Fombio,"Fombio,Lombardy,Italy",9053433,IT,Municipality,Active
9200908,Oulx,"Oulx,Piedmont,Italy",9053436,IT,Municipality,Active
9200909,Bondeno,"Bondeno,Emilia-Romagna,Italy",9053429,IT,Municipality,Active
9200910,Fabriano,"Fabriano,Marche,Italy",9053434,IT,Municipality,Active
9200911,Altrei,"Altrei,Trentino-South Tyrol,Italy",9053439,IT,Municipality,Active
9200912,Annicco,"Annicco,Lombardy,Italy",9053433,IT,Municipality,Active
9200913,Foglizzo,"Foglizzo,Piedmont,Italy",9053436,IT,Municipality,Active
9200914,San Giovanni la Punta,"San Giovanni la Punta,Sicily,Italy",9053438,IT,Municipality,Active
9200915,Gignod,"Gignod,Aosta Valley,Italy",9053424,IT,Municipality,Active
9200916,Sanfront,"Sanfront,Piedmont,Italy",9053436,IT,Municipality,Active
9200917,Onani,"Onani,Sardinia,Italy",9053437,IT,Municipality,Active
9200918,Limbadi,"Limbadi,Calabria,Italy",9053427,IT,Municipality,Active
9200919,Concesio,"Concesio,Lombardy,Italy",9053433,IT,Municipality,Active
9200920,Cavernago,"Cavernago,Lombardy,Italy",9053433,IT,Municipality,Active
9200921,Girasole,"Girasole,Sardinia,Italy",9053437,IT,Municipality,Active
9200922,Monte San Giovanni Campano,"Monte San Giovanni Campano,Lazio,Italy",9053431,IT,Municipality,Active
9200923,Tresivio,"Tresivio,Lombardy,Italy",9053433,IT,Municipality,Active
9200924,Apollosa,"Apollosa,Campania,Italy",9053428,IT,Municipality,Active
9200925,Biandrate,"Biandrate,Piedmont,Italy",9053436,IT,Municipality,Active
9200926,Borgorose,"Borgorose,Lazio,Italy",9053431,IT,Municipality,Active
9200927,Baiano,"Baiano,Campania,Italy",9053428,IT,Municipality,Active
9200928,Cuveglio,"Cuveglio,Lombardy,Italy",9053433,IT,Municipality,Active
9200929,Cassinelle,"Cassinelle,Piedmont,Italy",9053436,IT,Municipality,Active
9200930,Torrita di Siena,"Torrita di Siena,Tuscany,Italy",9053440,IT,Municipality,Active
9200931,Moncrivello,"Moncrivello,Piedmont,Italy",9053436,IT,Municipality,Active
9200932,Annone Veneto,"Annone Veneto,Veneto,Italy",9053442,IT,Municipality,Active
9200933,Castel di Casio,"Castel di Casio,Emilia-Romagna,Italy",9053429,IT,Municipality,Active
9200934,Gragnano,"Gragnano,Campania,Italy",9053428,IT,Municipality,Active
9200935,Terrassa Padovana,"Terrassa Padovana,Veneto,Italy",9053442,IT,Municipality,Active
9200936,Polpenazze del Garda,"Polpenazze del Garda,Lombardy,Italy",9053433,IT,Municipality,Active
9200937,Siderno,"Siderno,Calabria,Italy",9053427,IT,Municipality,Active
9200938,Dizzasco,"Dizzasco,Lombardy,Italy",9053433,IT,Municipality,Active
9200939,Asola,"Asola,Lombardy,Italy",9053433,IT,Municipality,Active
9200940,Ardea,"Ardea,Lazio,Italy",9053431,IT,Municipality,Active
9200941,Carnago,"Carnago,Lombardy,Italy",9053433,IT,Municipality,Active
9200942,Trana,"Trana,Piedmont,Italy",9053436,IT,Municipality,Active
9200943,Villanova Mondovi,"Villanova Mondovi,Piedmont,Italy",9053436,IT,Municipality,Active
9200944,Fiumalbo,"Fiumalbo,Emilia-Romagna,Italy",9053429,IT,Municipality,Active
9200945,Robecco Pavese,"Robecco Pavese,Lombardy,Italy",9053433,IT,Municipality,Active
9200946,Arvier,"Arvier,Aosta Valley,Italy",9053424,IT,Municipality,Active
9200947,Barasso,"Barasso,Lombardy,Italy",9053433,IT,Municipality,Active
9200948,Resia,"Resia,Friuli-Venezia Giulia,Italy",9053430,IT,Municipality,Active
9200949,Talamello,"Talamello,Emilia-Romagna,Italy",9053429,IT,Municipality,Active
9200950,Pietraperzia,"Pietraperzia,Sicily,Italy",9053438,IT,Municipality,Active
9200951,Veglie,"Veglie,Apulia,Italy",9053425,IT,Municipality,Active
9200952,Bellegra,"Bellegra,Lazio,Italy",9053431,IT,Municipality,Active
9200953,Altare,"Altare,Liguria,Italy",9053432,IT,Municipality,Active
9200954,San Buono,"San Buono,Abruzzo,Italy",9053423,IT,Municipality,Active
9200955,Gabiano,"Gabiano,Piedmont,Italy",9053436,IT,Municipality,Active
9200956,Mondaino,"Mondaino,Emilia-Romagna,Italy",9053429,IT,Municipality,Active
9200957,Foppolo,"Foppolo,Lombardy,Italy",9053433,IT,Municipality,Active
9200958,Barbara,"Barbara,Marche,Italy",9053434,IT,Municipality,Active
9200959,Corteolona e Genzone,"Corteolona e Genzone,Lombardy,Italy",9053433,IT,Municipality,Active
9200960,Serrastretta,"Serrastretta,Calabria,Italy",9053427,IT,Municipality,Active
9200961,Gairo,"Gairo,Sardinia,Italy",9053437,IT,Municipality,Active
9200962,Bisegna,"Bisegna,Abruzzo,Italy",9053423,IT,Municipality,Active
9200963,Moena,"Moena,Trentino-South Tyrol,Italy",9053439,IT,Municipality,Active
9200964,Cornale e Bastida,"Cornale e Bastida,Lombardy,Italy",9053433,IT,Municipality,Active
9200965,Casina,"Casina,Emilia-Romagna,Italy",9053429,IT,Municipality,Active
9200966,Torregrotta,"Torregrotta,Sicily,Italy",9053438,IT,Municipality,Active
9200967,Morrone del Sannio,"Morrone del Sannio,Molise,Italy",9053435,IT,Municipality,Active
9200968,Zelo Buon Persico,"Zelo Buon Persico,Lombardy,Italy",9053433,IT,Municipality,Active
9200969,Sarcedo,"Sarcedo,Veneto,Italy",9053442,IT,Municipality,Active
9200970,Calvanico,"Calvanico,Campania,Italy",9053428,IT,Municipality,Active
9200971,Lurate Caccivio,"Lurate Caccivio,Lombardy,Italy",9053433,IT,Municipality,Active
9200972,Sulmona,"Sulmona,Abruzzo,Italy",9053423,IT,Municipality,Active
9200973,Marano Vicentino,"Marano Vicentino,Veneto,Italy",9053442,IT,Municipality,Active
9200974,Ventasso,"Ventasso,Emilia-Romagna,Italy",9053429,IT,Municipality,Active
9200975,Fosdinovo,"Fosdinovo,Tuscany,Italy",9053440,IT,Municipality,Active
9200976,Alzano Lombardo,"Alzano Lombardo,Lombardy,Italy",9053433,IT,Municipality,Active
9200977,Travedona-Monate,"Travedona-Monate,Lombardy,Italy",9053433,IT,Municipality,Active
9200978,Cavenago di Brianza,"Cavenago di Brianza,Lombardy,Italy",9053433,IT,Municipality,Active
9200979,Stanghella,"Stanghella,Veneto,Italy",9053442,IT,Municipality,Active
9200980,Correggio,"Correggio,Emilia-Romagna,Italy",9053429,IT,Municipality,Active
9200981,Mesola,"Mesola,Emilia-Romagna,Italy",9053429,IT,Municipality,Active
9200982,Arborea,"Arborea,Sardinia,Italy",9053437,IT,Municipality,Active
9200983,Rivanazzano Terme,"Rivanazzano Terme,Lombardy,Italy",9053433,IT,Municipality,Active
9200984,Castell'Alfero,"Castell'Alfero,Piedmont,Italy",9053436,IT,Municipality,Active
9200985,Vernante,"Vernante,Piedmont,Italy",9053436,IT,Municipality,Active
9200986,Erba,"Erba,Lombardy,Italy",9053433,IT,Municipality,Active
9200987,Plodio,"Plodio,Liguria,Italy",9053432,IT,Municipality,Active
9200988,Bardi,"Bardi,Emilia-Romagna,Italy",9053429,IT,Municipality,Active
9200989,Valle Castellana,"Valle Castellana,Abruzzo,Italy",9053423,IT,Municipality,Active
9200990,Sassocorvaro Auditore,"Sassocorvaro Auditore,Marche,Italy",9053434,IT,Municipality,Active
9200991,Pincara,"Pincara,Veneto,Italy",9053442,IT,Municipality,Active
9200992,Locate di Triulzi,"Locate di Triulzi,Lombardy,Italy",9053433,IT,Municipality,Active
9200993,Idro,"Idro,Lombardy,Italy",9053433,IT,Municipality,Active
9200994,Verderio,"Verderio,Lombardy,Italy",9053433,IT,Municipality,Active
9200995,Cartosio,"Cartosio,Piedmont,Italy",9053436,IT,Municipality,Active
9200996,Calvignano,"Calvignano,Lombardy,Italy",9053433,IT,Municipality,Active
9200997,Bagnolo del Salento,"Bagnolo del Salento,Apulia,Italy",9053425,IT,Municipality,Active
9200998,San Mauro la Bruca,"San Mauro la Bruca,Campania,Italy",9053428,IT,Municipality,Active
9200999,Sava,"Sava,Apulia,Italy",9053425,IT,Municipality,Active
9201000,Rocca Canavese,"Rocca Canavese,Piedmont,Italy",9053436,IT,Municipality,Active
9201001,Torre Canavese,"Torre Canavese,Piedmont,Italy",9053436,IT,Municipality,Active
9201002,Aquileia,"Aquileia,Friuli-Venezia Giulia,Italy",9053430,IT,Municipality,Active
9201003,Corchiano,"Corchiano,Lazio,Italy",9053431,IT,Municipality,Active
9201004,Ponte in Valtellina,"Ponte in Valtellina,Lombardy,Italy",9053433,IT,Municipality,Active
9201005,Perletto,"Perletto,Piedmont,Italy",9053436,IT,Municipality,Active
9201006,Carcoforo,"Carcoforo,Piedmont,Italy",9053436,IT,Municipality,Active
9201007,Villasanta,"Villasanta,Lombardy,Italy",9053433,IT,Municipality,Active
9201008,Castelraimondo,"Castelraimondo,Marche,Italy",9053434,IT,Municipality,Active
9201009,Pontremoli,"Pontremoli,Tuscany,Italy",9053440,IT,Municipality,Active
9201010,Solarussa,"Solarussa,Sardinia,Italy",9053437,IT,Municipality,Active
9201011,Massa Lombarda,"Massa Lombarda,Emilia-Romagna,Italy",9053429,IT,Municipality,Active
9201012,Monte Porzio Catone,"Monte Porzio Catone,Lazio,Italy",9053431,IT,Municipality,Active
9201013,Gatteo,"Gatteo,Emilia-Romagna,Italy",9053429,IT,Municipality,Active
9201014,Castel Castagna,"Castel Castagna,Abruzzo,Italy",9053423,IT,Municipality,Active
9201015,Albidona,"Albidona,Calabria,Italy",9053427,IT,Municipality,Active
9201016,San Pietro Vernotico,"San Pietro Vernotico,Apulia,Italy",9053425,IT,Municipality,Active
9201017,Donnas,"Donnas,Aosta Valley,Italy",9053424,IT,Municipality,Active
9201018,Dolceacqua,"Dolceacqua,Liguria,Italy",9053432,IT,Municipality,Active
9201019,Lecce nei Marsi,"Lecce nei Marsi,Abruzzo,Italy",9053423,IT,Municipality,Active
9201020,Cermenate,"Cermenate,Lombardy,Italy",9053433,IT,Municipality,Active
9201021,Pandino,"Pandino,Lombardy,Italy",9053433,IT,Municipality,Active
9201022,Aprigliano,"Aprigliano,Calabria,Italy",9053427,IT,Municipality,Active
9201023,Lu e Cuccaro Monferrato,"Lu e Cuccaro Monferrato,Piedmont,Italy",9053436,IT,Municipality,Active
9201024,Castrocielo,"Castrocielo,Lazio,Italy",9053431,IT,Municipality,Active
9201025,Bosisio Parini,"Bosisio Parini,Lombardy,Italy",9053433,IT,Municipality,Active
9201026,Pozzolengo,"Pozzolengo,Lombardy,Italy",9053433,IT,Municipality,Active
9201027,Paduli,"Paduli,Campania,Italy",9053428,IT,Municipality,Active
9201028,Tredozio,"Tredozio,Emilia-Romagna,Italy",9053429,IT,Municipality,Active
9201029,Pianezza,"Pianezza,Piedmont,Italy",9053436,IT,Municipality,Active
9201030,Riomaggiore,"Riomaggiore,Liguria,Italy",9053432,IT,Municipality,Active
9201031,Scampitella,"Scampitella,Campania,Italy",9053428,IT,Municipality,Active
9201032,Villavallelonga,"Villavallelonga,Abruzzo,Italy",9053423,IT,Municipality,Active
9201033,Monteflavio,"Monteflavio,Lazio,Italy",9053431,IT,Municipality,Active
9201034,Castelverrino,"Castelverrino,Molise,Italy",9053435,IT,Municipality,Active
9201035,Lamporecchio,"Lamporecchio,Tuscany,Italy",9053440,IT,Municipality,Active
9201036,Pula,"Pula,Sardinia,Italy",9053437,IT,Municipality,Active
9201037,Rubiana,"Rubiana,Piedmont,Italy",9053436,IT,Municipality,Active
9201038,Borgo Mantovano,"Borgo Mantovano,Lombardy,Italy",9053433,IT,Municipality,Active
9201039,Ogliastro Cilento,"Ogliastro Cilento,Campania,Italy",9053428,IT,Municipality,Active
9201040,Piana di Monte Verna,"Piana di Monte Verna,Campania,Italy",9053428,IT,Municipality,Active
9201041,Viadana,"Viadana,Lombardy,Italy",9053433,IT,Municipality,Active
9201042,San Bartolomeo Val Cavargna,"San Bartolomeo Val Cavargna,Lombardy,Italy",9053433,IT,Municipality,Active
9201043,Carpineti,"Carpineti,Emilia-Romagna,Italy",9053429,IT,Municipality,Active
9201044,Monteroduni,"Monteroduni,Molise,Italy",9053435,IT,Municipality,Active
9201045,Frontino,"Frontino,Marche,Italy",9053434,IT,Municipality,Active
9201046,Montecopiolo,"Montecopiolo,Province of Rimini,Italy",20597,IT,Municipality,Active
9201047,Dozza,"Dozza,Emilia-Romagna,Italy",9053429,IT,Municipality,Active
9201048,Grotte,"Grotte,Sicily,Italy",9053438,IT,Municipality,Active
9201049,Tramonti di Sotto,"Tramonti di Sotto,Friuli-Venezia Giulia,Italy",9053430,IT,Municipality,Active
9201050,Stefanaconi,"Stefanaconi,Calabria,Italy",9053427,IT,Municipality,Active
9201051,Roccasecca,"Roccasecca,Lazio,Italy",9053431,IT,Municipality,Active
9201052,Condove,"Condove,Piedmont,Italy",9053436,IT,Municipality,Active
9201053,Santa Caterina d'Este,"Santa Caterina d'Este,Veneto,Italy",9053442,IT,Municipality,Active
9201054,Segni,"Segni,Lazio,Italy",9053431,IT,Municipality,Active
9201055,Chiavari,"Chiavari,Liguria,Italy",9053432,IT,Municipality,Active
9201056,Cenadi,"Cenadi,Calabria,Italy",9053427,IT,Municipality,Active
9201057,Vicenza,"Vicenza,Veneto,Italy",9053442,IT,Municipality,Active
9201058,Riccione,"Riccione,Emilia-Romagna,Italy",9053429,IT,Municipality,Active
9201059,Morciano di Leuca,"Morciano di Leuca,Apulia,Italy",9053425,IT,Municipality,Active
9201060,Pravisdomini,"Pravisdomini,Friuli-Venezia Giulia,Italy",9053430,IT,Municipality,Active
9201061,Bomarzo,"Bomarzo,Lazio,Italy",9053431,IT,Municipality,Active
9201062,Arta Terme,"Arta Terme,Friuli-Venezia Giulia,Italy",9053430,IT,Municipality,Active
9201063,Montalto Dora,"Montalto Dora,Piedmont,Italy",9053436,IT,Municipality,Active
9201064,Stregna,"Stregna,Friuli-Venezia Giulia,Italy",9053430,IT,Municipality,Active
9201065,Chambave,"Chambave,Aosta Valley,Italy",9053424,IT,Municipality,Active
9201066,Basico,"Basico,Sicily,Italy",9053438,IT,Municipality,Active
9201067,Valbrona,"Valbrona,Lombardy,Italy",9053433,IT,Municipality,Active
9201068,Atena Lucana,"Atena Lucana,Campania,Italy",9053428,IT,Municipality,Active
9201069,Francofonte,"Francofonte,Sicily,Italy",9053438,IT,Municipality,Active
9201070,Lanzo Torinese,"Lanzo Torinese,Piedmont,Italy",9053436,IT,Municipality,Active
9201071,Pedrengo,"Pedrengo,Lombardy,Italy",9053433,IT,Municipality,Active
9201072,Albavilla,"Albavilla,Lombardy,Italy",9053433,IT,Municipality,Active
9201073,Borno,"Borno,Lombardy,Italy",9053433,IT,Municipality,Active
9201074,Villanovaforru,"Villanovaforru,Sardinia,Italy",9053437,IT,Municipality,Active
9201075,Fabro,"Fabro,Umbria,Italy",9053441,IT,Municipality,Active
9201076,Colleretto Castelnuovo,"Colleretto Castelnuovo,Piedmont,Italy",9053436,IT,Municipality,Active
9201077,Torreglia,"Torreglia,Veneto,Italy",9053442,IT,Municipality,Active
9201078,Casalnuovo di Napoli,"Casalnuovo di Napoli,Campania,Italy",9053428,IT,Municipality,Active
9201079,Chieuti,"Chieuti,Apulia,Italy",9053425,IT,Municipality,Active
9201080,Oleggio,"Oleggio,Piedmont,Italy",9053436,IT,Municipality,Active
9201081,Castelbelforte,"Castelbelforte,Lombardy,Italy",9053433,IT,Municipality,Active
9201082,Torre San Patrizio,"Torre San Patrizio,Marche,Italy",9053434,IT,Municipality,Active
9201083,Casal di Principe,"Casal di Principe,Campania,Italy",9053428,IT,Municipality,Active
9201084,Belvedere Marittimo,"Belvedere Marittimo,Calabria,Italy",9053427,IT,Municipality,Active
9201085,Ruoti,"Ruoti,Basilicata,Italy",9053426,IT,Municipality,Active
9201086,Cinisello Balsamo,"Cinisello Balsamo,Lombardy,Italy",9053433,IT,Municipality,Active
9201087,San Lucido,"San Lucido,Calabria,Italy",9053427,IT,Municipality,Active
9201088,Lainate,"Lainate,Lombardy,Italy",9053433,IT,Municipality,Active
9201089,Pogliano Milanese,"Pogliano Milanese,Lombardy,Italy",9053433,IT,Municipality,Active
9201090,Occhiobello,"Occhiobello,Veneto,Italy",9053442,IT,Municipality,Active
9201091,Vallefoglia,"Vallefoglia,Marche,Italy",9053434,IT,Municipality,Active
9201092,Bodio Lomnago,"Bodio Lomnago,Lombardy,Italy",9053433,IT,Municipality,Active
9201093,Arenzano,"Arenzano,Liguria,Italy",9053432,IT,Municipality,Active
9201094,Ardara,"Ardara,Sardinia,Italy",9053437,IT,Municipality,Active
9201095,Villa Estense,"Villa Estense,Veneto,Italy",9053442,IT,Municipality,Active
9201096,Silanus,"Silanus,Sardinia,Italy",9053437,IT,Municipality,Active
9201097,Borbona,"Borbona,Lazio,Italy",9053431,IT,Municipality,Active
9201098,Gavignano,"Gavignano,Lazio,Italy",9053431,IT,Municipality,Active
9201099,Cortemaggiore,"Cortemaggiore,Emilia-Romagna,Italy",9053429,IT,Municipality,Active
9201100,Molina Aterno,"Molina Aterno,Abruzzo,Italy",9053423,IT,Municipality,Active
9201101,Sanzeno,"Sanzeno,Trentino-South Tyrol,Italy",9053439,IT,Municipality,Active
9201102,Porto Venere,"Porto Venere,Liguria,Italy",9053432,IT,Municipality,Active
9201103,Tovo di Sant'Agata,"Tovo di Sant'Agata,Lombardy,Italy",9053433,IT,Municipality,Active
9201104,Marsicovetere,"Marsicovetere,Basilicata,Italy",9053426,IT,Municipality,Active
9201105,Aragona,"Aragona,Sicily,Italy",9053438,IT,Municipality,Active
9201106,Loreo,"Loreo,Veneto,Italy",9053442,IT,Municipality,Active
9201107,Ponzano di Fermo,"Ponzano di Fermo,Marche,Italy",9053434,IT,Municipality,Active
9201108,San Cesario sul Panaro,"San Cesario sul Panaro,Emilia-Romagna,Italy",9053429,IT,Municipality,Active
9201109,Castel Sant'Elia,"Castel Sant'Elia,Lazio,Italy",9053431,IT,Municipality,Active
9201110,Monte di Procida,"Monte di Procida,Campania,Italy",9053428,IT,Municipality,Active
9201111,Rovereto,"Rovereto,Trentino-South Tyrol,Italy",9053439,IT,Municipality,Active
9201112,Tigliole,"Tigliole,Piedmont,Italy",9053436,IT,Municipality,Active
9201113,Sondrio,"Sondrio,Lombardy,Italy",9053433,IT,Municipality,Active
9201114,Carpenedolo,"Carpenedolo,Lombardy,Italy",9053433,IT,Municipality,Active
9201115,Montefortino,"Montefortino,Marche,Italy",9053434,IT,Municipality,Active
9201116,Gsies,"Gsies,Trentino-South Tyrol,Italy",9053439,IT,Municipality,Active
9201117,Casarano,"Casarano,Apulia,Italy",9053425,IT,Municipality,Active
9201118,Bruno,"Bruno,Piedmont,Italy",9053436,IT,Municipality,Active
9201119,Margherita di Savoia,"Margherita di Savoia,Apulia,Italy",9053425,IT,Municipality,Active
9201120,Moncestino,"Moncestino,Piedmont,Italy",9053436,IT,Municipality,Active
9201121,Genoa,"Genoa,Liguria,Italy",9053432,IT,Municipality,Active
9201122,Costa Valle Imagna,"Costa Valle Imagna,Lombardy,Italy",9053433,IT,Municipality,Active
9201123,Arpaia,"Arpaia,Campania,Italy",9053428,IT,Municipality,Active
9201124,Sarule,"Sarule,Sardinia,Italy",9053437,IT,Municipality,Active
9201125,Zaccanopoli,"Zaccanopoli,Calabria,Italy",9053427,IT,Municipality,Active
9201126,Palazzago,"Palazzago,Lombardy,Italy",9053433,IT,Municipality,Active
9201127,Aprica,"Aprica,Lombardy,Italy",9053433,IT,Municipality,Active
9201128,Paternopoli,"Paternopoli,Campania,Italy",9053428,IT,Municipality,Active
9201129,Burolo,"Burolo,Piedmont,Italy",9053436,IT,Municipality,Active
9201130,Prato Carnico,"Prato Carnico,Friuli-Venezia Giulia,Italy",9053430,IT,Municipality,Active
9201131,Montemaggiore Belsito,"Montemaggiore Belsito,Sicily,Italy",9053438,IT,Municipality,Active
9201132,Lula,"Lula,Sardinia,Italy",9053437,IT,Municipality,Active
9201133,Castel di Sasso,"Castel di Sasso,Campania,Italy",9053428,IT,Municipality,Active
9201134,Calatabiano,"Calatabiano,Sicily,Italy",9053438,IT,Municipality,Active
9201135,Teora,"Teora,Campania,Italy",9053428,IT,Municipality,Active
9201136,Montezemolo,"Montezemolo,Piedmont,Italy",9053436,IT,Municipality,Active
9201137,Eraclea,"Eraclea,Veneto,Italy",9053442,IT,Municipality,Active
9201138,Cantalice,"Cantalice,Lazio,Italy",9053431,IT,Municipality,Active
9201139,Brissogne,"Brissogne,Aosta Valley,Italy",9053424,IT,Municipality,Active
9201140,Bulzi,"Bulzi,Sardinia,Italy",9053437,IT,Municipality,Active
9201141,San Canzian d'Isonzo,"San Canzian d'Isonzo,Friuli-Venezia Giulia,Italy",9053430,IT,Municipality,Active
9201142,San Giovanni al Natisone,"San Giovanni al Natisone,Friuli-Venezia Giulia,Italy",9053430,IT,Municipality,Active
9201143,"Stella, Liguria","Stella, Liguria,Liguria,Italy",9053432,IT,Municipality,Active
9201144,Casirate d'Adda,"Casirate d'Adda,Lombardy,Italy",9053433,IT,Municipality,Active
9201145,San Lorenzo del Vallo,"San Lorenzo del Vallo,Calabria,Italy",9053427,IT,Municipality,Active
9201146,Corteno Golgi,"Corteno Golgi,Lombardy,Italy",9053433,IT,Municipality,Active
9201147,Poggiorsini,"Poggiorsini,Apulia,Italy",9053425,IT,Municipality,Active
9201148,Sant'Alessio in Aspromonte,"Sant'Alessio in Aspromonte,Calabria,Italy",9053427,IT,Municipality,Active
9201149,Pontecurone,"Pontecurone,Piedmont,Italy",9053436,IT,Municipality,Active
9201150,Vivaro,"Vivaro,Friuli-Venezia Giulia,Italy",9053430,IT,Municipality,Active
9201151,Villafrati,"Villafrati,Sicily,Italy",9053438,IT,Municipality,Active
9201152,Castelguglielmo,"Castelguglielmo,Veneto,Italy",9053442,IT,Municipality,Active
9201153,San Nazzaro Sesia,"San Nazzaro Sesia,Piedmont,Italy",9053436,IT,Municipality,Active
9201154,Ula Tirso,"Ula Tirso,Sardinia,Italy",9053437,IT,Municipality,Active
9201155,Mongrando,"Mongrando,Piedmont,Italy",9053436,IT,Municipality,Active
9201156,Medicina,"Medicina,Emilia-Romagna,Italy",9053429,IT,Municipality,Active
9201157,San Vincenzo La Costa,"San Vincenzo La Costa,Calabria,Italy",9053427,IT,Municipality,Active
9201158,Ubiale Clanezzo,"Ubiale Clanezzo,Lombardy,Italy",9053433,IT,Municipality,Active
9201159,Ginestra,"Ginestra,Basilicata,Italy",9053426,IT,Municipality,Active
9201160,Pescocostanzo,"Pescocostanzo,Abruzzo,Italy",9053423,IT,Municipality,Active
9201161,Isola di Fondra,"Isola di Fondra,Lombardy,Italy",9053433,IT,Municipality,Active
9201162,Teano,"Teano,Campania,Italy",9053428,IT,Municipality,Active
9201163,Nucetto,"Nucetto,Piedmont,Italy",9053436,IT,Municipality,Active
9201164,Montan an der Weinstrasse,"Montan an der Weinstrasse,Trentino-South Tyrol,Italy",9053439,IT,Municipality,Active
9201165,Mercenasco,"Mercenasco,Piedmont,Italy",9053436,IT,Municipality,Active
9201166,Motta de' Conti,"Motta de' Conti,Piedmont,Italy",9053436,IT,Municipality,Active
9201167,Lana,"Lana,Trentino-South Tyrol,Italy",9053439,IT,Municipality,Active
9201168,Clauzetto,"Clauzetto,Friuli-Venezia Giulia,Italy",9053430,IT,Municipality,Active
9201169,Boffalora d'Adda,"Boffalora d'Adda,Lombardy,Italy",9053433,IT,Municipality,Active
9201170,Aisone,"Aisone,Piedmont,Italy",9053436,IT,Municipality,Active
9201171,Bellinzago Novarese,"Bellinzago Novarese,Piedmont,Italy",9053436,IT,Municipality,Active
9201172,Sala Biellese,"Sala Biellese,Piedmont,Italy",9053436,IT,Municipality,Active
9201173,Musso,"Musso,Lombardy,Italy",9053433,IT,Municipality,Active
9201174,Cressa,"Cressa,Piedmont,Italy",9053436,IT,Municipality,Active
9201175,Tradate,"Tradate,Lombardy,Italy",9053433,IT,Municipality,Active
9201176,Aquino,"Aquino,Lazio,Italy",9053431,IT,Municipality,Active
9201177,Laerru,"Laerru,Sardinia,Italy",9053437,IT,Municipality,Active
9201178,Joppolo Giancaxio,"Joppolo Giancaxio,Sicily,Italy",9053438,IT,Municipality,Active
9201179,Porto Empedocle,"Porto Empedocle,Sicily,Italy",9053438,IT,Municipality,Active
9201180,Tramatza,"Tramatza,Sardinia,Italy",9053437,IT,Municipality,Active
9201181,Fratta Polesine,"Fratta Polesine,Veneto,Italy",9053442,IT,Municipality,Active
9201182,Vietri sul Mare,"Vietri sul Mare,Campania,Italy",9053428,IT,Municipality,Active
9201183,Falconara Marittima,"Falconara Marittima,Marche,Italy",9053434,IT,Municipality,Active
9201184,Alto Reno Terme,"Alto Reno Terme,Emilia-Romagna,Italy",9053429,IT,Municipality,Active
9201185,Gavi,"Gavi,Piedmont,Italy",9053436,IT,Municipality,Active
9201186,Abriola,"Abriola,Basilicata,Italy",9053426,IT,Municipality,Active
9201187,Cerzeto,"Cerzeto,Calabria,Italy",9053427,IT,Municipality,Active
9201188,Deutschnofen,"Deutschnofen,Trentino-South Tyrol,Italy",9053439,IT,Municipality,Active
9201189,Uta,"Uta,Sardinia,Italy",9053437,IT,Municipality,Active
9201190,Aversa,"Aversa,Campania,Italy",9053428,IT,Municipality,Active
9201191,Selargius,"Selargius,Sardinia,Italy",9053437,IT,Municipality,Active
9201192,Reino,"Reino,Campania,Italy",9053428,IT,Municipality,Active
9201193,Melegnano,"Melegnano,Lombardy,Italy",9053433,IT,Municipality,Active
9201194,Sovere,"Sovere,Lombardy,Italy",9053433,IT,Municipality,Active
9201195,Calvi Risorta,"Calvi Risorta,Campania,Italy",9053428,IT,Municipality,Active
9201196,Longhena,"Longhena,Lombardy,Italy",9053433,IT,Municipality,Active
9201197,Tramonti,"Tramonti,Campania,Italy",9053428,IT,Municipality,Active
9201198,Forli del Sannio,"Forli del Sannio,Molise,Italy",9053435,IT,Municipality,Active
9201199,Bienno,"Bienno,Lombardy,Italy",9053433,IT,Municipality,Active
9201200,Numana,"Numana,Marche,Italy",9053434,IT,Municipality,Active
9201201,Besana in Brianza,"Besana in Brianza,Lombardy,Italy",9053433,IT,Municipality,Active
9201202,Villadeati,"Villadeati,Piedmont,Italy",9053436,IT,Municipality,Active
9201203,Nardodipace,"Nardodipace,Calabria,Italy",9053427,IT,Municipality,Active
9201204,Vejano,"Vejano,Lazio,Italy",9053431,IT,Municipality,Active
9201205,Campofranco,"Campofranco,Sicily,Italy",9053438,IT,Municipality,Active
9201206,Trasquera,"Trasquera,Piedmont,Italy",9053436,IT,Municipality,Active
9201207,Canicattini Bagni,"Canicattini Bagni,Sicily,Italy",9053438,IT,Municipality,Active
9201208,Scano di Montiferro,"Scano di Montiferro,Sardinia,Italy",9053437,IT,Municipality,Active
9201209,Rocchetta Ligure,"Rocchetta Ligure,Piedmont,Italy",9053436,IT,Municipality,Active
9201210,Olgiate Olona,"Olgiate Olona,Lombardy,Italy",9053433,IT,Municipality,Active
9201211,Sala Monferrato,"Sala Monferrato,Piedmont,Italy",9053436,IT,Municipality,Active
9201212,Cittaducale,"Cittaducale,Lazio,Italy",9053431,IT,Municipality,Active
9201213,Corsano,"Corsano,Apulia,Italy",9053425,IT,Municipality,Active
9201214,Cassano Spinola,"Cassano Spinola,Piedmont,Italy",9053436,IT,Municipality,Active
9201215,Treviso Bresciano,"Treviso Bresciano,Lombardy,Italy",9053433,IT,Municipality,Active
9201216,Pont-Canavese,"Pont-Canavese,Piedmont,Italy",9053436,IT,Municipality,Active
9201217,Montebuono,"Montebuono,Lazio,Italy",9053431,IT,Municipality,Active
9201218,Teglio,"Teglio,Lombardy,Italy",9053433,IT,Municipality,Active
9201219,Pianella,"Pianella,Abruzzo,Italy",9053423,IT,Municipality,Active
9201220,Barbianello,"Barbianello,Lombardy,Italy",9053433,IT,Municipality,Active
9201221,Ospedaletto Lodigiano,"Ospedaletto Lodigiano,Lombardy,Italy",9053433,IT,Municipality,Active
9201222,Caino,"Caino,Lombardy,Italy",9053433,IT,Municipality,Active
9201223,Ronchi Valsugana,"Ronchi Valsugana,Trentino-South Tyrol,Italy",9053439,IT,Municipality,Active
9201224,Sardigliano,"Sardigliano,Piedmont,Italy",9053436,IT,Municipality,Active
9201225,Bientina,"Bientina,Tuscany,Italy",9053440,IT,Municipality,Active
9201226,Bianzone,"Bianzone,Lombardy,Italy",9053433,IT,Municipality,Active
9201227,Monasterolo del Castello,"Monasterolo del Castello,Lombardy,Italy",9053433,IT,Municipality,Active
9201228,Battipaglia,"Battipaglia,Campania,Italy",9053428,IT,Municipality,Active
9201229,Pratovecchio Stia,"Pratovecchio Stia,Tuscany,Italy",9053440,IT,Municipality,Active
9201230,Gressan,"Gressan,Aosta Valley,Italy",9053424,IT,Municipality,Active
9201231,Cefalu,"Cefalu,Sicily,Italy",9053438,IT,Municipality,Active
9201232,Pozzomaggiore,"Pozzomaggiore,Sardinia,Italy",9053437,IT,Municipality,Active
9201233,Pedivigliano,"Pedivigliano,Calabria,Italy",9053427,IT,Municipality,Active
9201234,Castelnuovo Rangone,"Castelnuovo Rangone,Emilia-Romagna,Italy",9053429,IT,Municipality,Active
9201235,Greccio,"Greccio,Lazio,Italy",9053431,IT,Municipality,Active
9201236,Capriglio,"Capriglio,Piedmont,Italy",9053436,IT,Municipality,Active
9201237,San Clemente,"San Clemente,Emilia-Romagna,Italy",9053429,IT,Municipality,Active
9201238,Cassano Irpino,"Cassano Irpino,Campania,Italy",9053428,IT,Municipality,Active
9201239,Montaldo Scarampi,"Montaldo Scarampi,Piedmont,Italy",9053436,IT,Municipality,Active
9201240,Santa Croce sull'Arno,"Santa Croce sull'Arno,Tuscany,Italy",9053440,IT,Municipality,Active
9201241,Bucciano,"Bucciano,Campania,Italy",9053428,IT,Municipality,Active
9201242,Pompei,"Pompei,Campania,Italy",9053428,IT,Municipality,Active
9201243,Cilavegna,"Cilavegna,Lombardy,Italy",9053433,IT,Municipality,Active
9201244,Castiglione Messer Raimondo,"Castiglione Messer Raimondo,Abruzzo,Italy",9053423,IT,Municipality,Active
9201245,Ottaviano,"Ottaviano,Campania,Italy",9053428,IT,Municipality,Active
9201246,Borgo Valsugana,"Borgo Valsugana,Trentino-South Tyrol,Italy",9053439,IT,Municipality,Active
9201247,Murlo,"Murlo,Tuscany,Italy",9053440,IT,Municipality,Active
9201248,Barisciano,"Barisciano,Abruzzo,Italy",9053423,IT,Municipality,Active
9201249,Volterra,"Volterra,Tuscany,Italy",9053440,IT,Municipality,Active
9201250,Cerano d'Intelvi,"Cerano d'Intelvi,Lombardy,Italy",9053433,IT,Municipality,Active
9201251,Oliena,"Oliena,Sardinia,Italy",9053437,IT,Municipality,Active
9201252,Biancavilla,"Biancavilla,Sicily,Italy",9053438,IT,Municipality,Active
9201253,Osini,"Osini,Sardinia,Italy",9053437,IT,Municipality,Active
9201254,Rosarno,"Rosarno,Calabria,Italy",9053427,IT,Municipality,Active
9201255,San Benedetto dei Marsi,"San Benedetto dei Marsi,Abruzzo,Italy",9053423,IT,Municipality,Active
9201256,Ranica,"Ranica,Lombardy,Italy",9053433,IT,Municipality,Active
9201257,Montelparo,"Montelparo,Marche,Italy",9053434,IT,Municipality,Active
9201258,Bard,"Bard,Aosta Valley,Italy",9053424,IT,Municipality,Active
9201259,Samo,"Samo,Calabria,Italy",9053427,IT,Municipality,Active
9201260,Nurachi,"Nurachi,Sardinia,Italy",9053437,IT,Municipality,Active
9201261,Moliterno,"Moliterno,Basilicata,Italy",9053426,IT,Municipality,Active
9201262,Colonno,"Colonno,Lombardy,Italy",9053433,IT,Municipality,Active
9201263,Ceccano,"Ceccano,Lazio,Italy",9053431,IT,Municipality,Active
9201264,Rotondi,"Rotondi,Campania,Italy",9053428,IT,Municipality,Active
9201265,Pretoro,"Pretoro,Abruzzo,Italy",9053423,IT,Municipality,Active
9201266,Torrevecchia Teatina,"Torrevecchia Teatina,Abruzzo,Italy",9053423,IT,Municipality,Active
9201267,Campiglia Marittima,"Campiglia Marittima,Tuscany,Italy",9053440,IT,Municipality,Active
9201268,Frassilongo,"Frassilongo,Trentino-South Tyrol,Italy",9053439,IT,Municipality,Active
9201269,Campolongo Tapogliano,"Campolongo Tapogliano,Friuli-Venezia Giulia,Italy",9053430,IT,Municipality,Active
9201270,Quadrelle,"Quadrelle,Campania,Italy",9053428,IT,Municipality,Active
9201271,Pinzano al Tagliamento,"Pinzano al Tagliamento,Friuli-Venezia Giulia,Italy",9053430,IT,Municipality,Active
9201272,San Pietro Mussolino,"San Pietro Mussolino,Veneto,Italy",9053442,IT,Municipality,Active
9201273,Lanuvio,"Lanuvio,Lazio,Italy",9053431,IT,Municipality,Active
9201274,San Vincenzo,"San Vincenzo,Tuscany,Italy",9053440,IT,Municipality,Active
9201275,Pradalunga,"Pradalunga,Lombardy,Italy",9053433,IT,Municipality,Active
9201276,Fiorenzuola d'Arda,"Fiorenzuola d'Arda,Emilia-Romagna,Italy",9053429,IT,Municipality,Active
9201277,Lipari,"Lipari,Sicily,Italy",9053438,IT,Municipality,Active
9201278,Faggeto Lario,"Faggeto Lario,Lombardy,Italy",9053433,IT,Municipality,Active
9201279,San Potito Ultra,"San Potito Ultra,Campania,Italy",9053428,IT,Municipality,Active
9201280,Campo San Martino,"Campo San Martino,Veneto,Italy",9053442,IT,Municipality,Active
9201281,Vazzola,"Vazzola,Veneto,Italy",9053442,IT,Municipality,Active
9201282,Castel del Giudice,"Castel del Giudice,Molise,Italy",9053435,IT,Municipality,Active
9201283,Monte Vidon Combatte,"Monte Vidon Combatte,Marche,Italy",9053434,IT,Municipality,Active
9201284,Oncino,"Oncino,Piedmont,Italy",9053436,IT,Municipality,Active
9201285,Cropani,"Cropani,Calabria,Italy",9053427,IT,Municipality,Active
9201286,Casalbore,"Casalbore,Campania,Italy",9053428,IT,Municipality,Active
9201287,Sessa Cilento,"Sessa Cilento,Campania,Italy",9053428,IT,Municipality,Active
9201288,Magreglio,"Magreglio,Lombardy,Italy",9053433,IT,Municipality,Active
9201289,Pozzuolo del Friuli,"Pozzuolo del Friuli,Friuli-Venezia Giulia,Italy",9053430,IT,Municipality,Active
9201290,Agropoli,"Agropoli,Campania,Italy",9053428,IT,Municipality,Active
9201291,Palmariggi,"Palmariggi,Apulia,Italy",9053425,IT,Municipality,Active
9201292,Poggiofiorito,"Poggiofiorito,Abruzzo,Italy",9053423,IT,Municipality,Active
9201293,Mariglianella,"Mariglianella,Campania,Italy",9053428,IT,Municipality,Active
9201294,Sant'Angelo di Piove di Sacco,"Sant'Angelo di Piove di Sacco,Veneto,Italy",9053442,IT,Municipality,Active
9201295,Fara Olivana con Sola,"Fara Olivana con Sola,Lombardy,Italy",9053433,IT,Municipality,Active
9201296,Uras,"Uras,Sardinia,Italy",9053437,IT,Municipality,Active
9201297,Cavallino-Treporti,"Cavallino-Treporti,Veneto,Italy",9053442,IT,Municipality,Active
9201298,Pietra de' Giorgi,"Pietra de' Giorgi,Lombardy,Italy",9053433,IT,Municipality,Active
9201299,Patrica,"Patrica,Lazio,Italy",9053431,IT,Municipality,Active
9201300,Fara Filiorum Petri,"Fara Filiorum Petri,Abruzzo,Italy",9053423,IT,Municipality,Active
9201301,Santo Stefano di Sessanio,"Santo Stefano di Sessanio,Abruzzo,Italy",9053423,IT,Municipality,Active
9201302,Bottanuco,"Bottanuco,Lombardy,Italy",9053433,IT,Municipality,Active
9201303,Settala,"Settala,Lombardy,Italy",9053433,IT,Municipality,Active
9201304,Villa di Briano,"Villa di Briano,Campania,Italy",9053428,IT,Municipality,Active
9201305,Crespino,"Crespino,Veneto,Italy",9053442,IT,Municipality,Active
9201306,Grosotto,"Grosotto,Lombardy,Italy",9053433,IT,Municipality,Active
9201307,San Paolo d'Argon,"San Paolo d'Argon,Lombardy,Italy",9053433,IT,Municipality,Active
9201308,Prela,"Prela,Liguria,Italy",9053432,IT,Municipality,Active
9201309,Rottofreno,"Rottofreno,Emilia-Romagna,Italy",9053429,IT,Municipality,Active
9201310,Valsolda,"Valsolda,Lombardy,Italy",9053433,IT,Municipality,Active
9201311,Accumoli,"Accumoli,Lazio,Italy",9053431,IT,Municipality,Active
9201312,Caloveto,"Caloveto,Calabria,Italy",9053427,IT,Municipality,Active
9201313,Manta,"Manta,Piedmont,Italy",9053436,IT,Municipality,Active
9201314,Ranzo,"Ranzo,Liguria,Italy",9053432,IT,Municipality,Active
9201315,Badesi,"Badesi,Sardinia,Italy",9053437,IT,Municipality,Active
9201316,Magomadas,"Magomadas,Sardinia,Italy",9053437,IT,Municipality,Active
9201317,Boscotrecase,"Boscotrecase,Campania,Italy",9053428,IT,Municipality,Active
9201318,Candela,"Candela,Apulia,Italy",9053425,IT,Municipality,Active
9201319,Bertonico,"Bertonico,Lombardy,Italy",9053433,IT,Municipality,Active
9201320,San Mauro Marchesato,"San Mauro Marchesato,Calabria,Italy",9053427,IT,Municipality,Active
9201321,Kiens,"Kiens,Trentino-South Tyrol,Italy",9053439,IT,Municipality,Active
9201322,Castel Baronia,"Castel Baronia,Campania,Italy",9053428,IT,Municipality,Active
9201323,Cingia de' Botti,"Cingia de' Botti,Lombardy,Italy",9053433,IT,Municipality,Active
9201324,Colli sul Velino,"Colli sul Velino,Lazio,Italy",9053431,IT,Municipality,Active
9201325,Livorno,"Livorno,Tuscany,Italy",9053440,IT,Municipality,Active
9201326,Castelleone,"Castelleone,Lombardy,Italy",9053433,IT,Municipality,Active
9201327,Cassine,"Cassine,Piedmont,Italy",9053436,IT,Municipality,Active
9201328,Villaromagnano,"Villaromagnano,Piedmont,Italy",9053436,IT,Municipality,Active
9201329,Fonteno,"Fonteno,Lombardy,Italy",9053433,IT,Municipality,Active
9201330,Anguillara Veneta,"Anguillara Veneta,Veneto,Italy",9053442,IT,Municipality,Active
9201331,Pellegrino Parmense,"Pellegrino Parmense,Emilia-Romagna,Italy",9053429,IT,Municipality,Active
9201332,Santo Stefano di Cadore,"Santo Stefano di Cadore,Veneto,Italy",9053442,IT,Municipality,Active
9201333,Valvarrone,"Valvarrone,Lombardy,Italy",9053433,IT,Municipality,Active
9201334,Invorio,"Invorio,Piedmont,Italy",9053436,IT,Municipality,Active
9201335,Massignano,"Massignano,Marche,Italy",9053434,IT,Municipality,Active
9201336,Macerata Feltria,"Macerata Feltria,Marche,Italy",9053434,IT,Municipality,Active
9201337,Castello di Brianza,"Castello di Brianza,Lombardy,Italy",9053433,IT,Municipality,Active
9201338,Trinita d'Agultu e Vignola,"Trinita d'Agultu e Vignola,Sardinia,Italy",9053437,IT,Municipality,Active
9201339,San Teodoro,"San Teodoro,Sicily,Italy",9053438,IT,Municipality,Active
9201340,Paderno Franciacorta,"Paderno Franciacorta,Lombardy,Italy",9053433,IT,Municipality,Active
9201341,Terranova Sappo Minulio,"Terranova Sappo Minulio,Calabria,Italy",9053427,IT,Municipality,Active
9201342,Orciano Pisano,"Orciano Pisano,Tuscany,Italy",9053440,IT,Municipality,Active
9201343,Quattro Castella,"Quattro Castella,Emilia-Romagna,Italy",9053429,IT,Municipality,Active
9201344,Gorlago,"Gorlago,Lombardy,Italy",9053433,IT,Municipality,Active
9201345,Olmo al Brembo,"Olmo al Brembo,Lombardy,Italy",9053433,IT,Municipality,Active
9201346,Limido Comasco,"Limido Comasco,Lombardy,Italy",9053433,IT,Municipality,Active
9201347,Gazzo,"Gazzo,Veneto,Italy",9053442,IT,Municipality,Active
9201348,Rocca di Botte,"Rocca di Botte,Abruzzo,Italy",9053423,IT,Municipality,Active
9201349,San Pietro Mosezzo,"San Pietro Mosezzo,Piedmont,Italy",9053436,IT,Municipality,Active
9201350,Monguzzo,"Monguzzo,Lombardy,Italy",9053433,IT,Municipality,Active
9201351,Magasa,"Magasa,Lombardy,Italy",9053433,IT,Municipality,Active
9201352,Niella Belbo,"Niella Belbo,Piedmont,Italy",9053436,IT,Municipality,Active
9201353,Sparone,"Sparone,Piedmont,Italy",9053436,IT,Municipality,Active
9201354,Assoro,"Assoro,Sicily,Italy",9053438,IT,Municipality,Active
9201355,Tornolo,"Tornolo,Emilia-Romagna,Italy",9053429,IT,Municipality,Active
9201356,Gavardo,"Gavardo,Lombardy,Italy",9053433,IT,Municipality,Active
9201357,Guardiagrele,"Guardiagrele,Abruzzo,Italy",9053423,IT,Municipality,Active
9201358,Corana,"Corana,Lombardy,Italy",9053433,IT,Municipality,Active
9201359,Scandale,"Scandale,Calabria,Italy",9053427,IT,Municipality,Active
9201360,Monte San Biagio,"Monte San Biagio,Lazio,Italy",9053431,IT,Municipality,Active
9201361,Carlentini,"Carlentini,Sicily,Italy",9053438,IT,Municipality,Active
9201362,Civitanova del Sannio,"Civitanova del Sannio,Molise,Italy",9053435,IT,Municipality,Active
9201363,Lequio Berria,"Lequio Berria,Piedmont,Italy",9053436,IT,Municipality,Active
9201364,Gioia Tauro,"Gioia Tauro,Calabria,Italy",9053427,IT,Municipality,Active
9201365,Sant'Agata de' Goti,"Sant'Agata de' Goti,Campania,Italy",9053428,IT,Municipality,Active
9201366,Giulianova,"Giulianova,Abruzzo,Italy",9053423,IT,Municipality,Active
9201367,Cassano AllâIonio,"Cassano AllâIonio,Calabria,Italy",9053427,IT,Municipality,Active
9201368,Ronco all'Adige,"Ronco all'Adige,Veneto,Italy",9053442,IT,Municipality,Active
9201369,Cologno Monzese,"Cologno Monzese,Lombardy,Italy",9053433,IT,Municipality,Active
9201370,Solto Collina,"Solto Collina,Lombardy,Italy",9053433,IT,Municipality,Active
9201371,Saliceto,"Saliceto,Piedmont,Italy",9053436,IT,Municipality,Active
9201372,Pamparato,"Pamparato,Piedmont,Italy",9053436,IT,Municipality,Active
9201373,Schnals,"Schnals,Trentino-South Tyrol,Italy",9053439,IT,Municipality,Active
9201374,Villanova del Ghebbo,"Villanova del Ghebbo,Veneto,Italy",9053442,IT,Municipality,Active
9201375,Scalea,"Scalea,Calabria,Italy",9053427,IT,Municipality,Active
9201376,Giardini Naxos,"Giardini Naxos,Sicily,Italy",9053438,IT,Municipality,Active
9201377,Collalto Sabino,"Collalto Sabino,Lazio,Italy",9053431,IT,Municipality,Active
9201378,Francavilla Angitola,"Francavilla Angitola,Calabria,Italy",9053427,IT,Municipality,Active
9201379,Schignano,"Schignano,Lombardy,Italy",9053433,IT,Municipality,Active
9201380,Bonate Sotto,"Bonate Sotto,Lombardy,Italy",9053433,IT,Municipality,Active
9201381,Tertenia,"Tertenia,Sardinia,Italy",9053437,IT,Municipality,Active
9201382,Lama dei Peligni,"Lama dei Peligni,Abruzzo,Italy",9053423,IT,Municipality,Active
9201383,Roccafluvione,"Roccafluvione,Marche,Italy",9053434,IT,Municipality,Active
9201384,Avetrana,"Avetrana,Apulia,Italy",9053425,IT,Municipality,Active
9201385,Antonimina,"Antonimina,Calabria,Italy",9053427,IT,Municipality,Active
9201386,Castelnuovo Nigra,"Castelnuovo Nigra,Piedmont,Italy",9053436,IT,Municipality,Active
9201387,Mattinata,"Mattinata,Apulia,Italy",9053425,IT,Municipality,Active
9201388,Patu,"Patu,Apulia,Italy",9053425,IT,Municipality,Active
9201389,San Biagio di Callalta,"San Biagio di Callalta,Veneto,Italy",9053442,IT,Municipality,Active
9201390,Muro Lucano,"Muro Lucano,Basilicata,Italy",9053426,IT,Municipality,Active
9201391,Monterotondo Marittimo,"Monterotondo Marittimo,Tuscany,Italy",9053440,IT,Municipality,Active
9201392,Ficarazzi,"Ficarazzi,Sicily,Italy",9053438,IT,Municipality,Active
9201393,Cantoira,"Cantoira,Piedmont,Italy",9053436,IT,Municipality,Active
9201394,San Vitaliano,"San Vitaliano,Campania,Italy",9053428,IT,Municipality,Active
9201395,Torre d'Isola,"Torre d'Isola,Lombardy,Italy",9053433,IT,Municipality,Active
9201396,Cimolais,"Cimolais,Friuli-Venezia Giulia,Italy",9053430,IT,Municipality,Active
9201397,Toffia,"Toffia,Lazio,Italy",9053431,IT,Municipality,Active
9201398,Albano Sant'Alessandro,"Albano Sant'Alessandro,Lombardy,Italy",9053433,IT,Municipality,Active
9201399,Saludecio,"Saludecio,Emilia-Romagna,Italy",9053429,IT,Municipality,Active
9201400,Pieve Tesino,"Pieve Tesino,Trentino-South Tyrol,Italy",9053439,IT,Municipality,Active
9201401,Castiglione Olona,"Castiglione Olona,Lombardy,Italy",9053433,IT,Municipality,Active
9201402,Villa di Serio,"Villa di Serio,Lombardy,Italy",9053433,IT,Municipality,Active
9201403,Charvensod,"Charvensod,Aosta Valley,Italy",9053424,IT,Municipality,Active
9201404,Sant'Agata del Bianco,"Sant'Agata del Bianco,Calabria,Italy",9053427,IT,Municipality,Active
9201405,Pentone,"Pentone,Calabria,Italy",9053427,IT,Municipality,Active
9201406,Soriano nel Cimino,"Soriano nel Cimino,Lazio,Italy",9053431,IT,Municipality,Active
9201407,Nichelino,"Nichelino,Piedmont,Italy",9053436,IT,Municipality,Active
9201408,Formia,"Formia,Lazio,Italy",9053431,IT,Municipality,Active
9201409,Roverchiara,"Roverchiara,Veneto,Italy",9053442,IT,Municipality,Active
9201410,Forni di Sopra,"Forni di Sopra,Friuli-Venezia Giulia,Italy",9053430,IT,Municipality,Active
9201411,Envie,"Envie,Piedmont,Italy",9053436,IT,Municipality,Active
9201412,Vistarino,"Vistarino,Lombardy,Italy",9053433,IT,Municipality,Active
9201413,Sant'Antonio di Gallura,"Sant'Antonio di Gallura,Sardinia,Italy",9053437,IT,Municipality,Active
9201414,Motta Santa Lucia,"Motta Santa Lucia,Calabria,Italy",9053427,IT,Municipality,Active
9201415,Parodi Ligure,"Parodi Ligure,Piedmont,Italy",9053436,IT,Municipality,Active
9201416,Montemesola,"Montemesola,Apulia,Italy",9053425,IT,Municipality,Active
9201417,Castelli,"Castelli,Abruzzo,Italy",9053423,IT,Municipality,Active
9201418,Velletri,"Velletri,Lazio,Italy",9053431,IT,Municipality,Active
9201419,Francavilla di Sicilia,"Francavilla di Sicilia,Sicily,Italy",9053438,IT,Municipality,Active
9201420,Corleone,"Corleone,Sicily,Italy",9053438,IT,Municipality,Active
9201421,Gorgoglione,"Gorgoglione,Basilicata,Italy",9053426,IT,Municipality,Active
9201422,Petrella Tifernina,"Petrella Tifernina,Molise,Italy",9053435,IT,Municipality,Active
9201423,Pombia,"Pombia,Piedmont,Italy",9053436,IT,Municipality,Active
9201424,Bolognetta,"Bolognetta,Sicily,Italy",9053438,IT,Municipality,Active
9201425,Sarzana,"Sarzana,Liguria,Italy",9053432,IT,Municipality,Active
9201426,Robella,"Robella,Piedmont,Italy",9053436,IT,Municipality,Active
9201427,Foza,"Foza,Veneto,Italy",9053442,IT,Municipality,Active
9201428,Lograto,"Lograto,Lombardy,Italy",9053433,IT,Municipality,Active
9201429,Rossa,"Rossa,Piedmont,Italy",9053436,IT,Municipality,Active
9201430,Roccalumera,"Roccalumera,Sicily,Italy",9053438,IT,Municipality,Active
9201431,Buonconvento,"Buonconvento,Tuscany,Italy",9053440,IT,Municipality,Active
9201432,Tolmezzo,"Tolmezzo,Friuli-Venezia Giulia,Italy",9053430,IT,Municipality,Active
9201433,Serrata,"Serrata,Calabria,Italy",9053427,IT,Municipality,Active
9201434,Laterina Pergine Valdarno,"Laterina Pergine Valdarno,Tuscany,Italy",9053440,IT,Municipality,Active
9201435,Riva presso Chieri,"Riva presso Chieri,Piedmont,Italy",9053436,IT,Municipality,Active
9201436,Sassetta,"Sassetta,Tuscany,Italy",9053440,IT,Municipality,Active
9201437,Ferrara,"Ferrara,Emilia-Romagna,Italy",9053429,IT,Municipality,Active
9201438,Sauris,"Sauris,Friuli-Venezia Giulia,Italy",9053430,IT,Municipality,Active
9201439,Secli,"Secli,Apulia,Italy",9053425,IT,Municipality,Active
9201440,Barberino Tavarnelle,"Barberino Tavarnelle,Tuscany,Italy",9053440,IT,Municipality,Active
9201441,Cercepiccola,"Cercepiccola,Molise,Italy",9053435,IT,Municipality,Active
9201442,Pignola,"Pignola,Basilicata,Italy",9053426,IT,Municipality,Active
9201443,Calasetta,"Calasetta,Sardinia,Italy",9053437,IT,Municipality,Active
9201444,Castelcivita,"Castelcivita,Campania,Italy",9053428,IT,Municipality,Active
9201445,Sanremo,"Sanremo,Liguria,Italy",9053432,IT,Municipality,Active
9201446,Pianfei,"Pianfei,Piedmont,Italy",9053436,IT,Municipality,Active
9201447,Roppolo,"Roppolo,Piedmont,Italy",9053436,IT,Municipality,Active
9201448,Capriglia Irpina,"Capriglia Irpina,Campania,Italy",9053428,IT,Municipality,Active
9201449,Alvignano,"Alvignano,Campania,Italy",9053428,IT,Municipality,Active
9201450,Marcallo con Casone,"Marcallo con Casone,Lombardy,Italy",9053433,IT,Municipality,Active
9201451,Canistro,"Canistro,Abruzzo,Italy",9053423,IT,Municipality,Active
9201452,Roncobello,"Roncobello,Lombardy,Italy",9053433,IT,Municipality,Active
9201453,Villa di Chiavenna,"Villa di Chiavenna,Lombardy,Italy",9053433,IT,Municipality,Active
9201454,Torreano,"Torreano,Friuli-Venezia Giulia,Italy",9053430,IT,Municipality,Active
9201455,Sternatia,"Sternatia,Apulia,Italy",9053425,IT,Municipality,Active
9201456,Bieno,"Bieno,Trentino-South Tyrol,Italy",9053439,IT,Municipality,Active
9201457,Orani,"Orani,Sardinia,Italy",9053437,IT,Municipality,Active
9201458,Campello sul Clitunno,"Campello sul Clitunno,Umbria,Italy",9053441,IT,Municipality,Active
9201459,Albiano,"Albiano,Trentino-South Tyrol,Italy",9053439,IT,Municipality,Active
9201460,Nove,"Nove,Veneto,Italy",9053442,IT,Municipality,Active
9201461,Roccavaldina,"Roccavaldina,Sicily,Italy",9053438,IT,Municipality,Active
9201462,Castagnole Monferrato,"Castagnole Monferrato,Piedmont,Italy",9053436,IT,Municipality,Active
9201463,Avise,"Avise,Aosta Valley,Italy",9053424,IT,Municipality,Active
9201464,Vaglio Serra,"Vaglio Serra,Piedmont,Italy",9053436,IT,Municipality,Active
9201465,Pastena,"Pastena,Lazio,Italy",9053431,IT,Municipality,Active
9201466,Fonte Nuova,"Fonte Nuova,Lazio,Italy",9053431,IT,Municipality,Active
9201467,Ravarino,"Ravarino,Emilia-Romagna,Italy",9053429,IT,Municipality,Active
9201468,Monterenzio,"Monterenzio,Emilia-Romagna,Italy",9053429,IT,Municipality,Active
9201469,Partanna,"Partanna,Sicily,Italy",9053438,IT,Municipality,Active
9201470,Ficarolo,"Ficarolo,Veneto,Italy",9053442,IT,Municipality,Active
9201471,Sora,"Sora,Lazio,Italy",9053431,IT,Municipality,Active
9201472,Meldola,"Meldola,Emilia-Romagna,Italy",9053429,IT,Municipality,Active
9201473,Chiuppano,"Chiuppano,Veneto,Italy",9053442,IT,Municipality,Active
9201474,Cremia,"Cremia,Lombardy,Italy",9053433,IT,Municipality,Active
9201475,San Giorgio a Liri,"San Giorgio a Liri,Lazio,Italy",9053431,IT,Municipality,Active
9201476,Camini,"Camini,Calabria,Italy",9053427,IT,Municipality,Active
9201477,Terme Vigliatore,"Terme Vigliatore,Sicily,Italy",9053438,IT,Municipality,Active
9201478,Chiomonte,"Chiomonte,Piedmont,Italy",9053436,IT,Municipality,Active
9201479,Tignale,"Tignale,Lombardy,Italy",9053433,IT,Municipality,Active
9201480,Albignasego,"Albignasego,Veneto,Italy",9053442,IT,Municipality,Active
9201481,Sequals,"Sequals,Friuli-Venezia Giulia,Italy",9053430,IT,Municipality,Active
9201482,Pontenure,"Pontenure,Emilia-Romagna,Italy",9053429,IT,Municipality,Active
9201483,Poggio Renatico,"Poggio Renatico,Emilia-Romagna,Italy",9053429,IT,Municipality,Active
9201484,Careri,"Careri,Calabria,Italy",9053427,IT,Municipality,Active
9201485,Matrice,"Matrice,Molise,Italy",9053435,IT,Municipality,Active
9201486,Somma Vesuviana,"Somma Vesuviana,Campania,Italy",9053428,IT,Municipality,Active
9201487,Crevoladossola,"Crevoladossola,Piedmont,Italy",9053436,IT,Municipality,Active
9201488,Isera,"Isera,Trentino-South Tyrol,Italy",9053439,IT,Municipality,Active
9201489,Massiola,"Massiola,Piedmont,Italy",9053436,IT,Municipality,Active
9201490,Zanica,"Zanica,Lombardy,Italy",9053433,IT,Municipality,Active
9201491,Pettorano sul Gizio,"Pettorano sul Gizio,Abruzzo,Italy",9053423,IT,Municipality,Active
9201492,Lusiana Conco,"Lusiana Conco,Veneto,Italy",9053442,IT,Municipality,Active
9201493,San Daniele del Friuli,"San Daniele del Friuli,Friuli-Venezia Giulia,Italy",9053430,IT,Municipality,Active
9201494,Calliano,"Calliano,Piedmont,Italy",9053436,IT,Municipality,Active
9201495,Serracapriola,"Serracapriola,Apulia,Italy",9053425,IT,Municipality,Active
9201496,Mazzin,"Mazzin,Trentino-South Tyrol,Italy",9053439,IT,Municipality,Active
9201497,Guardialfiera,"Guardialfiera,Molise,Italy",9053435,IT,Municipality,Active
9201498,Bova,"Bova,Calabria,Italy",9053427,IT,Municipality,Active
9201499,Campagnola Cremasca,"Campagnola Cremasca,Lombardy,Italy",9053433,IT,Municipality,Active
9201500,Monte Isola,"Monte Isola,Lombardy,Italy",9053433,IT,Municipality,Active
9201501,Torviscosa,"Torviscosa,Friuli-Venezia Giulia,Italy",9053430,IT,Municipality,Active
9201502,Agnadello,"Agnadello,Lombardy,Italy",9053433,IT,Municipality,Active
9201503,Scafa,"Scafa,Abruzzo,Italy",9053423,IT,Municipality,Active
9201504,Cassinasco,"Cassinasco,Piedmont,Italy",9053436,IT,Municipality,Active
9201505,Bagnacavallo,"Bagnacavallo,Emilia-Romagna,Italy",9053429,IT,Municipality,Active
9201506,Sala Baganza,"Sala Baganza,Emilia-Romagna,Italy",9053429,IT,Municipality,Active
9201507,Gorla Minore,"Gorla Minore,Lombardy,Italy",9053433,IT,Municipality,Active
9201508,Torrioni,"Torrioni,Campania,Italy",9053428,IT,Municipality,Active
9201509,Rubano,"Rubano,Veneto,Italy",9053442,IT,Municipality,Active
9201510,Collesano,"Collesano,Sicily,Italy",9053438,IT,Municipality,Active
9201511,Monticello Conte Otto,"Monticello Conte Otto,Veneto,Italy",9053442,IT,Municipality,Active
9201512,Platania,"Platania,Calabria,Italy",9053427,IT,Municipality,Active
9201513,Manoppello,"Manoppello,Abruzzo,Italy",9053423,IT,Municipality,Active
9201514,Posada,"Posada,Sardinia,Italy",9053437,IT,Municipality,Active
9201515,Alessano,"Alessano,Apulia,Italy",9053425,IT,Municipality,Active
9201516,Giuliano di Roma,"Giuliano di Roma,Lazio,Italy",9053431,IT,Municipality,Active
9201517,Spezzano della Sila,"Spezzano della Sila,Calabria,Italy",9053427,IT,Municipality,Active
9201518,Asti,"Asti,Piedmont,Italy",9053436,IT,Municipality,Active
9201519,Sperlonga,"Sperlonga,Lazio,Italy",9053431,IT,Municipality,Active
9201520,Gerenzano,"Gerenzano,Lombardy,Italy",9053433,IT,Municipality,Active
9201521,Monreale,"Monreale,Sicily,Italy",9053438,IT,Municipality,Active
9201522,Gavorrano,"Gavorrano,Tuscany,Italy",9053440,IT,Municipality,Active
9201523,San Vito Romano,"San Vito Romano,Lazio,Italy",9053431,IT,Municipality,Active
9201524,Aci Sant'Antonio,"Aci Sant'Antonio,Sicily,Italy",9053438,IT,Municipality,Active
9201525,Villa Santina,"Villa Santina,Friuli-Venezia Giulia,Italy",9053430,IT,Municipality,Active
9201526,Argelato,"Argelato,Emilia-Romagna,Italy",9053429,IT,Municipality,Active
9201527,Osidda,"Osidda,Sardinia,Italy",9053437,IT,Municipality,Active
9201528,Alia,"Alia,Sicily,Italy",9053438,IT,Municipality,Active
9201529,Covo,"Covo,Lombardy,Italy",9053433,IT,Municipality,Active
9201530,Curino,"Curino,Piedmont,Italy",9053436,IT,Municipality,Active
9201531,Pavone del Mella,"Pavone del Mella,Lombardy,Italy",9053433,IT,Municipality,Active
9201532,Rasen-Antholz,"Rasen-Antholz,Trentino-South Tyrol,Italy",9053439,IT,Municipality,Active
9201533,Sonnino,"Sonnino,Lazio,Italy",9053431,IT,Municipality,Active
9201534,Colazza,"Colazza,Piedmont,Italy",9053436,IT,Municipality,Active
9201535,Gizzeria,"Gizzeria,Calabria,Italy",9053427,IT,Municipality,Active
9201536,Castel Sant'Angelo,"Castel Sant'Angelo,Lazio,Italy",9053431,IT,Municipality,Active
9201537,Marzano Appio,"Marzano Appio,Campania,Italy",9053428,IT,Municipality,Active
9201538,Turi,"Turi,Apulia,Italy",9053425,IT,Municipality,Active
9201539,Rivoli,"Rivoli,Piedmont,Italy",9053436,IT,Municipality,Active
9201540,Paluzza,"Paluzza,Friuli-Venezia Giulia,Italy",9053430,IT,Municipality,Active
9201541,Zerba,"Zerba,Emilia-Romagna,Italy",9053429,IT,Municipality,Active
9201542,Monteleone di Puglia,"Monteleone di Puglia,Apulia,Italy",9053425,IT,Municipality,Active
9201543,Rignano Garganico,"Rignano Garganico,Apulia,Italy",9053425,IT,Municipality,Active
9201544,Foglianise,"Foglianise,Campania,Italy",9053428,IT,Municipality,Active
9201545,Prad am Stilfser Joch,"Prad am Stilfser Joch,Trentino-South Tyrol,Italy",9053439,IT,Municipality,Active
9201546,Cortale,"Cortale,Calabria,Italy",9053427,IT,Municipality,Active
9201547,Carbonara Scrivia,"Carbonara Scrivia,Piedmont,Italy",9053436,IT,Municipality,Active
9201548,Agira,"Agira,Sicily,Italy",9053438,IT,Municipality,Active
9201549,Fontana Liri,"Fontana Liri,Lazio,Italy",9053431,IT,Municipality,Active
9201550,Cleto,"Cleto,Calabria,Italy",9053427,IT,Municipality,Active
9201551,Castenaso,"Castenaso,Emilia-Romagna,Italy",9053429,IT,Municipality,Active
9201552,Laconi,"Laconi,Sardinia,Italy",9053437,IT,Municipality,Active
9201553,Sant'Elena,"Sant'Elena,Veneto,Italy",9053442,IT,Municipality,Active
9201554,Marzano,"Marzano,Lombardy,Italy",9053433,IT,Municipality,Active
9201555,Frascineto,"Frascineto,Calabria,Italy",9053427,IT,Municipality,Active
9201556,Castelnuovo Parano,"Castelnuovo Parano,Lazio,Italy",9053431,IT,Municipality,Active
9201557,Gioiosa Ionica,"Gioiosa Ionica,Calabria,Italy",9053427,IT,Municipality,Active
9201558,Marnate,"Marnate,Lombardy,Italy",9053433,IT,Municipality,Active
9201559,Solofra,"Solofra,Campania,Italy",9053428,IT,Municipality,Active
9201560,Sant'Angelo a Scala,"Sant'Angelo a Scala,Campania,Italy",9053428,IT,Municipality,Active
9201561,Tovo San Giacomo,"Tovo San Giacomo,Liguria,Italy",9053432,IT,Municipality,Active
9201562,Piazza Brembana,"Piazza Brembana,Lombardy,Italy",9053433,IT,Municipality,Active
9201563,Ronciglione,"Ronciglione,Lazio,Italy",9053431,IT,Municipality,Active
9201564,Borgo San Martino,"Borgo San Martino,Piedmont,Italy",9053436,IT,Municipality,Active
9201565,Ziano Piacentino,"Ziano Piacentino,Emilia-Romagna,Italy",9053429,IT,Municipality,Active
9201566,Rota d'Imagna,"Rota d'Imagna,Lombardy,Italy",9053433,IT,Municipality,Active
9201567,Fossato di Vico,"Fossato di Vico,Umbria,Italy",9053441,IT,Municipality,Active
9201568,Misano Adriatico,"Misano Adriatico,Emilia-Romagna,Italy",9053429,IT,Municipality,Active
9201569,Santi Cosma e Damiano,"Santi Cosma e Damiano,Lazio,Italy",9053431,IT,Municipality,Active
9201570,Monterosso Calabro,"Monterosso Calabro,Calabria,Italy",9053427,IT,Municipality,Active
9201571,Brenna,"Brenna,Lombardy,Italy",9053433,IT,Municipality,Active
9201572,Sestri Levante,"Sestri Levante,Liguria,Italy",9053432,IT,Municipality,Active
9201573,Monza,"Monza,Lombardy,Italy",9053433,IT,Municipality,Active
9201574,Scapoli,"Scapoli,Molise,Italy",9053435,IT,Municipality,Active
9201575,Taggia,"Taggia,Liguria,Italy",9053432,IT,Municipality,Active
9201576,San Paolo Solbrito,"San Paolo Solbrito,Piedmont,Italy",9053436,IT,Municipality,Active
9201577,Sciolze,"Sciolze,Piedmont,Italy",9053436,IT,Municipality,Active
9201578,Bresso,"Bresso,Lombardy,Italy",9053433,IT,Municipality,Active
9201579,Airole,"Airole,Liguria,Italy",9053432,IT,Municipality,Active
9201580,Potenza Picena,"Potenza Picena,Marche,Italy",9053434,IT,Municipality,Active
9201581,Cerro al Volturno,"Cerro al Volturno,Molise,Italy",9053435,IT,Municipality,Active
9201582,Alcamo,"Alcamo,Sicily,Italy",9053438,IT,Municipality,Active
9201583,Montemonaco,"Montemonaco,Marche,Italy",9053434,IT,Municipality,Active
9201584,Trasacco,"Trasacco,Abruzzo,Italy",9053423,IT,Municipality,Active
9201585,Costa Volpino,"Costa Volpino,Lombardy,Italy",9053433,IT,Municipality,Active
9201586,Loria,"Loria,Veneto,Italy",9053442,IT,Municipality,Active
9201587,Apricale,"Apricale,Liguria,Italy",9053432,IT,Municipality,Active
9201588,Vernate,"Vernate,Lombardy,Italy",9053433,IT,Municipality,Active
9201589,Cevo,"Cevo,Lombardy,Italy",9053433,IT,Municipality,Active
9201590,Rocca de' Baldi,"Rocca de' Baldi,Piedmont,Italy",9053436,IT,Municipality,Active
9201591,Bisaccia,"Bisaccia,Campania,Italy",9053428,IT,Municipality,Active
9201592,Montecchio Precalcino,"Montecchio Precalcino,Veneto,Italy",9053442,IT,Municipality,Active
9201593,Masera di Padova,"Masera di Padova,Veneto,Italy",9053442,IT,Municipality,Active
9201594,Macchia d'Isernia,"Macchia d'Isernia,Molise,Italy",9053435,IT,Municipality,Active
9201595,Trarego Viggiona,"Trarego Viggiona,Piedmont,Italy",9053436,IT,Municipality,Active
9201596,Vibo Valentia,"Vibo Valentia,Calabria,Italy",9053427,IT,Municipality,Active
9201597,Colliano,"Colliano,Campania,Italy",9053428,IT,Municipality,Active
9201598,Bagnasco,"Bagnasco,Piedmont,Italy",9053436,IT,Municipality,Active
9201599,San Vito di Cadore,"San Vito di Cadore,Veneto,Italy",9053442,IT,Municipality,Active
9201600,Portigliola,"Portigliola,Calabria,Italy",9053427,IT,Municipality,Active
9201601,Casatisma,"Casatisma,Lombardy,Italy",9053433,IT,Municipality,Active
9201602,Lumarzo,"Lumarzo,Liguria,Italy",9053432,IT,Municipality,Active
9201603,Mezzana,"Mezzana,Trentino-South Tyrol,Italy",9053439,IT,Municipality,Active
9201604,Brozolo,"Brozolo,Piedmont,Italy",9053436,IT,Municipality,Active
9201605,Montallegro,"Montallegro,Sicily,Italy",9053438,IT,Municipality,Active
9201606,Orotelli,"Orotelli,Sardinia,Italy",9053437,IT,Municipality,Active
9201607,Monte San Pietrangeli,"Monte San Pietrangeli,Marche,Italy",9053434,IT,Municipality,Active
9201608,Rocca Santo Stefano,"Rocca Santo Stefano,Lazio,Italy",9053431,IT,Municipality,Active
9201609,Cembra Lisignago,"Cembra Lisignago,Trentino-South Tyrol,Italy",9053439,IT,Municipality,Active
9201610,Belpasso,"Belpasso,Sicily,Italy",9053438,IT,Municipality,Active
9201611,Sinio,"Sinio,Piedmont,Italy",9053436,IT,Municipality,Active
9201612,Casto,"Casto,Lombardy,Italy",9053433,IT,Municipality,Active
9201613,Noci,"Noci,Apulia,Italy",9053425,IT,Municipality,Active
9201614,Vallebona,"Vallebona,Liguria,Italy",9053432,IT,Municipality,Active
9201615,Pontelongo,"Pontelongo,Veneto,Italy",9053442,IT,Municipality,Active
9201616,Auronzo di Cadore,"Auronzo di Cadore,Veneto,Italy",9053442,IT,Municipality,Active
9201617,Caresana,"Caresana,Piedmont,Italy",9053436,IT,Municipality,Active
9201618,Villa Cortese,"Villa Cortese,Lombardy,Italy",9053433,IT,Municipality,Active
9201619,Borgonovo Val Tidone,"Borgonovo Val Tidone,Emilia-Romagna,Italy",9053429,IT,Municipality,Active
9201620,Palizzi,"Palizzi,Calabria,Italy",9053427,IT,Municipality,Active
9201621,San Pellegrino Terme,"San Pellegrino Terme,Lombardy,Italy",9053433,IT,Municipality,Active
9201622,Ortona,"Ortona,Abruzzo,Italy",9053423,IT,Municipality,Active
9201623,Casole d'Elsa,"Casole d'Elsa,Tuscany,Italy",9053440,IT,Municipality,Active
9201624,Campomarino,"Campomarino,Molise,Italy",9053435,IT,Municipality,Active
9201625,Brembate di Sopra,"Brembate di Sopra,Lombardy,Italy",9053433,IT,Municipality,Active
9201626,Allerona,"Allerona,Umbria,Italy",9053441,IT,Municipality,Active
9201627,Satriano di Lucania,"Satriano di Lucania,Basilicata,Italy",9053426,IT,Municipality,Active
9201628,Valledolmo,"Valledolmo,Sicily,Italy",9053438,IT,Municipality,Active
9201629,Felino,"Felino,Emilia-Romagna,Italy",9053429,IT,Municipality,Active
9201630,Castel Goffredo,"Castel Goffredo,Lombardy,Italy",9053433,IT,Municipality,Active
9201631,Solferino,"Solferino,Lombardy,Italy",9053433,IT,Municipality,Active
9201632,Locri,"Locri,Calabria,Italy",9053427,IT,Municipality,Active
9201633,Balestrino,"Balestrino,Liguria,Italy",9053432,IT,Municipality,Active
9201634,Fagnano Castello,"Fagnano Castello,Calabria,Italy",9053427,IT,Municipality,Active
9201635,Cortenova,"Cortenova,Lombardy,Italy",9053433,IT,Municipality,Active
9201636,Racale,"Racale,Apulia,Italy",9053425,IT,Municipality,Active
9201637,Orsomarso,"Orsomarso,Calabria,Italy",9053427,IT,Municipality,Active
9201638,Lazzate,"Lazzate,Lombardy,Italy",9053433,IT,Municipality,Active
9201639,Sant'Angelo all'Esca,"Sant'Angelo all'Esca,Campania,Italy",9053428,IT,Municipality,Active
9201640,Delebio,"Delebio,Lombardy,Italy",9053433,IT,Municipality,Active
9201641,Postalesio,"Postalesio,Lombardy,Italy",9053433,IT,Municipality,Active
9201642,San Marcello Piteglio,"San Marcello Piteglio,Tuscany,Italy",9053440,IT,Municipality,Active
9201643,Monte Romano,"Monte Romano,Lazio,Italy",9053431,IT,Municipality,Active
9201644,Castroregio,"Castroregio,Calabria,Italy",9053427,IT,Municipality,Active
9201645,Sepino,"Sepino,Molise,Italy",9053435,IT,Municipality,Active
9201646,Pietradefusi,"Pietradefusi,Campania,Italy",9053428,IT,Municipality,Active
9201647,Santo Stefano Quisquina,"Santo Stefano Quisquina,Sicily,Italy",9053438,IT,Municipality,Active
9201648,Misilmeri,"Misilmeri,Sicily,Italy",9053438,IT,Municipality,Active
9201649,Ottati,"Ottati,Campania,Italy",9053428,IT,Municipality,Active
9201650,Pesche,"Pesche,Molise,Italy",9053435,IT,Municipality,Active
9201651,Montalto Pavese,"Montalto Pavese,Lombardy,Italy",9053433,IT,Municipality,Active
9201652,Caluso,"Caluso,Piedmont,Italy",9053436,IT,Municipality,Active
9201653,Angera,"Angera,Lombardy,Italy",9053433,IT,Municipality,Active
9201654,Terlan,"Terlan,Trentino-South Tyrol,Italy",9053439,IT,Municipality,Active
9201655,Pietrafitta,"Pietrafitta,Calabria,Italy",9053427,IT,Municipality,Active
9201656,Cibiana di Cadore,"Cibiana di Cadore,Veneto,Italy",9053442,IT,Municipality,Active
9201657,Poggio Torriana,"Poggio Torriana,Emilia-Romagna,Italy",9053429,IT,Municipality,Active
9201658,Castel Rocchero,"Castel Rocchero,Piedmont,Italy",9053436,IT,Municipality,Active
9201659,Bergamasco,"Bergamasco,Piedmont,Italy",9053436,IT,Municipality,Active
9201660,Civitella del Tronto,"Civitella del Tronto,Abruzzo,Italy",9053423,IT,Municipality,Active
9201661,Banzi,"Banzi,Basilicata,Italy",9053426,IT,Municipality,Active
9201662,Brugnera,"Brugnera,Friuli-Venezia Giulia,Italy",9053430,IT,Municipality,Active
9201663,Cusino,"Cusino,Lombardy,Italy",9053433,IT,Municipality,Active
9201664,San Marco Evangelista,"San Marco Evangelista,Campania,Italy",9053428,IT,Municipality,Active
9201665,Castrocaro Terme e Terra del Sole,"Castrocaro Terme e Terra del Sole,Emilia-Romagna,Italy",9053429,IT,Municipality,Active
9201666,Pompeiana,"Pompeiana,Liguria,Italy",9053432,IT,Municipality,Active
9201667,Collevecchio,"Collevecchio,Lazio,Italy",9053431,IT,Municipality,Active
9201668,Vendone,"Vendone,Liguria,Italy",9053432,IT,Municipality,Active
9201669,Isola del Piano,"Isola del Piano,Marche,Italy",9053434,IT,Municipality,Active
9201670,Nulvi,"Nulvi,Sardinia,Italy",9053437,IT,Municipality,Active
9201671,Dicomano,"Dicomano,Tuscany,Italy",9053440,IT,Municipality,Active
9201672,Canzo,"Canzo,Lombardy,Italy",9053433,IT,Municipality,Active
9201673,Pratiglione,"Pratiglione,Piedmont,Italy",9053436,IT,Municipality,Active
9201674,Sellia Marina,"Sellia Marina,Calabria,Italy",9053427,IT,Municipality,Active
9201675,Acquasanta Terme,"Acquasanta Terme,Marche,Italy",9053434,IT,Municipality,Active
9201676,Calasca-Castiglione,"Calasca-Castiglione,Piedmont,Italy",9053436,IT,Municipality,Active
9201677,Vezzi Portio,"Vezzi Portio,Liguria,Italy",9053432,IT,Municipality,Active
9201678,Acquanegra sul Chiese,"Acquanegra sul Chiese,Lombardy,Italy",9053433,IT,Municipality,Active
9201679,Lozzo Atestino,"Lozzo Atestino,Veneto,Italy",9053442,IT,Municipality,Active
9201680,Valsavarenche,"Valsavarenche,Aosta Valley,Italy",9053424,IT,Municipality,Active
9201681,Perarolo di Cadore,"Perarolo di Cadore,Veneto,Italy",9053442,IT,Municipality,Active
9201682,Brogliano,"Brogliano,Veneto,Italy",9053442,IT,Municipality,Active
9201683,Cantalupa,"Cantalupa,Piedmont,Italy",9053436,IT,Municipality,Active
9201684,Caorso,"Caorso,Emilia-Romagna,Italy",9053429,IT,Municipality,Active
9201685,Castelluccio Valmaggiore,"Castelluccio Valmaggiore,Apulia,Italy",9053425,IT,Municipality,Active
9201686,Lavagna,"Lavagna,Liguria,Italy",9053432,IT,Municipality,Active
9201687,Postua,"Postua,Piedmont,Italy",9053436,IT,Municipality,Active
9201688,Cumiana,"Cumiana,Piedmont,Italy",9053436,IT,Municipality,Active
9201689,Pramaggiore,"Pramaggiore,Veneto,Italy",9053442,IT,Municipality,Active
9201690,Sorrento,"Sorrento,Campania,Italy",9053428,IT,Municipality,Active
9201691,Chialamberto,"Chialamberto,Piedmont,Italy",9053436,IT,Municipality,Active
9201692,Rive d'Arcano,"Rive d'Arcano,Friuli-Venezia Giulia,Italy",9053430,IT,Municipality,Active
9201693,Albaredo per San Marco,"Albaredo per San Marco,Lombardy,Italy",9053433,IT,Municipality,Active
9201694,San Basile,"San Basile,Calabria,Italy",9053427,IT,Municipality,Active
9201695,Marchirolo,"Marchirolo,Lombardy,Italy",9053433,IT,Municipality,Active
9201696,Fontegreca,"Fontegreca,Campania,Italy",9053428,IT,Municipality,Active
9201697,Valle Lomellina,"Valle Lomellina,Lombardy,Italy",9053433,IT,Municipality,Active
9201698,Calvi dell'Umbria,"Calvi dell'Umbria,Umbria,Italy",9053441,IT,Municipality,Active
9201699,Chiusano di San Domenico,"Chiusano di San Domenico,Campania,Italy",9053428,IT,Municipality,Active
9201700,Varzo,"Varzo,Piedmont,Italy",9053436,IT,Municipality,Active
9201701,Casagiove,"Casagiove,Campania,Italy",9053428,IT,Municipality,Active
9201702,Peveragno,"Peveragno,Piedmont,Italy",9053436,IT,Municipality,Active
9201703,Cassinetta di Lugagnano,"Cassinetta di Lugagnano,Lombardy,Italy",9053433,IT,Municipality,Active
9201704,Esanatoglia,"Esanatoglia,Marche,Italy",9053434,IT,Municipality,Active
9201705,Parghelia,"Parghelia,Calabria,Italy",9053427,IT,Municipality,Active
9201706,Pizzoferrato,"Pizzoferrato,Abruzzo,Italy",9053423,IT,Municipality,Active
9201707,Milo,"Milo,Sicily,Italy",9053438,IT,Municipality,Active
9201708,Sulzano,"Sulzano,Lombardy,Italy",9053433,IT,Municipality,Active
9201709,Fauglia,"Fauglia,Tuscany,Italy",9053440,IT,Municipality,Active
9201710,Livinallongo del Col di Lana,"Livinallongo del Col di Lana,Veneto,Italy",9053442,IT,Municipality,Active
9201711,Sanguinetto,"Sanguinetto,Veneto,Italy",9053442,IT,Municipality,Active
9201712,Cesate,"Cesate,Lombardy,Italy",9053433,IT,Municipality,Active
9201713,Moneglia,"Moneglia,Liguria,Italy",9053432,IT,Municipality,Active
9201714,Fiorano Canavese,"Fiorano Canavese,Piedmont,Italy",9053436,IT,Municipality,Active
9201715,Viggiu,"Viggiu,Lombardy,Italy",9053433,IT,Municipality,Active
9201716,Azzano Mella,"Azzano Mella,Lombardy,Italy",9053433,IT,Municipality,Active
9201717,Gradara,"Gradara,Marche,Italy",9053434,IT,Municipality,Active
9201718,Castellalto,"Castellalto,Abruzzo,Italy",9053423,IT,Municipality,Active
9201719,Ceranova,"Ceranova,Lombardy,Italy",9053433,IT,Municipality,Active
9201720,Riardo,"Riardo,Campania,Italy",9053428,IT,Municipality,Active
9201721,Santa Maria del Cedro,"Santa Maria del Cedro,Calabria,Italy",9053427,IT,Municipality,Active
9201722,Sizzano,"Sizzano,Piedmont,Italy",9053436,IT,Municipality,Active
9201723,Ascea,"Ascea,Campania,Italy",9053428,IT,Municipality,Active
9201724,San Vittore del Lazio,"San Vittore del Lazio,Lazio,Italy",9053431,IT,Municipality,Active
9201725,Carolei,"Carolei,Calabria,Italy",9053427,IT,Municipality,Active
9201726,Saint-Pierre,"Saint-Pierre,Aosta Valley,Italy",9053424,IT,Municipality,Active
9201727,Magione,"Magione,Umbria,Italy",9053441,IT,Municipality,Active
9201728,Gressoney-Saint-Jean,"Gressoney-Saint-Jean,Aosta Valley,Italy",9053424,IT,Municipality,Active
9201729,Benevento,"Benevento,Campania,Italy",9053428,IT,Municipality,Active
9201730,Barile,"Barile,Basilicata,Italy",9053426,IT,Municipality,Active
9201731,Castelleone di Suasa,"Castelleone di Suasa,Marche,Italy",9053434,IT,Municipality,Active
9201732,Caldonazzo,"Caldonazzo,Trentino-South Tyrol,Italy",9053439,IT,Municipality,Active
9201733,Pratella,"Pratella,Campania,Italy",9053428,IT,Municipality,Active
9201734,Pedesina,"Pedesina,Lombardy,Italy",9053433,IT,Municipality,Active
9201735,Palermiti,"Palermiti,Calabria,Italy",9053427,IT,Municipality,Active
9201736,Isasca,"Isasca,Piedmont,Italy",9053436,IT,Municipality,Active
9201737,Cugliate-Fabiasco,"Cugliate-Fabiasco,Lombardy,Italy",9053433,IT,Municipality,Active
9201738,Bozzole,"Bozzole,Piedmont,Italy",9053436,IT,Municipality,Active
9201739,Collesalvetti,"Collesalvetti,Tuscany,Italy",9053440,IT,Municipality,Active
9201740,Ischia di Castro,"Ischia di Castro,Lazio,Italy",9053431,IT,Municipality,Active
9201741,Aldein,"Aldein,Trentino-South Tyrol,Italy",9053439,IT,Municipality,Active
9201742,Lugagnano Val d'Arda,"Lugagnano Val d'Arda,Emilia-Romagna,Italy",9053429,IT,Municipality,Active
9201743,Vallelonga,"Vallelonga,Calabria,Italy",9053427,IT,Municipality,Active
9201744,Premolo,"Premolo,Lombardy,Italy",9053433,IT,Municipality,Active
9201745,Villamarzana,"Villamarzana,Veneto,Italy",9053442,IT,Municipality,Active
9201746,Lungro,"Lungro,Calabria,Italy",9053427,IT,Municipality,Active
9201747,Mugnano di Napoli,"Mugnano di Napoli,Campania,Italy",9053428,IT,Municipality,Active
9201748,Vestone,"Vestone,Lombardy,Italy",9053433,IT,Municipality,Active
9201749,Varano Borghi,"Varano Borghi,Lombardy,Italy",9053433,IT,Municipality,Active
9201750,Lauriano,"Lauriano,Piedmont,Italy",9053436,IT,Municipality,Active
9201751,Gualtieri Sicamino,"Gualtieri Sicamino,Sicily,Italy",9053438,IT,Municipality,Active
9201752,Arcole,"Arcole,Veneto,Italy",9053442,IT,Municipality,Active
9201753,Oppido Mamertina,"Oppido Mamertina,Calabria,Italy",9053427,IT,Municipality,Active
9201754,Lunamatrona,"Lunamatrona,Sardinia,Italy",9053437,IT,Municipality,Active
9201755,Alto Sermenza,"Alto Sermenza,Piedmont,Italy",9053436,IT,Municipality,Active
9201756,Breme,"Breme,Lombardy,Italy",9053433,IT,Municipality,Active
9201757,Eupilio,"Eupilio,Lombardy,Italy",9053433,IT,Municipality,Active
9201758,Cellole,"Cellole,Campania,Italy",9053428,IT,Municipality,Active
9201759,Averara,"Averara,Lombardy,Italy",9053433,IT,Municipality,Active
9201760,Treia,"Treia,Marche,Italy",9053434,IT,Municipality,Active
9201761,San Vito Chietino,"San Vito Chietino,Abruzzo,Italy",9053423,IT,Municipality,Active
9201762,Aurano,"Aurano,Piedmont,Italy",9053436,IT,Municipality,Active
9201763,Mereto di Tomba,"Mereto di Tomba,Friuli-Venezia Giulia,Italy",9053430,IT,Municipality,Active
9201764,Borgia,"Borgia,Calabria,Italy",9053427,IT,Municipality,Active
9201765,Berbenno di Valtellina,"Berbenno di Valtellina,Lombardy,Italy",9053433,IT,Municipality,Active
9201766,Bellona,"Bellona,Campania,Italy",9053428,IT,Municipality,Active
9201767,Pioraco,"Pioraco,Marche,Italy",9053434,IT,Municipality,Active
9201768,Voghera,"Voghera,Lombardy,Italy",9053433,IT,Municipality,Active
9201769,San Floriano del Collio,"San Floriano del Collio,Friuli-Venezia Giulia,Italy",9053430,IT,Municipality,Active
9201770,Camisano Vicentino,"Camisano Vicentino,Veneto,Italy",9053442,IT,Municipality,Active
9201771,Dovadola,"Dovadola,Emilia-Romagna,Italy",9053429,IT,Municipality,Active
9201772,Orta San Giulio,"Orta San Giulio,Piedmont,Italy",9053436,IT,Municipality,Active
9201773,Quarona,"Quarona,Piedmont,Italy",9053436,IT,Municipality,Active
9201774,Pasian di Prato,"Pasian di Prato,Friuli-Venezia Giulia,Italy",9053430,IT,Municipality,Active
9201775,Mordano,"Mordano,Emilia-Romagna,Italy",9053429,IT,Municipality,Active
9201776,Castelnuovo Berardenga,"Castelnuovo Berardenga,Tuscany,Italy",9053440,IT,Municipality,Active
9201777,Adrara San Martino,"Adrara San Martino,Lombardy,Italy",9053433,IT,Municipality,Active
9201778,Medesano,"Medesano,Emilia-Romagna,Italy",9053429,IT,Municipality,Active
9201779,Bregnano,"Bregnano,Lombardy,Italy",9053433,IT,Municipality,Active
9201780,Frassino,"Frassino,Piedmont,Italy",9053436,IT,Municipality,Active
9201781,Ilbono,"Ilbono,Sardinia,Italy",9053437,IT,Municipality,Active
9201782,Cordovado,"Cordovado,Friuli-Venezia Giulia,Italy",9053430,IT,Municipality,Active
9201783,Tiana,"Tiana,Sardinia,Italy",9053437,IT,Municipality,Active
9201784,Cinisi,"Cinisi,Sicily,Italy",9053438,IT,Municipality,Active
9201785,Siamanna,"Siamanna,Sardinia,Italy",9053437,IT,Municipality,Active
9201786,Rizziconi,"Rizziconi,Calabria,Italy",9053427,IT,Municipality,Active
9201787,Squillace,"Squillace,Calabria,Italy",9053427,IT,Municipality,Active
9201788,Vergiate,"Vergiate,Lombardy,Italy",9053433,IT,Municipality,Active
9201789,Rose,"Rose,Calabria,Italy",9053427,IT,Municipality,Active
9201790,Capiago Intimiano,"Capiago Intimiano,Lombardy,Italy",9053433,IT,Municipality,Active
9201791,Pantigliate,"Pantigliate,Lombardy,Italy",9053433,IT,Municipality,Active
9201792,Vado Ligure,"Vado Ligure,Liguria,Italy",9053432,IT,Municipality,Active
9201793,Valdisotto,"Valdisotto,Lombardy,Italy",9053433,IT,Municipality,Active
9201794,Ostiglia,"Ostiglia,Lombardy,Italy",9053433,IT,Municipality,Active
9201795,Montecassiano,"Montecassiano,Marche,Italy",9053434,IT,Municipality,Active
9201796,Roccaspinalveti,"Roccaspinalveti,Abruzzo,Italy",9053423,IT,Municipality,Active
9201797,Brandico,"Brandico,Lombardy,Italy",9053433,IT,Municipality,Active
9201798,Comitini,"Comitini,Sicily,Italy",9053438,IT,Municipality,Active
9201799,Solignano,"Solignano,Emilia-Romagna,Italy",9053429,IT,Municipality,Active
9201800,Gallicano,"Gallicano,Tuscany,Italy",9053440,IT,Municipality,Active
9201801,Arce,"Arce,Lazio,Italy",9053431,IT,Municipality,Active
9201802,Saronno,"Saronno,Lombardy,Italy",9053433,IT,Municipality,Active
9201803,Montoggio,"Montoggio,Liguria,Italy",9053432,IT,Municipality,Active
9201804,Rota Greca,"Rota Greca,Calabria,Italy",9053427,IT,Municipality,Active
9201805,Lamporo,"Lamporo,Piedmont,Italy",9053436,IT,Municipality,Active
9201806,Casteldaccia,"Casteldaccia,Sicily,Italy",9053438,IT,Municipality,Active
9201807,Capodimonte,"Capodimonte,Lazio,Italy",9053431,IT,Municipality,Active
9201808,Piateda,"Piateda,Lombardy,Italy",9053433,IT,Municipality,Active
9201809,Alimena,"Alimena,Sicily,Italy",9053438,IT,Municipality,Active
9201810,Savona,"Savona,Liguria,Italy",9053432,IT,Municipality,Active
9201811,Rocca d'Arce,"Rocca d'Arce,Lazio,Italy",9053431,IT,Municipality,Active
9201812,San Francesco al Campo,"San Francesco al Campo,Piedmont,Italy",9053436,IT,Municipality,Active
9201813,Introd,"Introd,Aosta Valley,Italy",9053424,IT,Municipality,Active
9201814,Fosso,"Fosso,Veneto,Italy",9053442,IT,Municipality,Active
9201815,Casteldelci,"Casteldelci,Emilia-Romagna,Italy",9053429,IT,Municipality,Active
9201816,Bagnoregio,"Bagnoregio,Lazio,Italy",9053431,IT,Municipality,Active
9201817,Romans d'Isonzo,"Romans d'Isonzo,Friuli-Venezia Giulia,Italy",9053430,IT,Municipality,Active
9201818,Hone,"Hone,Aosta Valley,Italy",9053424,IT,Municipality,Active
9201819,Binasco,"Binasco,Lombardy,Italy",9053433,IT,Municipality,Active
9201820,Puegnago del Garda,"Puegnago del Garda,Lombardy,Italy",9053433,IT,Municipality,Active
9201821,Negrar di Valpolicella,"Negrar di Valpolicella,Veneto,Italy",9053442,IT,Municipality,Active
9201822,Mello,"Mello,Lombardy,Italy",9053433,IT,Municipality,Active
9201823,Paese,"Paese,Veneto,Italy",9053442,IT,Municipality,Active
9201824,Borgo Veneto,"Borgo Veneto,Veneto,Italy",9053442,IT,Municipality,Active
9201825,Bastia Mondovi,"Bastia Mondovi,Piedmont,Italy",9053436,IT,Municipality,Active
9201826,Percile,"Percile,Lazio,Italy",9053431,IT,Municipality,Active
9201827,Spriana,"Spriana,Lombardy,Italy",9053433,IT,Municipality,Active
9201828,Ciciliano,"Ciciliano,Lazio,Italy",9053431,IT,Municipality,Active
9201829,Villongo,"Villongo,Lombardy,Italy",9053433,IT,Municipality,Active
9201830,Castello di Godego,"Castello di Godego,Veneto,Italy",9053442,IT,Municipality,Active
9201831,Odalengo Grande,"Odalengo Grande,Piedmont,Italy",9053436,IT,Municipality,Active
9201832,Pettineo,"Pettineo,Sicily,Italy",9053438,IT,Municipality,Active
9201833,Falerna,"Falerna,Calabria,Italy",9053427,IT,Municipality,Active
9201834,Molten,"Molten,Trentino-South Tyrol,Italy",9053439,IT,Municipality,Active
9201835,Mareno di Piave,"Mareno di Piave,Veneto,Italy",9053442,IT,Municipality,Active
9201836,Saccolongo,"Saccolongo,Veneto,Italy",9053442,IT,Municipality,Active
9201837,Petriolo,"Petriolo,Marche,Italy",9053434,IT,Municipality,Active
9201838,Bossico,"Bossico,Lombardy,Italy",9053433,IT,Municipality,Active
9201839,Petilia Policastro,"Petilia Policastro,Calabria,Italy",9053427,IT,Municipality,Active
9201840,Marzi,"Marzi,Calabria,Italy",9053427,IT,Municipality,Active
9201841,Menfi,"Menfi,Sicily,Italy",9053438,IT,Municipality,Active
9201842,Spello,"Spello,Umbria,Italy",9053441,IT,Municipality,Active
9201843,Gallodoro,"Gallodoro,Sicily,Italy",9053438,IT,Municipality,Active
9201844,San Felice del Molise,"San Felice del Molise,Molise,Italy",9053435,IT,Municipality,Active
9201845,Soriano Calabro,"Soriano Calabro,Calabria,Italy",9053427,IT,Municipality,Active
9201846,San Giovanni di Fassa,"San Giovanni di Fassa,Trentino-South Tyrol,Italy",9053439,IT,Municipality,Active
9201847,Scorze,"Scorze,Veneto,Italy",9053442,IT,Municipality,Active
9201848,Cavarzere,"Cavarzere,Veneto,Italy",9053442,IT,Municipality,Active
9201849,Salve,"Salve,Apulia,Italy",9053425,IT,Municipality,Active
9201850,Asigliano Vercellese,"Asigliano Vercellese,Piedmont,Italy",9053436,IT,Municipality,Active
9201851,Canelli,"Canelli,Piedmont,Italy",9053436,IT,Municipality,Active
9201852,Sannicandro di Bari,"Sannicandro di Bari,Apulia,Italy",9053425,IT,Municipality,Active
9201853,Cerro Tanaro,"Cerro Tanaro,Piedmont,Italy",9053436,IT,Municipality,Active
9201854,Gagliano del Capo,"Gagliano del Capo,Apulia,Italy",9053425,IT,Municipality,Active
9201855,Casalbeltrame,"Casalbeltrame,Piedmont,Italy",9053436,IT,Municipality,Active
9201856,Andora,"Andora,Liguria,Italy",9053432,IT,Municipality,Active
9201857,Rossana,"Rossana,Piedmont,Italy",9053436,IT,Municipality,Active
9201858,Paludi,"Paludi,Calabria,Italy",9053427,IT,Municipality,Active
9201859,San Donaci,"San Donaci,Apulia,Italy",9053425,IT,Municipality,Active
9201860,Morro d'Oro,"Morro d'Oro,Abruzzo,Italy",9053423,IT,Municipality,Active
9201861,San Gavino Monreale,"San Gavino Monreale,Sardinia,Italy",9053437,IT,Municipality,Active
9201862,Badia Polesine,"Badia Polesine,Veneto,Italy",9053442,IT,Municipality,Active
9201863,La Val,"La Val,Trentino-South Tyrol,Italy",9053439,IT,Municipality,Active
9201864,Aquilonia,"Aquilonia,Campania,Italy",9053428,IT,Municipality,Active
9201865,Rocca de' Giorgi,"Rocca de' Giorgi,Lombardy,Italy",9053433,IT,Municipality,Active
9201866,Pizzone,"Pizzone,Molise,Italy",9053435,IT,Municipality,Active
9201867,Magliano in Toscana,"Magliano in Toscana,Tuscany,Italy",9053440,IT,Municipality,Active
9201868,Calosso,"Calosso,Piedmont,Italy",9053436,IT,Municipality,Active
9201869,Siano,"Siano,Campania,Italy",9053428,IT,Municipality,Active
9201870,Mortegliano,"Mortegliano,Friuli-Venezia Giulia,Italy",9053430,IT,Municipality,Active
9201871,Rimella,"Rimella,Piedmont,Italy",9053436,IT,Municipality,Active
9201872,Polesella,"Polesella,Veneto,Italy",9053442,IT,Municipality,Active
9201873,Ciconio,"Ciconio,Piedmont,Italy",9053436,IT,Municipality,Active
9201874,Cannero Riviera,"Cannero Riviera,Piedmont,Italy",9053436,IT,Municipality,Active
9201875,Rapone,"Rapone,Basilicata,Italy",9053426,IT,Municipality,Active
9201876,Spigno Monferrato,"Spigno Monferrato,Piedmont,Italy",9053436,IT,Municipality,Active
9201877,Barbian,"Barbian,Trentino-South Tyrol,Italy",9053439,IT,Municipality,Active
9201878,Sant'Ambrogio sul Garigliano,"Sant'Ambrogio sul Garigliano,Lazio,Italy",9053431,IT,Municipality,Active
9201879,Albi,"Albi,Calabria,Italy",9053427,IT,Municipality,Active
9201880,Villalago,"Villalago,Abruzzo,Italy",9053423,IT,Municipality,Active
9201881,Santa Giustina,"Santa Giustina,Veneto,Italy",9053442,IT,Municipality,Active
9201882,Galliate Lombardo,"Galliate Lombardo,Lombardy,Italy",9053433,IT,Municipality,Active
9201883,Santa Lucia di Piave,"Santa Lucia di Piave,Veneto,Italy",9053442,IT,Municipality,Active
9201884,Cervignano d'Adda,"Cervignano d'Adda,Lombardy,Italy",9053433,IT,Municipality,Active
9201885,Arbus,"Arbus,Sardinia,Italy",9053437,IT,Municipality,Active
9201886,Sospiro,"Sospiro,Lombardy,Italy",9053433,IT,Municipality,Active
9201887,Villar Dora,"Villar Dora,Piedmont,Italy",9053436,IT,Municipality,Active
9201888,Campomaggiore,"Campomaggiore,Basilicata,Italy",9053426,IT,Municipality,Active
9201889,Carpeneto,"Carpeneto,Piedmont,Italy",9053436,IT,Municipality,Active
9201890,Montefalcone nel Sannio,"Montefalcone nel Sannio,Molise,Italy",9053435,IT,Municipality,Active
9201891,Pesco Sannita,"Pesco Sannita,Campania,Italy",9053428,IT,Municipality,Active
9201892,Serrapetrona,"Serrapetrona,Marche,Italy",9053434,IT,Municipality,Active
9201893,Castelplanio,"Castelplanio,Marche,Italy",9053434,IT,Municipality,Active
9201894,Pomponesco,"Pomponesco,Lombardy,Italy",9053433,IT,Municipality,Active
9201895,Revine Lago,"Revine Lago,Veneto,Italy",9053442,IT,Municipality,Active
9201896,Geraci Siculo,"Geraci Siculo,Sicily,Italy",9053438,IT,Municipality,Active
9201897,Toscolano Maderno,"Toscolano Maderno,Lombardy,Italy",9053433,IT,Municipality,Active
9201898,Grontardo,"Grontardo,Lombardy,Italy",9053433,IT,Municipality,Active
9201899,Oglianico,"Oglianico,Piedmont,Italy",9053436,IT,Municipality,Active
9201900,Mezzago,"Mezzago,Lombardy,Italy",9053433,IT,Municipality,Active
9201901,Martina Franca,"Martina Franca,Apulia,Italy",9053425,IT,Municipality,Active
9201902,Piandimeleto,"Piandimeleto,Marche,Italy",9053434,IT,Municipality,Active
9201903,Olevano Romano,"Olevano Romano,Lazio,Italy",9053431,IT,Municipality,Active
9201904,Quingentole,"Quingentole,Lombardy,Italy",9053433,IT,Municipality,Active
9201905,Sovicille,"Sovicille,Tuscany,Italy",9053440,IT,Municipality,Active
9201906,Plaus,"Plaus,Trentino-South Tyrol,Italy",9053439,IT,Municipality,Active
9201907,Calanna,"Calanna,Calabria,Italy",9053427,IT,Municipality,Active
9201908,Cislago,"Cislago,Lombardy,Italy",9053433,IT,Municipality,Active
9201909,Pompiano,"Pompiano,Lombardy,Italy",9053433,IT,Municipality,Active
9201910,Teglio Veneto,"Teglio Veneto,Veneto,Italy",9053442,IT,Municipality,Active
9201911,Massa Fermana,"Massa Fermana,Marche,Italy",9053434,IT,Municipality,Active
9201912,Senise,"Senise,Basilicata,Italy",9053426,IT,Municipality,Active
9201913,Montegridolfo,"Montegridolfo,Emilia-Romagna,Italy",9053429,IT,Municipality,Active
9201914,Borgetto,"Borgetto,Sicily,Italy",9053438,IT,Municipality,Active
9201915,Ivrea,"Ivrea,Piedmont,Italy",9053436,IT,Municipality,Active
9201916,Brusson,"Brusson,Aosta Valley,Italy",9053424,IT,Municipality,Active
9201917,Prata Sannita,"Prata Sannita,Campania,Italy",9053428,IT,Municipality,Active
9201918,Bagnolo Mella,"Bagnolo Mella,Lombardy,Italy",9053433,IT,Municipality,Active
9201919,Colonna,"Colonna,Lazio,Italy",9053431,IT,Municipality,Active
9201920,Busso,"Busso,Molise,Italy",9053435,IT,Municipality,Active
9201921,Tavernola Bergamasca,"Tavernola Bergamasca,Lombardy,Italy",9053433,IT,Municipality,Active
9201922,Airasca,"Airasca,Piedmont,Italy",9053436,IT,Municipality,Active
9201923,Campi Salentina,"Campi Salentina,Apulia,Italy",9053425,IT,Municipality,Active
9201924,Baceno,"Baceno,Piedmont,Italy",9053436,IT,Municipality,Active
9201925,Strozza,"Strozza,Lombardy,Italy",9053433,IT,Municipality,Active
9201926,Ronchis,"Ronchis,Friuli-Venezia Giulia,Italy",9053430,IT,Municipality,Active
9201927,Monti,"Monti,Sardinia,Italy",9053437,IT,Municipality,Active
9201928,Saracena,"Saracena,Calabria,Italy",9053427,IT,Municipality,Active
9201929,Tricase,"Tricase,Apulia,Italy",9053425,IT,Municipality,Active
9201930,Dubino,"Dubino,Lombardy,Italy",9053433,IT,Municipality,Active
9201931,Vita,"Vita,Sicily,Italy",9053438,IT,Municipality,Active
9201932,Piraino,"Piraino,Sicily,Italy",9053438,IT,Municipality,Active
9201933,San Felice del Benaco,"San Felice del Benaco,Lombardy,Italy",9053433,IT,Municipality,Active
9201934,Nemoli,"Nemoli,Basilicata,Italy",9053426,IT,Municipality,Active
9201935,Motteggiana,"Motteggiana,Lombardy,Italy",9053433,IT,Municipality,Active
9201936,Oniferi,"Oniferi,Sardinia,Italy",9053437,IT,Municipality,Active
9201937,Lode,"Lode,Sardinia,Italy",9053437,IT,Municipality,Active
9201938,Locate Varesino,"Locate Varesino,Lombardy,Italy",9053433,IT,Municipality,Active
9201939,Val della Torre,"Val della Torre,Piedmont,Italy",9053436,IT,Municipality,Active
9201940,Futani,"Futani,Campania,Italy",9053428,IT,Municipality,Active
9201941,Montelabbate,"Montelabbate,Marche,Italy",9053434,IT,Municipality,Active
9201942,Florinas,"Florinas,Sardinia,Italy",9053437,IT,Municipality,Active
9201943,Briga Novarese,"Briga Novarese,Piedmont,Italy",9053436,IT,Municipality,Active
9201944,Latsch,"Latsch,Trentino-South Tyrol,Italy",9053439,IT,Municipality,Active
9201945,Ischia,"Ischia,Campania,Italy",9053428,IT,Municipality,Active
9201946,Guardiaregia,"Guardiaregia,Molise,Italy",9053435,IT,Municipality,Active
9201947,Arquata Scrivia,"Arquata Scrivia,Piedmont,Italy",9053436,IT,Municipality,Active
9201948,Giungano,"Giungano,Campania,Italy",9053428,IT,Municipality,Active
9201949,Sartirana Lomellina,"Sartirana Lomellina,Lombardy,Italy",9053433,IT,Municipality,Active
9201950,Offanengo,"Offanengo,Lombardy,Italy",9053433,IT,Municipality,Active
9201951,Bassano Romano,"Bassano Romano,Lazio,Italy",9053431,IT,Municipality,Active
9201952,San Leucio del Sannio,"San Leucio del Sannio,Campania,Italy",9053428,IT,Municipality,Active
9201953,La Valle Agordina,"La Valle Agordina,Veneto,Italy",9053442,IT,Municipality,Active
9201954,Lariano,"Lariano,Lazio,Italy",9053431,IT,Municipality,Active
9201955,Nibionno,"Nibionno,Lombardy,Italy",9053433,IT,Municipality,Active
9201956,Mantello,"Mantello,Lombardy,Italy",9053433,IT,Municipality,Active
9201957,Villanova Truschedu,"Villanova Truschedu,Sardinia,Italy",9053437,IT,Municipality,Active
9201958,Castel del Piano,"Castel del Piano,Tuscany,Italy",9053440,IT,Municipality,Active
9201959,Montebello Vicentino,"Montebello Vicentino,Veneto,Italy",9053442,IT,Municipality,Active
9201960,Poggiardo,"Poggiardo,Apulia,Italy",9053425,IT,Municipality,Active
9201961,Montemarano,"Montemarano,Campania,Italy",9053428,IT,Municipality,Active
9201962,Terrasini,"Terrasini,Sicily,Italy",9053438,IT,Municipality,Active
9201963,Pecetto di Valenza,"Pecetto di Valenza,Piedmont,Italy",9053436,IT,Municipality,Active
9201964,Mesenzana,"Mesenzana,Lombardy,Italy",9053433,IT,Municipality,Active
9201965,Gerocarne,"Gerocarne,Calabria,Italy",9053427,IT,Municipality,Active
9201966,Soverato,"Soverato,Calabria,Italy",9053427,IT,Municipality,Active
9201967,Cengio,"Cengio,Liguria,Italy",9053432,IT,Municipality,Active
9201968,Grosso,"Grosso,Piedmont,Italy",9053436,IT,Municipality,Active
9201969,Gorzegno,"Gorzegno,Piedmont,Italy",9053436,IT,Municipality,Active
9201970,Furci,"Furci,Abruzzo,Italy",9053423,IT,Municipality,Active
9201971,Clavesana,"Clavesana,Piedmont,Italy",9053436,IT,Municipality,Active
9201972,Monastier di Treviso,"Monastier di Treviso,Veneto,Italy",9053442,IT,Municipality,Active
9201973,San Martino di Lupari,"San Martino di Lupari,Veneto,Italy",9053442,IT,Municipality,Active
9201974,Pezzaze,"Pezzaze,Lombardy,Italy",9053433,IT,Municipality,Active
9201975,Torre San Giorgio,"Torre San Giorgio,Piedmont,Italy",9053436,IT,Municipality,Active
9201976,Arsago Seprio,"Arsago Seprio,Lombardy,Italy",9053433,IT,Municipality,Active
9201977,Scanzano Jonico,"Scanzano Jonico,Basilicata,Italy",9053426,IT,Municipality,Active
9201978,Grognardo,"Grognardo,Piedmont,Italy",9053436,IT,Municipality,Active
9201979,Sacrofano,"Sacrofano,Lazio,Italy",9053431,IT,Municipality,Active
9201980,San Pietro Apostolo,"San Pietro Apostolo,Calabria,Italy",9053427,IT,Municipality,Active
9201981,Valle Salimbene,"Valle Salimbene,Lombardy,Italy",9053433,IT,Municipality,Active
9201982,Santa Domenica Talao,"Santa Domenica Talao,Calabria,Italy",9053427,IT,Municipality,Active
9201983,Ghiffa,"Ghiffa,Piedmont,Italy",9053436,IT,Municipality,Active
9201984,Belgioioso,"Belgioioso,Lombardy,Italy",9053433,IT,Municipality,Active
9201985,Amaseno,"Amaseno,Lazio,Italy",9053431,IT,Municipality,Active
9201986,Grugliasco,"Grugliasco,Piedmont,Italy",9053436,IT,Municipality,Active
9201987,Tarano,"Tarano,Lazio,Italy",9053431,IT,Municipality,Active
9201988,Giustino,"Giustino,Trentino-South Tyrol,Italy",9053439,IT,Municipality,Active
9201989,Donori,"Donori,Sardinia,Italy",9053437,IT,Municipality,Active
9201990,Aulla,"Aulla,Tuscany,Italy",9053440,IT,Municipality,Active
9201991,Fusine,"Fusine,Lombardy,Italy",9053433,IT,Municipality,Active
9201992,Vallemaio,"Vallemaio,Lazio,Italy",9053431,IT,Municipality,Active
9201993,Morazzone,"Morazzone,Lombardy,Italy",9053433,IT,Municipality,Active
9201994,Rora,"Rora,Piedmont,Italy",9053436,IT,Municipality,Active
9201995,Algua,"Algua,Lombardy,Italy",9053433,IT,Municipality,Active
9201996,San Pietro al Natisone,"San Pietro al Natisone,Friuli-Venezia Giulia,Italy",9053430,IT,Municipality,Active
9201997,Mombercelli,"Mombercelli,Piedmont,Italy",9053436,IT,Municipality,Active
9201998,Bellante,"Bellante,Abruzzo,Italy",9053423,IT,Municipality,Active
9201999,Ladispoli,"Ladispoli,Lazio,Italy",9053431,IT,Municipality,Active
9202000,Vallesaccarda,"Vallesaccarda,Campania,Italy",9053428,IT,Municipality,Active
9202001,Foresto Sparso,"Foresto Sparso,Lombardy,Italy",9053433,IT,Municipality,Active
9202002,Civitaquana,"Civitaquana,Abruzzo,Italy",9053423,IT,Municipality,Active
9202003,Serrara Fontana,"Serrara Fontana,Campania,Italy",9053428,IT,Municipality,Active
9202004,Magnago,"Magnago,Lombardy,Italy",9053433,IT,Municipality,Active
9202005,Randazzo,"Randazzo,Sicily,Italy",9053438,IT,Municipality,Active
9202006,Brixen,"Brixen,Trentino-South Tyrol,Italy",9053439,IT,Municipality,Active
9202007,Farigliano,"Farigliano,Piedmont,Italy",9053436,IT,Municipality,Active
9202008,Gioi,"Gioi,Campania,Italy",9053428,IT,Municipality,Active
9202009,Castelnuovo Bormida,"Castelnuovo Bormida,Piedmont,Italy",9053436,IT,Municipality,Active
9202010,Massino Visconti,"Massino Visconti,Piedmont,Italy",9053436,IT,Municipality,Active
9202011,Sotto il Monte Giovanni XXIII,"Sotto il Monte Giovanni XXIII,Lombardy,Italy",9053433,IT,Municipality,Active
9202012,Concordia Sagittaria,"Concordia Sagittaria,Veneto,Italy",9053442,IT,Municipality,Active
9202013,Roccaromana,"Roccaromana,Campania,Italy",9053428,IT,Municipality,Active
9202014,Castel di Iudica,"Castel di Iudica,Sicily,Italy",9053438,IT,Municipality,Active
9202015,Introbio,"Introbio,Lombardy,Italy",9053433,IT,Municipality,Active
9202016,Mariana Mantovana,"Mariana Mantovana,Lombardy,Italy",9053433,IT,Municipality,Active
9202017,Cuggiono,"Cuggiono,Lombardy,Italy",9053433,IT,Municipality,Active
9202018,Pedaso,"Pedaso,Marche,Italy",9053434,IT,Municipality,Active
9202019,Vallefiorita,"Vallefiorita,Calabria,Italy",9053427,IT,Municipality,Active
9202020,Castrignano del Capo,"Castrignano del Capo,Apulia,Italy",9053425,IT,Municipality,Active
9202021,Belforte all'Isauro,"Belforte all'Isauro,Marche,Italy",9053434,IT,Municipality,Active
9202022,Gualdo Tadino,"Gualdo Tadino,Umbria,Italy",9053441,IT,Municipality,Active
9202023,Stroppo,"Stroppo,Piedmont,Italy",9053436,IT,Municipality,Active
9202024,Locana,"Locana,Piedmont,Italy",9053436,IT,Municipality,Active
9202025,Verzuolo,"Verzuolo,Piedmont,Italy",9053436,IT,Municipality,Active
9202026,Bellinzago Lombardo,"Bellinzago Lombardo,Lombardy,Italy",9053433,IT,Municipality,Active
9202027,Pagnacco,"Pagnacco,Friuli-Venezia Giulia,Italy",9053430,IT,Municipality,Active
9202028,Ripabottoni,"Ripabottoni,Molise,Italy",9053435,IT,Municipality,Active
9202029,Saluzzo,"Saluzzo,Piedmont,Italy",9053436,IT,Municipality,Active
9202030,San Zenone al Po,"San Zenone al Po,Lombardy,Italy",9053433,IT,Municipality,Active
9202031,Voltaggio,"Voltaggio,Piedmont,Italy",9053436,IT,Municipality,Active
9202032,Palagiano,"Palagiano,Apulia,Italy",9053425,IT,Municipality,Active
9202033,Ronzone,"Ronzone,Trentino-South Tyrol,Italy",9053439,IT,Municipality,Active
9202034,Berzo San Fermo,"Berzo San Fermo,Lombardy,Italy",9053433,IT,Municipality,Active
9202035,Castel Bolognese,"Castel Bolognese,Emilia-Romagna,Italy",9053429,IT,Municipality,Active
9202036,Santo Stefano Ticino,"Santo Stefano Ticino,Lombardy,Italy",9053433,IT,Municipality,Active
9202037,Parolise,"Parolise,Campania,Italy",9053428,IT,Municipality,Active
9202038,Asigliano Veneto,"Asigliano Veneto,Veneto,Italy",9053442,IT,Municipality,Active
9202039,Cellarengo,"Cellarengo,Piedmont,Italy",9053436,IT,Municipality,Active
9202040,Trofarello,"Trofarello,Piedmont,Italy",9053436,IT,Municipality,Active
9202041,Fontanafredda,"Fontanafredda,Friuli-Venezia Giulia,Italy",9053430,IT,Municipality,Active
9202042,Vicari,"Vicari,Sicily,Italy",9053438,IT,Municipality,Active
9202043,Presenzano,"Presenzano,Campania,Italy",9053428,IT,Municipality,Active
9202044,Casasco,"Casasco,Piedmont,Italy",9053436,IT,Municipality,Active
9202045,Colonnella,"Colonnella,Abruzzo,Italy",9053423,IT,Municipality,Active
9202046,Siena,"Siena,Tuscany,Italy",9053440,IT,Municipality,Active
9202047,Placanica,"Placanica,Calabria,Italy",9053427,IT,Municipality,Active
9202048,Rezzoaglio,"Rezzoaglio,Liguria,Italy",9053432,IT,Municipality,Active
9202049,Lezzeno,"Lezzeno,Lombardy,Italy",9053433,IT,Municipality,Active
9202050,Allumiere,"Allumiere,Lazio,Italy",9053431,IT,Municipality,Active
9202051,Onore,"Onore,Lombardy,Italy",9053433,IT,Municipality,Active
9202052,Sagama,"Sagama,Sardinia,Italy",9053437,IT,Municipality,Active
9202053,Vasto,"Vasto,Abruzzo,Italy",9053423,IT,Municipality,Active
9202054,Velezzo Lomellina,"Velezzo Lomellina,Lombardy,Italy",9053433,IT,Municipality,Active
9202055,Pettorazza Grimani,"Pettorazza Grimani,Veneto,Italy",9053442,IT,Municipality,Active
9202056,Aidomaggiore,"Aidomaggiore,Sardinia,Italy",9053437,IT,Municipality,Active
9202057,Modigliana,"Modigliana,Emilia-Romagna,Italy",9053429,IT,Municipality,Active
9202058,Sarno,"Sarno,Campania,Italy",9053428,IT,Municipality,Active
9202059,Masainas,"Masainas,Sardinia,Italy",9053437,IT,Municipality,Active
9202060,Raccuja,"Raccuja,Sicily,Italy",9053438,IT,Municipality,Active
9202061,Sant'Angelo Limosano,"Sant'Angelo Limosano,Molise,Italy",9053435,IT,Municipality,Active
9202062,Galati Mamertino,"Galati Mamertino,Sicily,Italy",9053438,IT,Municipality,Active
9202063,Sedini,"Sedini,Sardinia,Italy",9053437,IT,Municipality,Active
9202064,Minerbio,"Minerbio,Emilia-Romagna,Italy",9053429,IT,Municipality,Active
9202065,Sant'Elia a Pianisi,"Sant'Elia a Pianisi,Molise,Italy",9053435,IT,Municipality,Active
9202066,Agliano Terme,"Agliano Terme,Piedmont,Italy",9053436,IT,Municipality,Active
9202067,Gazzola,"Gazzola,Emilia-Romagna,Italy",9053429,IT,Municipality,Active
9202068,Lodi,"Lodi,Lombardy,Italy",9053433,IT,Municipality,Active
9202069,Casargo,"Casargo,Lombardy,Italy",9053433,IT,Municipality,Active
9202070,Nova Milanese,"Nova Milanese,Lombardy,Italy",9053433,IT,Municipality,Active
9202071,Colceresa,"Colceresa,Veneto,Italy",9053442,IT,Municipality,Active
9202072,Albinea,"Albinea,Emilia-Romagna,Italy",9053429,IT,Municipality,Active
9202073,Pieve d'Olmi,"Pieve d'Olmi,Lombardy,Italy",9053433,IT,Municipality,Active
9202074,Palombaro,"Palombaro,Abruzzo,Italy",9053423,IT,Municipality,Active
9202075,Blessagno,"Blessagno,Lombardy,Italy",9053433,IT,Municipality,Active
9202076,Solarino,"Solarino,Sicily,Italy",9053438,IT,Municipality,Active
9202077,Madesimo,"Madesimo,Lombardy,Italy",9053433,IT,Municipality,Active
9202078,Avigliana,"Avigliana,Piedmont,Italy",9053436,IT,Municipality,Active
9202079,Bovegno,"Bovegno,Lombardy,Italy",9053433,IT,Municipality,Active
9202080,Fascia,"Fascia,Liguria,Italy",9053432,IT,Municipality,Active
9202081,Loiri Porto San Paolo,"Loiri Porto San Paolo,Sardinia,Italy",9053437,IT,Municipality,Active
9202082,Omegna,"Omegna,Piedmont,Italy",9053436,IT,Municipality,Active
9202083,Fondachelli-Fantina,"Fondachelli-Fantina,Sicily,Italy",9053438,IT,Municipality,Active
9202084,Nughedu San Nicolo,"Nughedu San Nicolo,Sardinia,Italy",9053437,IT,Municipality,Active
9202085,Bareggio,"Bareggio,Lombardy,Italy",9053433,IT,Municipality,Active
9202086,Onzo,"Onzo,Liguria,Italy",9053432,IT,Municipality,Active
9202087,Erbe,"Erbe,Veneto,Italy",9053442,IT,Municipality,Active
9202088,Villapiana,"Villapiana,Calabria,Italy",9053427,IT,Municipality,Active
9202089,Monticelli Brusati,"Monticelli Brusati,Lombardy,Italy",9053433,IT,Municipality,Active
9202090,Vicchio,"Vicchio,Tuscany,Italy",9053440,IT,Municipality,Active
9202091,Ritten,"Ritten,Trentino-South Tyrol,Italy",9053439,IT,Municipality,Active
9202092,Pennapiedimonte,"Pennapiedimonte,Abruzzo,Italy",9053423,IT,Municipality,Active
9202093,Castino,"Castino,Piedmont,Italy",9053436,IT,Municipality,Active
9202094,Petriano,"Petriano,Marche,Italy",9053434,IT,Municipality,Active
9202095,Enemonzo,"Enemonzo,Friuli-Venezia Giulia,Italy",9053430,IT,Municipality,Active
9202096,Olmedo,"Olmedo,Sardinia,Italy",9053437,IT,Municipality,Active
9202097,Seveso,"Seveso,Lombardy,Italy",9053433,IT,Municipality,Active
9202098,Faleria,"Faleria,Lazio,Italy",9053431,IT,Municipality,Active
9202099,Zeccone,"Zeccone,Lombardy,Italy",9053433,IT,Municipality,Active
9202100,Baselice,"Baselice,Campania,Italy",9053428,IT,Municipality,Active
9202101,Castel di Ieri,"Castel di Ieri,Abruzzo,Italy",9053423,IT,Municipality,Active
9202102,Viverone,"Viverone,Piedmont,Italy",9053436,IT,Municipality,Active
9202103,Neirone,"Neirone,Liguria,Italy",9053432,IT,Municipality,Active
9202104,Tonara,"Tonara,Sardinia,Italy",9053437,IT,Municipality,Active
9202105,Masio,"Masio,Piedmont,Italy",9053436,IT,Municipality,Active
9202106,Apricena,"Apricena,Apulia,Italy",9053425,IT,Municipality,Active
9202107,Zone,"Zone,Lombardy,Italy",9053433,IT,Municipality,Active
9202108,San Salvatore Monferrato,"San Salvatore Monferrato,Piedmont,Italy",9053436,IT,Municipality,Active
9202109,Moglia,"Moglia,Lombardy,Italy",9053433,IT,Municipality,Active
9202110,Castelluccio Superiore,"Castelluccio Superiore,Basilicata,Italy",9053426,IT,Municipality,Active
9202111,Lagonegro,"Lagonegro,Basilicata,Italy",9053426,IT,Municipality,Active
9202112,Bonnanaro,"Bonnanaro,Sardinia,Italy",9053437,IT,Municipality,Active
9202113,Pozzallo,"Pozzallo,Sicily,Italy",9053438,IT,Municipality,Active
9202114,Testico,"Testico,Liguria,Italy",9053432,IT,Municipality,Active
9202115,Santo Stefano di Camastra,"Santo Stefano di Camastra,Sicily,Italy",9053438,IT,Municipality,Active
9202116,Salzano,"Salzano,Veneto,Italy",9053442,IT,Municipality,Active
9202117,Olevano di Lomellina,"Olevano di Lomellina,Lombardy,Italy",9053433,IT,Municipality,Active
9202118,Germagnano,"Germagnano,Piedmont,Italy",9053436,IT,Municipality,Active
9202119,Gazzada Schianno,"Gazzada Schianno,Lombardy,Italy",9053433,IT,Municipality,Active
9202120,San Martino Siccomario,"San Martino Siccomario,Lombardy,Italy",9053433,IT,Municipality,Active
9202121,Anghiari,"Anghiari,Tuscany,Italy",9053440,IT,Municipality,Active
9202122,Vinovo,"Vinovo,Piedmont,Italy",9053436,IT,Municipality,Active
9202123,Santarcangelo di Romagna,"Santarcangelo di Romagna,Emilia-Romagna,Italy",9053429,IT,Municipality,Active
9202124,Pognano,"Pognano,Lombardy,Italy",9053433,IT,Municipality,Active
9202125,San Nicola la Strada,"San Nicola la Strada,Campania,Italy",9053428,IT,Municipality,Active
9202126,Palombara Sabina,"Palombara Sabina,Lazio,Italy",9053431,IT,Municipality,Active
9202127,Montazzoli,"Montazzoli,Abruzzo,Italy",9053423,IT,Municipality,Active
9202128,Erve,"Erve,Lombardy,Italy",9053433,IT,Municipality,Active
9202129,Sambuco,"Sambuco,Piedmont,Italy",9053436,IT,Municipality,Active
9202130,Ostiano,"Ostiano,Lombardy,Italy",9053433,IT,Municipality,Active
9202131,Possagno,"Possagno,Veneto,Italy",9053442,IT,Municipality,Active
9202132,Alzate Brianza,"Alzate Brianza,Lombardy,Italy",9053433,IT,Municipality,Active
9202133,Brognaturo,"Brognaturo,Calabria,Italy",9053427,IT,Municipality,Active
9202134,Gazzaniga,"Gazzaniga,Lombardy,Italy",9053433,IT,Municipality,Active
9202135,Taviano,"Taviano,Apulia,Italy",9053425,IT,Municipality,Active
9202136,Colfelice,"Colfelice,Lazio,Italy",9053431,IT,Municipality,Active
9202137,Godrano,"Godrano,Sicily,Italy",9053438,IT,Municipality,Active
9202138,Castelvecchio Subequo,"Castelvecchio Subequo,Abruzzo,Italy",9053423,IT,Municipality,Active
9202139,San Donato Val di Comino,"San Donato Val di Comino,Lazio,Italy",9053431,IT,Municipality,Active
9202140,Ozzero,"Ozzero,Lombardy,Italy",9053433,IT,Municipality,Active
9202141,Tonco,"Tonco,Piedmont,Italy",9053436,IT,Municipality,Active
9202142,Argenta,"Argenta,Emilia-Romagna,Italy",9053429,IT,Municipality,Active
9202143,San Michele all'Adige,"San Michele all'Adige,Trentino-South Tyrol,Italy",9053439,IT,Municipality,Active
9202144,Cumignano sul Naviglio,"Cumignano sul Naviglio,Lombardy,Italy",9053433,IT,Municipality,Active
9202145,Pavia,"Pavia,Lombardy,Italy",9053433,IT,Municipality,Active
9202146,Torriglia,"Torriglia,Liguria,Italy",9053432,IT,Municipality,Active
9202147,Massa d'Albe,"Massa d'Albe,Abruzzo,Italy",9053423,IT,Municipality,Active
9202148,Ingria,"Ingria,Piedmont,Italy",9053436,IT,Municipality,Active
9202149,Casarza Ligure,"Casarza Ligure,Liguria,Italy",9053432,IT,Municipality,Active
9202150,Pieve del Grappa,"Pieve del Grappa,Veneto,Italy",9053442,IT,Municipality,Active
9202151,Rocca di Papa,"Rocca di Papa,Lazio,Italy",9053431,IT,Municipality,Active
9202152,Camporotondo Etneo,"Camporotondo Etneo,Sicily,Italy",9053438,IT,Municipality,Active
9202153,Bussi sul Tirino,"Bussi sul Tirino,Abruzzo,Italy",9053423,IT,Municipality,Active
9202154,Montalto Uffugo,"Montalto Uffugo,Calabria,Italy",9053427,IT,Municipality,Active
9202155,Sassuolo,"Sassuolo,Emilia-Romagna,Italy",9053429,IT,Municipality,Active
9202156,Barzio,"Barzio,Lombardy,Italy",9053433,IT,Municipality,Active
9202157,Nughedu Santa Vittoria,"Nughedu Santa Vittoria,Sardinia,Italy",9053437,IT,Municipality,Active
9202158,Gardone Val Trompia,"Gardone Val Trompia,Lombardy,Italy",9053433,IT,Municipality,Active
9202159,Pisa,"Pisa,Tuscany,Italy",9053440,IT,Municipality,Active
9202160,Villanova Monferrato,"Villanova Monferrato,Piedmont,Italy",9053436,IT,Municipality,Active
9202161,Colleretto Giacosa,"Colleretto Giacosa,Piedmont,Italy",9053436,IT,Municipality,Active
9202162,Busnago,"Busnago,Lombardy,Italy",9053433,IT,Municipality,Active
9202163,Sperlinga,"Sperlinga,Sicily,Italy",9053438,IT,Municipality,Active
9202164,Colle Umberto,"Colle Umberto,Veneto,Italy",9053442,IT,Municipality,Active
9202165,Chiusi,"Chiusi,Tuscany,Italy",9053440,IT,Municipality,Active
9202166,Rio,"Rio,Tuscany,Italy",9053440,IT,Municipality,Active
9202167,Formicola,"Formicola,Campania,Italy",9053428,IT,Municipality,Active
9202168,Servigliano,"Servigliano,Marche,Italy",9053434,IT,Municipality,Active
9202169,Solbiate con Cagno,"Solbiate con Cagno,Lombardy,Italy",9053433,IT,Municipality,Active
9202170,San Giuseppe Jato,"San Giuseppe Jato,Sicily,Italy",9053438,IT,Municipality,Active
9202171,Pulsano,"Pulsano,Apulia,Italy",9053425,IT,Municipality,Active
9202172,San Nicolo d'Arcidano,"San Nicolo d'Arcidano,Sardinia,Italy",9053437,IT,Municipality,Active
9202173,Sorano,"Sorano,Tuscany,Italy",9053440,IT,Municipality,Active
9202174,Veduggio con Colzano,"Veduggio con Colzano,Lombardy,Italy",9053433,IT,Municipality,Active
9202175,Ponte Lambro,"Ponte Lambro,Lombardy,Italy",9053433,IT,Municipality,Active
9202176,Tresana,"Tresana,Tuscany,Italy",9053440,IT,Municipality,Active
9202177,Curinga,"Curinga,Calabria,Italy",9053427,IT,Municipality,Active
9202178,Paolisi,"Paolisi,Campania,Italy",9053428,IT,Municipality,Active
9202179,Borgo Tossignano,"Borgo Tossignano,Emilia-Romagna,Italy",9053429,IT,Municipality,Active
9202180,Vignola-Falesina,"Vignola-Falesina,Trentino-South Tyrol,Italy",9053439,IT,Municipality,Active
9202181,Ghilarza,"Ghilarza,Sardinia,Italy",9053437,IT,Municipality,Active
9202182,Paola,"Paola,Calabria,Italy",9053427,IT,Municipality,Active
9202183,Basaluzzo,"Basaluzzo,Piedmont,Italy",9053436,IT,Municipality,Active
9202184,Fontevivo,"Fontevivo,Emilia-Romagna,Italy",9053429,IT,Municipality,Active
9202185,Limone Piemonte,"Limone Piemonte,Piedmont,Italy",9053436,IT,Municipality,Active
9202186,Londa,"Londa,Tuscany,Italy",9053440,IT,Municipality,Active
9202187,Agnone,"Agnone,Molise,Italy",9053435,IT,Municipality,Active
9202188,Palazzuolo sul Senio,"Palazzuolo sul Senio,Tuscany,Italy",9053440,IT,Municipality,Active
9202189,Castelluccio dei Sauri,"Castelluccio dei Sauri,Apulia,Italy",9053425,IT,Municipality,Active
9202190,Camposampiero,"Camposampiero,Veneto,Italy",9053442,IT,Municipality,Active
9202191,Arcola,"Arcola,Liguria,Italy",9053432,IT,Municipality,Active
9202192,Onifai,"Onifai,Sardinia,Italy",9053437,IT,Municipality,Active
9202193,Poggio Catino,"Poggio Catino,Lazio,Italy",9053431,IT,Municipality,Active
9202194,Sabaudia,"Sabaudia,Lazio,Italy",9053431,IT,Municipality,Active
9202195,Barano d'Ischia,"Barano d'Ischia,Campania,Italy",9053428,IT,Municipality,Active
9202196,Poggio Bustone,"Poggio Bustone,Lazio,Italy",9053431,IT,Municipality,Active
9202197,Verucchio,"Verucchio,Emilia-Romagna,Italy",9053429,IT,Municipality,Active
9202198,Montaldo Torinese,"Montaldo Torinese,Piedmont,Italy",9053436,IT,Municipality,Active
9202199,Montegioco,"Montegioco,Piedmont,Italy",9053436,IT,Municipality,Active
9202200,Pietrapaola,"Pietrapaola,Calabria,Italy",9053427,IT,Municipality,Active
9202201,Forno Canavese,"Forno Canavese,Piedmont,Italy",9053436,IT,Municipality,Active
9202202,Somaglia,"Somaglia,Lombardy,Italy",9053433,IT,Municipality,Active
9202203,Omignano,"Omignano,Campania,Italy",9053428,IT,Municipality,Active
9202204,Massanzago,"Massanzago,Veneto,Italy",9053442,IT,Municipality,Active
9202205,Matelica,"Matelica,Marche,Italy",9053434,IT,Municipality,Active
9202206,Cervo,"Cervo,Liguria,Italy",9053432,IT,Municipality,Active
9202207,Monsano,"Monsano,Marche,Italy",9053434,IT,Municipality,Active
9202208,Pavarolo,"Pavarolo,Piedmont,Italy",9053436,IT,Municipality,Active
9202209,Montecchia di Crosara,"Montecchia di Crosara,Veneto,Italy",9053442,IT,Municipality,Active
9202210,Cannara,"Cannara,Umbria,Italy",9053441,IT,Municipality,Active
9202211,Fontaniva,"Fontaniva,Veneto,Italy",9053442,IT,Municipality,Active
9202212,Andalo,"Andalo,Trentino-South Tyrol,Italy",9053439,IT,Municipality,Active
9202213,Sommariva Perno,"Sommariva Perno,Piedmont,Italy",9053436,IT,Municipality,Active
9202214,Pago del Vallo di Lauro,"Pago del Vallo di Lauro,Campania,Italy",9053428,IT,Municipality,Active
9202215,Cassano delle Murge,"Cassano delle Murge,Apulia,Italy",9053425,IT,Municipality,Active
9202216,Cersosimo,"Cersosimo,Basilicata,Italy",9053426,IT,Municipality,Active
9202217,Cartoceto,"Cartoceto,Marche,Italy",9053434,IT,Municipality,Active
9202218,Taurisano,"Taurisano,Apulia,Italy",9053425,IT,Municipality,Active
9202219,Bulciago,"Bulciago,Lombardy,Italy",9053433,IT,Municipality,Active
9202220,Fratte Rosa,"Fratte Rosa,Marche,Italy",9053434,IT,Municipality,Active
9202221,Bovino,"Bovino,Apulia,Italy",9053425,IT,Municipality,Active
9202222,Calvi,"Calvi,Campania,Italy",9053428,IT,Municipality,Active
9202223,Piedimonte San Germano,"Piedimonte San Germano,Lazio,Italy",9053431,IT,Municipality,Active
9202224,Val di Nizza,"Val di Nizza,Lombardy,Italy",9053433,IT,Municipality,Active
9202225,Roccaraso,"Roccaraso,Abruzzo,Italy",9053423,IT,Municipality,Active
9202226,Calitri,"Calitri,Campania,Italy",9053428,IT,Municipality,Active
9202227,Garzeno,"Garzeno,Lombardy,Italy",9053433,IT,Municipality,Active
9202228,Rosello,"Rosello,Abruzzo,Italy",9053423,IT,Municipality,Active
9202229,Tombolo,"Tombolo,Veneto,Italy",9053442,IT,Municipality,Active
9202230,Castelnuovo del Garda,"Castelnuovo del Garda,Veneto,Italy",9053442,IT,Municipality,Active
9202231,Sant'Apollinare,"Sant'Apollinare,Lazio,Italy",9053431,IT,Municipality,Active
9202232,Moresco,"Moresco,Marche,Italy",9053434,IT,Municipality,Active
9202233,Settime,"Settime,Piedmont,Italy",9053436,IT,Municipality,Active
9202234,Melicucco,"Melicucco,Calabria,Italy",9053427,IT,Municipality,Active
9202235,Morsasco,"Morsasco,Piedmont,Italy",9053436,IT,Municipality,Active
9202236,Carcare,"Carcare,Liguria,Italy",9053432,IT,Municipality,Active
9202237,Valgreghentino,"Valgreghentino,Lombardy,Italy",9053433,IT,Municipality,Active
9202238,Cerretto Langhe,"Cerretto Langhe,Piedmont,Italy",9053436,IT,Municipality,Active
9202239,Castelmassa,"Castelmassa,Veneto,Italy",9053442,IT,Municipality,Active
9202240,Valsamoggia,"Valsamoggia,Emilia-Romagna,Italy",9053429,IT,Municipality,Active
9202241,Atzara,"Atzara,Sardinia,Italy",9053437,IT,Municipality,Active
9202242,Inverigo,"Inverigo,Lombardy,Italy",9053433,IT,Municipality,Active
9202243,Borgo Priolo,"Borgo Priolo,Lombardy,Italy",9053433,IT,Municipality,Active
9202244,Manerbio,"Manerbio,Lombardy,Italy",9053433,IT,Municipality,Active
9202245,Ceresole Reale,"Ceresole Reale,Piedmont,Italy",9053436,IT,Municipality,Active
9202246,Quart,"Quart,Aosta Valley,Italy",9053424,IT,Municipality,Active
9202247,Varallo Pombia,"Varallo Pombia,Piedmont,Italy",9053436,IT,Municipality,Active
9202248,Vallo di Nera,"Vallo di Nera,Umbria,Italy",9053441,IT,Municipality,Active
9202249,Vittoria,"Vittoria,Sicily,Italy",9053438,IT,Municipality,Active
9202250,Lavarone,"Lavarone,Trentino-South Tyrol,Italy",9053439,IT,Municipality,Active
9202251,Germignaga,"Germignaga,Lombardy,Italy",9053433,IT,Municipality,Active
9202252,Lustra,"Lustra,Campania,Italy",9053428,IT,Municipality,Active
9202253,Sernaglia della Battaglia,"Sernaglia della Battaglia,Veneto,Italy",9053442,IT,Municipality,Active
9202254,Motta San Giovanni,"Motta San Giovanni,Calabria,Italy",9053427,IT,Municipality,Active
9202255,Breno,"Breno,Lombardy,Italy",9053433,IT,Municipality,Active
9202256,Adrara San Rocco,"Adrara San Rocco,Lombardy,Italy",9053433,IT,Municipality,Active
9202257,Villanova di Camposampiero,"Villanova di Camposampiero,Veneto,Italy",9053442,IT,Municipality,Active
9202258,Farnese,"Farnese,Lazio,Italy",9053431,IT,Municipality,Active
9202259,Spadafora,"Spadafora,Sicily,Italy",9053438,IT,Municipality,Active
9202260,Scerni,"Scerni,Abruzzo,Italy",9053423,IT,Municipality,Active
9202261,Bucchianico,"Bucchianico,Abruzzo,Italy",9053423,IT,Municipality,Active
9202262,Perdifumo,"Perdifumo,Campania,Italy",9053428,IT,Municipality,Active
9202263,Campogalliano,"Campogalliano,Emilia-Romagna,Italy",9053429,IT,Municipality,Active
9202264,Fornace,"Fornace,Trentino-South Tyrol,Italy",9053439,IT,Municipality,Active
9202265,Giacciano con Baruchella,"Giacciano con Baruchella,Veneto,Italy",9053442,IT,Municipality,Active
9202266,Malagnino,"Malagnino,Lombardy,Italy",9053433,IT,Municipality,Active
9202267,Celle di Bulgheria,"Celle di Bulgheria,Campania,Italy",9053428,IT,Municipality,Active
9202268,Pontedassio,"Pontedassio,Liguria,Italy",9053432,IT,Municipality,Active
9202269,Albano di Lucania,"Albano di Lucania,Basilicata,Italy",9053426,IT,Municipality,Active
9202270,Portula,"Portula,Piedmont,Italy",9053436,IT,Municipality,Active
9202271,Mamoiada,"Mamoiada,Sardinia,Italy",9053437,IT,Municipality,Active
9202272,Sant'Agata li Battiati,"Sant'Agata li Battiati,Sicily,Italy",9053438,IT,Municipality,Active
9202273,Bassignana,"Bassignana,Piedmont,Italy",9053436,IT,Municipality,Active
9202274,Cazzago Brabbia,"Cazzago Brabbia,Lombardy,Italy",9053433,IT,Municipality,Active
9202275,Noragugume,"Noragugume,Sardinia,Italy",9053437,IT,Municipality,Active
9202276,Roccamonfina,"Roccamonfina,Campania,Italy",9053428,IT,Municipality,Active
9202277,Cervignano del Friuli,"Cervignano del Friuli,Friuli-Venezia Giulia,Italy",9053430,IT,Municipality,Active
9202278,Castelcucco,"Castelcucco,Veneto,Italy",9053442,IT,Municipality,Active
9202279,Radda in Chianti,"Radda in Chianti,Tuscany,Italy",9053440,IT,Municipality,Active
9202280,Lanciano,"Lanciano,Abruzzo,Italy",9053423,IT,Municipality,Active
9202281,Veronella,"Veronella,Veneto,Italy",9053442,IT,Municipality,Active
9202282,Boville Ernica,"Boville Ernica,Lazio,Italy",9053431,IT,Municipality,Active
9202283,Crodo,"Crodo,Piedmont,Italy",9053436,IT,Municipality,Active
9202284,Castellania Coppi,"Castellania Coppi,Piedmont,Italy",9053436,IT,Municipality,Active
9202285,Taleggio,"Taleggio,Lombardy,Italy",9053433,IT,Municipality,Active
9202286,Nociglia,"Nociglia,Apulia,Italy",9053425,IT,Municipality,Active
9202287,Capraia e Limite,"Capraia e Limite,Tuscany,Italy",9053440,IT,Municipality,Active
9202288,Petacciato,"Petacciato,Molise,Italy",9053435,IT,Municipality,Active
9202289,Pontecagnano Faiano,"Pontecagnano Faiano,Campania,Italy",9053428,IT,Municipality,Active
9202290,Roccapiemonte,"Roccapiemonte,Campania,Italy",9053428,IT,Municipality,Active
9202291,Bolognano,"Bolognano,Abruzzo,Italy",9053423,IT,Municipality,Active
9202292,Feldthurns,"Feldthurns,Trentino-South Tyrol,Italy",9053439,IT,Municipality,Active
9202293,Genazzano,"Genazzano,Lazio,Italy",9053431,IT,Municipality,Active
9202294,Lauria,"Lauria,Basilicata,Italy",9053426,IT,Municipality,Active
9202295,Chianocco,"Chianocco,Piedmont,Italy",9053436,IT,Municipality,Active
9202296,Osimo,"Osimo,Marche,Italy",9053434,IT,Municipality,Active
9202297,Abbadia Cerreto,"Abbadia Cerreto,Lombardy,Italy",9053433,IT,Municipality,Active
9202298,Pontecchio Polesine,"Pontecchio Polesine,Veneto,Italy",9053442,IT,Municipality,Active
9202299,Atina,"Atina,Lazio,Italy",9053431,IT,Municipality,Active
9202300,Cremenaga,"Cremenaga,Lombardy,Italy",9053433,IT,Municipality,Active
9202301,Sessa Aurunca,"Sessa Aurunca,Campania,Italy",9053428,IT,Municipality,Active
9202302,Inzago,"Inzago,Lombardy,Italy",9053433,IT,Municipality,Active
9202303,Campodipietra,"Campodipietra,Molise,Italy",9053435,IT,Municipality,Active
9202304,Boroneddu,"Boroneddu,Sardinia,Italy",9053437,IT,Municipality,Active
9202305,San Zeno Naviglio,"San Zeno Naviglio,Lombardy,Italy",9053433,IT,Municipality,Active
9202306,Olgiate Molgora,"Olgiate Molgora,Lombardy,Italy",9053433,IT,Municipality,Active
9202307,Castiglione Torinese,"Castiglione Torinese,Piedmont,Italy",9053436,IT,Municipality,Active
9202308,Castiglione dei Pepoli,"Castiglione dei Pepoli,Emilia-Romagna,Italy",9053429,IT,Municipality,Active
9202309,Castelnovo del Friuli,"Castelnovo del Friuli,Friuli-Venezia Giulia,Italy",9053430,IT,Municipality,Active
9202310,Castione Andevenno,"Castione Andevenno,Lombardy,Italy",9053433,IT,Municipality,Active
9202311,Brittoli,"Brittoli,Abruzzo,Italy",9053423,IT,Municipality,Active
9202312,Sogliano al Rubicone,"Sogliano al Rubicone,Emilia-Romagna,Italy",9053429,IT,Municipality,Active
9202313,Pezzolo Valle Uzzone,"Pezzolo Valle Uzzone,Piedmont,Italy",9053436,IT,Municipality,Active
9202314,Quistello,"Quistello,Lombardy,Italy",9053433,IT,Municipality,Active
9202315,Mercato San Severino,"Mercato San Severino,Campania,Italy",9053428,IT,Municipality,Active
9202316,Druogno,"Druogno,Piedmont,Italy",9053436,IT,Municipality,Active
9202317,Lupara,"Lupara,Molise,Italy",9053435,IT,Municipality,Active
9202318,Vescovato,"Vescovato,Lombardy,Italy",9053433,IT,Municipality,Active
9202319,Camburzano,"Camburzano,Piedmont,Italy",9053436,IT,Municipality,Active
9202320,Comano Terme,"Comano Terme,Trentino-South Tyrol,Italy",9053439,IT,Municipality,Active
9202321,Borgo Ticino,"Borgo Ticino,Piedmont,Italy",9053436,IT,Municipality,Active
9202322,Cecima,"Cecima,Lombardy,Italy",9053433,IT,Municipality,Active
9202323,Sommo,"Sommo,Lombardy,Italy",9053433,IT,Municipality,Active
9202324,Pimentel,"Pimentel,Sardinia,Italy",9053437,IT,Municipality,Active
9202325,Ginosa,"Ginosa,Apulia,Italy",9053425,IT,Municipality,Active
9202326,Monte San Martino,"Monte San Martino,Marche,Italy",9053434,IT,Municipality,Active
9202327,Malvicino,"Malvicino,Piedmont,Italy",9053436,IT,Municipality,Active
9202328,Montebruno,"Montebruno,Liguria,Italy",9053432,IT,Municipality,Active
9202329,Isolabona,"Isolabona,Liguria,Italy",9053432,IT,Municipality,Active
9202330,Issogne,"Issogne,Aosta Valley,Italy",9053424,IT,Municipality,Active
9202331,Veroli,"Veroli,Lazio,Italy",9053431,IT,Municipality,Active
9202332,Vagli Sotto,"Vagli Sotto,Tuscany,Italy",9053440,IT,Municipality,Active
9202333,Montecrestese,"Montecrestese,Piedmont,Italy",9053436,IT,Municipality,Active
9202334,Crova,"Crova,Piedmont,Italy",9053436,IT,Municipality,Active
9202335,Derovere,"Derovere,Lombardy,Italy",9053433,IT,Municipality,Active
9202336,Malborghetto Valbruna,"Malborghetto Valbruna,Friuli-Venezia Giulia,Italy",9053430,IT,Municipality,Active
9202337,Bovolenta,"Bovolenta,Veneto,Italy",9053442,IT,Municipality,Active
9202338,Bionaz,"Bionaz,Aosta Valley,Italy",9053424,IT,Municipality,Active
9202339,Asiago,"Asiago,Veneto,Italy",9053442,IT,Municipality,Active
9202340,Castiglione del Lago,"Castiglione del Lago,Umbria,Italy",9053441,IT,Municipality,Active
9202341,Zero Branco,"Zero Branco,Veneto,Italy",9053442,IT,Municipality,Active
9202342,Arnasco,"Arnasco,Liguria,Italy",9053432,IT,Municipality,Active
9202343,Carpanzano,"Carpanzano,Calabria,Italy",9053427,IT,Municipality,Active
9202344,Collepasso,"Collepasso,Apulia,Italy",9053425,IT,Municipality,Active
9202345,Zane,"Zane,Veneto,Italy",9053442,IT,Municipality,Active
9202346,Montemurlo,"Montemurlo,Tuscany,Italy",9053440,IT,Municipality,Active
9202347,Merlara,"Merlara,Veneto,Italy",9053442,IT,Municipality,Active
9202348,Volvera,"Volvera,Piedmont,Italy",9053436,IT,Municipality,Active
9202349,Fabbrico,"Fabbrico,Emilia-Romagna,Italy",9053429,IT,Municipality,Active
9202350,Neumarkt,"Neumarkt,Trentino-South Tyrol,Italy",9053439,IT,Municipality,Active
9202351,Paderna,"Paderna,Piedmont,Italy",9053436,IT,Municipality,Active
9202352,Bellosguardo,"Bellosguardo,Campania,Italy",9053428,IT,Municipality,Active
9202353,Ballao,"Ballao,Sardinia,Italy",9053437,IT,Municipality,Active
9202354,Castions di Strada,"Castions di Strada,Friuli-Venezia Giulia,Italy",9053430,IT,Municipality,Active
9202355,Putifigari,"Putifigari,Sardinia,Italy",9053437,IT,Municipality,Active
9202356,Quassolo,"Quassolo,Piedmont,Italy",9053436,IT,Municipality,Active
9202357,Arzignano,"Arzignano,Veneto,Italy",9053442,IT,Municipality,Active
9202358,Parabiago,"Parabiago,Lombardy,Italy",9053433,IT,Municipality,Active
9202359,Perinaldo,"Perinaldo,Liguria,Italy",9053432,IT,Municipality,Active
9202360,Bolotana,"Bolotana,Sardinia,Italy",9053437,IT,Municipality,Active
9202361,Lusciano,"Lusciano,Campania,Italy",9053428,IT,Municipality,Active
9202362,Aosta,"Aosta,Aosta Valley,Italy",9053424,IT,Municipality,Active
9202363,Cetraro,"Cetraro,Calabria,Italy",9053427,IT,Municipality,Active
9202364,Ceprano,"Ceprano,Lazio,Italy",9053431,IT,Municipality,Active
9202365,Vesime,"Vesime,Piedmont,Italy",9053436,IT,Municipality,Active
9202366,Porto San Giorgio,"Porto San Giorgio,Marche,Italy",9053434,IT,Municipality,Active
9202367,Cologna Veneta,"Cologna Veneta,Veneto,Italy",9053442,IT,Municipality,Active
9202368,Canino,"Canino,Lazio,Italy",9053431,IT,Municipality,Active
9202369,Moransengo-Tonengo,"Moransengo-Tonengo,Piedmont,Italy",9053436,IT,Municipality,Active
9202370,Vallanzengo,"Vallanzengo,Piedmont,Italy",9053436,IT,Municipality,Active
9202371,Goro,"Goro,Emilia-Romagna,Italy",9053429,IT,Municipality,Active
9202372,Salbertrand,"Salbertrand,Piedmont,Italy",9053436,IT,Municipality,Active
9202373,Bernezzo,"Bernezzo,Piedmont,Italy",9053436,IT,Municipality,Active
9202374,San Martino Valle Caudina,"San Martino Valle Caudina,Campania,Italy",9053428,IT,Municipality,Active
9202375,Agrate Conturbia,"Agrate Conturbia,Piedmont,Italy",9053436,IT,Municipality,Active
9202376,Monte Marenzo,"Monte Marenzo,Lombardy,Italy",9053433,IT,Municipality,Active
9202377,Ceva,"Ceva,Piedmont,Italy",9053436,IT,Municipality,Active
9202378,Nocera Superiore,"Nocera Superiore,Campania,Italy",9053428,IT,Municipality,Active
9202379,Vico nel Lazio,"Vico nel Lazio,Lazio,Italy",9053431,IT,Municipality,Active
9202380,Loreto,"Loreto,Marche,Italy",9053434,IT,Municipality,Active
9202381,Laureana di Borrello,"Laureana di Borrello,Calabria,Italy",9053427,IT,Municipality,Active
9202382,Fontanarosa,"Fontanarosa,Campania,Italy",9053428,IT,Municipality,Active
9202383,Bulgarograsso,"Bulgarograsso,Lombardy,Italy",9053433,IT,Municipality,Active
9202384,Grinzane Cavour,"Grinzane Cavour,Piedmont,Italy",9053436,IT,Municipality,Active
9202385,Marciano della Chiana,"Marciano della Chiana,Tuscany,Italy",9053440,IT,Municipality,Active
9202386,Vergato,"Vergato,Emilia-Romagna,Italy",9053429,IT,Municipality,Active
9202387,Lodrino,"Lodrino,Lombardy,Italy",9053433,IT,Municipality,Active
9202388,Assisi,"Assisi,Umbria,Italy",9053441,IT,Municipality,Active
9202389,Arnara,"Arnara,Lazio,Italy",9053431,IT,Municipality,Active
9202390,Suni,"Suni,Sardinia,Italy",9053437,IT,Municipality,Active
9202391,Posta Fibreno,"Posta Fibreno,Lazio,Italy",9053431,IT,Municipality,Active
9202392,Villanova del Battista,"Villanova del Battista,Campania,Italy",9053428,IT,Municipality,Active
9202393,Rigolato,"Rigolato,Friuli-Venezia Giulia,Italy",9053430,IT,Municipality,Active
9202394,Todi,"Todi,Umbria,Italy",9053441,IT,Municipality,Active
9202395,Pimonte,"Pimonte,Campania,Italy",9053428,IT,Municipality,Active
9202396,Coccaglio,"Coccaglio,Lombardy,Italy",9053433,IT,Municipality,Active
9202397,Valbondione,"Valbondione,Lombardy,Italy",9053433,IT,Municipality,Active
9202398,Villaverla,"Villaverla,Veneto,Italy",9053442,IT,Municipality,Active
9202399,Foligno,"Foligno,Umbria,Italy",9053441,IT,Municipality,Active
9202400,Casapesenna,"Casapesenna,Campania,Italy",9053428,IT,Municipality,Active
9202401,Petina,"Petina,Campania,Italy",9053428,IT,Municipality,Active
9202402,Magliano Alfieri,"Magliano Alfieri,Piedmont,Italy",9053436,IT,Municipality,Active
9202403,Montappone,"Montappone,Marche,Italy",9053434,IT,Municipality,Active
9202404,Breda di Piave,"Breda di Piave,Veneto,Italy",9053442,IT,Municipality,Active
9202405,Rosignano Monferrato,"Rosignano Monferrato,Piedmont,Italy",9053436,IT,Municipality,Active
9202406,Broccostella,"Broccostella,Lazio,Italy",9053431,IT,Municipality,Active
9202407,Nonio,"Nonio,Piedmont,Italy",9053436,IT,Municipality,Active
9202408,Francavilla Bisio,"Francavilla Bisio,Piedmont,Italy",9053436,IT,Municipality,Active
9202409,Gagliato,"Gagliato,Calabria,Italy",9053427,IT,Municipality,Active
9202410,Villamar,"Villamar,Sardinia,Italy",9053437,IT,Municipality,Active
9202411,Dorio,"Dorio,Lombardy,Italy",9053433,IT,Municipality,Active
9202412,Quartu Sant'Elena,"Quartu Sant'Elena,Sardinia,Italy",9053437,IT,Municipality,Active
9202413,Novi Ligure,"Novi Ligure,Piedmont,Italy",9053436,IT,Municipality,Active
9202414,Crosia,"Crosia,Calabria,Italy",9053427,IT,Municipality,Active
9202415,Calvello,"Calvello,Basilicata,Italy",9053426,IT,Municipality,Active
9202416,Castelfranco Emilia,"Castelfranco Emilia,Emilia-Romagna,Italy",9053429,IT,Municipality,Active
9202417,Poirino,"Poirino,Piedmont,Italy",9053436,IT,Municipality,Active
9202418,Hafling,"Hafling,Trentino-South Tyrol,Italy",9053439,IT,Municipality,Active
9202419,Tadasuni,"Tadasuni,Sardinia,Italy",9053437,IT,Municipality,Active
9202420,Ortueri,"Ortueri,Sardinia,Italy",9053437,IT,Municipality,Active
9202421,Chiuduno,"Chiuduno,Lombardy,Italy",9053433,IT,Municipality,Active
9202422,Subbiano,"Subbiano,Tuscany,Italy",9053440,IT,Municipality,Active
9202423,Torno,"Torno,Lombardy,Italy",9053433,IT,Municipality,Active
9202424,San Giacomo Filippo,"San Giacomo Filippo,Lombardy,Italy",9053433,IT,Municipality,Active
9202425,Parre,"Parre,Lombardy,Italy",9053433,IT,Municipality,Active
9202426,Elice,"Elice,Abruzzo,Italy",9053423,IT,Municipality,Active
9202427,San Michele Mondovi,"San Michele Mondovi,Piedmont,Italy",9053436,IT,Municipality,Active
9202428,Filattiera,"Filattiera,Tuscany,Italy",9053440,IT,Municipality,Active
9202429,Codogno,"Codogno,Lombardy,Italy",9053433,IT,Municipality,Active
9202430,Male,"Male,Trentino-South Tyrol,Italy",9053439,IT,Municipality,Active
9202431,Robecco sul Naviglio,"Robecco sul Naviglio,Lombardy,Italy",9053433,IT,Municipality,Active
9202432,Valprato Soana,"Valprato Soana,Piedmont,Italy",9053436,IT,Municipality,Active
9202433,Castell'Umberto,"Castell'Umberto,Sicily,Italy",9053438,IT,Municipality,Active
9202434,San Mauro Torinese,"San Mauro Torinese,Piedmont,Italy",9053436,IT,Municipality,Active
9202435,Paglieta,"Paglieta,Abruzzo,Italy",9053423,IT,Municipality,Active
9202436,Piazzolo,"Piazzolo,Lombardy,Italy",9053433,IT,Municipality,Active
9202437,Marsico Nuovo,"Marsico Nuovo,Basilicata,Italy",9053426,IT,Municipality,Active
9202438,Lauco,"Lauco,Friuli-Venezia Giulia,Italy",9053430,IT,Municipality,Active
9202439,Falcone,"Falcone,Sicily,Italy",9053438,IT,Municipality,Active
9202440,Santa Maria Rezzonico,"Santa Maria Rezzonico,Lombardy,Italy",9053433,IT,Municipality,Active
9202441,Borghetto Santo Spirito,"Borghetto Santo Spirito,Liguria,Italy",9053432,IT,Municipality,Active
9202442,Picerno,"Picerno,Basilicata,Italy",9053426,IT,Municipality,Active
9202443,Brenner,"Brenner,Trentino-South Tyrol,Italy",9053439,IT,Municipality,Active
9202444,Ovodda,"Ovodda,Sardinia,Italy",9053437,IT,Municipality,Active
9202445,Campomorone,"Campomorone,Liguria,Italy",9053432,IT,Municipality,Active
9202446,Dusino San Michele,"Dusino San Michele,Piedmont,Italy",9053436,IT,Municipality,Active
9202447,Ortovero,"Ortovero,Liguria,Italy",9053432,IT,Municipality,Active
9202448,Reano,"Reano,Piedmont,Italy",9053436,IT,Municipality,Active
9202449,Macherio,"Macherio,Lombardy,Italy",9053433,IT,Municipality,Active
9202450,Alta Valle Intelvi,"Alta Valle Intelvi,Lombardy,Italy",9053433,IT,Municipality,Active
9202451,Pancarana,"Pancarana,Lombardy,Italy",9053433,IT,Municipality,Active
9202452,Zovencedo,"Zovencedo,Veneto,Italy",9053442,IT,Municipality,Active
9202453,Portici,"Portici,Campania,Italy",9053428,IT,Municipality,Active
9202454,Dazio,"Dazio,Lombardy,Italy",9053433,IT,Municipality,Active
9202455,Valgrisenche,"Valgrisenche,Aosta Valley,Italy",9053424,IT,Municipality,Active
9202456,Rombiolo,"Rombiolo,Calabria,Italy",9053427,IT,Municipality,Active
9202457,Paspardo,"Paspardo,Lombardy,Italy",9053433,IT,Municipality,Active
9202458,Cicerale,"Cicerale,Campania,Italy",9053428,IT,Municipality,Active
9202459,Villar Pellice,"Villar Pellice,Piedmont,Italy",9053436,IT,Municipality,Active
9202460,Parabita,"Parabita,Apulia,Italy",9053425,IT,Municipality,Active
9202461,Lotzorai,"Lotzorai,Sardinia,Italy",9053437,IT,Municipality,Active
9202462,Cartura,"Cartura,Veneto,Italy",9053442,IT,Municipality,Active
9202463,Ossimo,"Ossimo,Lombardy,Italy",9053433,IT,Municipality,Active
9202464,Affile,"Affile,Lazio,Italy",9053431,IT,Municipality,Active
9202465,Rivalta Bormida,"Rivalta Bormida,Piedmont,Italy",9053436,IT,Municipality,Active
9202466,Angri,"Angri,Campania,Italy",9053428,IT,Municipality,Active
9202467,Fabrizia,"Fabrizia,Calabria,Italy",9053427,IT,Municipality,Active
9202468,Fossalta di Piave,"Fossalta di Piave,Veneto,Italy",9053442,IT,Municipality,Active
9202469,Casaletto di Sopra,"Casaletto di Sopra,Lombardy,Italy",9053433,IT,Municipality,Active
9202470,Rozzano,"Rozzano,Lombardy,Italy",9053433,IT,Municipality,Active
9202471,Pertica Bassa,"Pertica Bassa,Lombardy,Italy",9053433,IT,Municipality,Active
9202472,Penna San Giovanni,"Penna San Giovanni,Marche,Italy",9053434,IT,Municipality,Active
9202473,Montecorice,"Montecorice,Campania,Italy",9053428,IT,Municipality,Active
9202474,Melilli,"Melilli,Sicily,Italy",9053438,IT,Municipality,Active
9202475,Serino,"Serino,Campania,Italy",9053428,IT,Municipality,Active
9202476,Peschici,"Peschici,Apulia,Italy",9053425,IT,Municipality,Active
9202477,Frugarolo,"Frugarolo,Piedmont,Italy",9053436,IT,Municipality,Active
9202478,San Gervasio Bresciano,"San Gervasio Bresciano,Lombardy,Italy",9053433,IT,Municipality,Active
9202479,Cortandone,"Cortandone,Piedmont,Italy",9053436,IT,Municipality,Active
9202480,Rovolon,"Rovolon,Veneto,Italy",9053442,IT,Municipality,Active
9202481,Racconigi,"Racconigi,Piedmont,Italy",9053436,IT,Municipality,Active
9202482,Castelmezzano,"Castelmezzano,Basilicata,Italy",9053426,IT,Municipality,Active
9202483,Montenero Val Cocchiara,"Montenero Val Cocchiara,Molise,Italy",9053435,IT,Municipality,Active
9202484,Celle di San Vito,"Celle di San Vito,Apulia,Italy",9053425,IT,Municipality,Active
9202485,Nardo,"Nardo,Apulia,Italy",9053425,IT,Municipality,Active
9202486,Montalto Carpasio,"Montalto Carpasio,Liguria,Italy",9053432,IT,Municipality,Active
9202487,Orio Litta,"Orio Litta,Lombardy,Italy",9053433,IT,Municipality,Active
9202488,Rovito,"Rovito,Calabria,Italy",9053427,IT,Municipality,Active
9202489,Ponteranica,"Ponteranica,Lombardy,Italy",9053433,IT,Municipality,Active
9202490,Gazzuolo,"Gazzuolo,Lombardy,Italy",9053433,IT,Municipality,Active
9202491,Vicovaro,"Vicovaro,Lazio,Italy",9053431,IT,Municipality,Active
9202492,Barumini,"Barumini,Sardinia,Italy",9053437,IT,Municipality,Active
9202493,Montesano Salentino,"Montesano Salentino,Apulia,Italy",9053425,IT,Municipality,Active
9202494,Bellano,"Bellano,Lombardy,Italy",9053433,IT,Municipality,Active
9202495,San Marco Argentano,"San Marco Argentano,Calabria,Italy",9053427,IT,Municipality,Active
9202496,Rosolina,"Rosolina,Veneto,Italy",9053442,IT,Municipality,Active
9202497,Cappadocia,"Cappadocia,Abruzzo,Italy",9053423,IT,Municipality,Active
9202498,Altavilla Milicia,"Altavilla Milicia,Sicily,Italy",9053438,IT,Municipality,Active
9202499,Imola,"Imola,Emilia-Romagna,Italy",9053429,IT,Municipality,Active
9202500,Campi Bisenzio,"Campi Bisenzio,Tuscany,Italy",9053440,IT,Municipality,Active
9202501,Pagliara,"Pagliara,Sicily,Italy",9053438,IT,Municipality,Active
9202502,Odalengo Piccolo,"Odalengo Piccolo,Piedmont,Italy",9053436,IT,Municipality,Active
9202503,Porte,"Porte,Piedmont,Italy",9053436,IT,Municipality,Active
9202504,Frosolone,"Frosolone,Molise,Italy",9053435,IT,Municipality,Active
9202505,Pescina,"Pescina,Abruzzo,Italy",9053423,IT,Municipality,Active
9202506,Lacedonia,"Lacedonia,Campania,Italy",9053428,IT,Municipality,Active
9202507,Scido,"Scido,Calabria,Italy",9053427,IT,Municipality,Active
9202508,Serra Sant'Abbondio,"Serra Sant'Abbondio,Marche,Italy",9053434,IT,Municipality,Active
9202509,Guidizzolo,"Guidizzolo,Lombardy,Italy",9053433,IT,Municipality,Active
9202510,Roncoferraro,"Roncoferraro,Lombardy,Italy",9053433,IT,Municipality,Active
9202511,Massa e Cozzile,"Massa e Cozzile,Tuscany,Italy",9053440,IT,Municipality,Active
9202512,Stignano,"Stignano,Calabria,Italy",9053427,IT,Municipality,Active
9202513,Brisighella,"Brisighella,Emilia-Romagna,Italy",9053429,IT,Municipality,Active
9202514,Donato,"Donato,Piedmont,Italy",9053436,IT,Municipality,Active
9202515,Bassano Bresciano,"Bassano Bresciano,Lombardy,Italy",9053433,IT,Municipality,Active
9202516,Lastra a Signa,"Lastra a Signa,Tuscany,Italy",9053440,IT,Municipality,Active
9202517,Legnago,"Legnago,Veneto,Italy",9053442,IT,Municipality,Active
9202518,Sant'Angelo di Brolo,"Sant'Angelo di Brolo,Sicily,Italy",9053438,IT,Municipality,Active
9202519,Sarego,"Sarego,Veneto,Italy",9053442,IT,Municipality,Active
9202520,Arlena di Castro,"Arlena di Castro,Lazio,Italy",9053431,IT,Municipality,Active
9202521,Santa Maria Maggiore,"Santa Maria Maggiore,Piedmont,Italy",9053436,IT,Municipality,Active
9202522,Marano Ticino,"Marano Ticino,Piedmont,Italy",9053436,IT,Municipality,Active
9202523,Nimis,"Nimis,Friuli-Venezia Giulia,Italy",9053430,IT,Municipality,Active
9202524,Momo,"Momo,Piedmont,Italy",9053436,IT,Municipality,Active
9202525,Barcis,"Barcis,Friuli-Venezia Giulia,Italy",9053430,IT,Municipality,Active
9202526,Ricaldone,"Ricaldone,Piedmont,Italy",9053436,IT,Municipality,Active
9202527,Cupramontana,"Cupramontana,Marche,Italy",9053434,IT,Municipality,Active
9202528,Casalmaggiore,"Casalmaggiore,Lombardy,Italy",9053433,IT,Municipality,Active
9202529,Noli,"Noli,Liguria,Italy",9053432,IT,Municipality,Active
9202530,Chieve,"Chieve,Lombardy,Italy",9053433,IT,Municipality,Active
9202531,Saint-Rhemy-en-Bosses,"Saint-Rhemy-en-Bosses,Aosta Valley,Italy",9053424,IT,Municipality,Active
9202532,Cerami,"Cerami,Sicily,Italy",9053438,IT,Municipality,Active
9202533,Palagonia,"Palagonia,Sicily,Italy",9053438,IT,Municipality,Active
9202534,Danta di Cadore,"Danta di Cadore,Veneto,Italy",9053442,IT,Municipality,Active
9202535,Cles,"Cles,Trentino-South Tyrol,Italy",9053439,IT,Municipality,Active
9202536,Predappio,"Predappio,Emilia-Romagna,Italy",9053429,IT,Municipality,Active
9202537,Orria,"Orria,Campania,Italy",9053428,IT,Municipality,Active
9202538,Soveria Mannelli,"Soveria Mannelli,Calabria,Italy",9053427,IT,Municipality,Active
9202539,Lacchiarella,"Lacchiarella,Lombardy,Italy",9053433,IT,Municipality,Active
9202540,Mistretta,"Mistretta,Sicily,Italy",9053438,IT,Municipality,Active
9202541,Sedegliano,"Sedegliano,Friuli-Venezia Giulia,Italy",9053430,IT,Municipality,Active
9202542,Lucera,"Lucera,Apulia,Italy",9053425,IT,Municipality,Active
9202543,Santo Stefano del Sole,"Santo Stefano del Sole,Campania,Italy",9053428,IT,Municipality,Active
9202544,Porto Azzurro,"Porto Azzurro,Tuscany,Italy",9053440,IT,Municipality,Active
9202545,Montanera,"Montanera,Piedmont,Italy",9053436,IT,Municipality,Active
9202546,Brescia,"Brescia,Lombardy,Italy",9053433,IT,Municipality,Active
9202547,Karneid,"Karneid,Trentino-South Tyrol,Italy",9053439,IT,Municipality,Active
9202548,Pedavena,"Pedavena,Veneto,Italy",9053442,IT,Municipality,Active
9202549,Civita d'Antino,"Civita d'Antino,Abruzzo,Italy",9053423,IT,Municipality,Active
9202550,Nocera Terinese,"Nocera Terinese,Calabria,Italy",9053427,IT,Municipality,Active
9202551,Perosa Argentina,"Perosa Argentina,Piedmont,Italy",9053436,IT,Municipality,Active
9202552,Mattie,"Mattie,Piedmont,Italy",9053436,IT,Municipality,Active
9202553,Nureci,"Nureci,Sardinia,Italy",9053437,IT,Municipality,Active
9202554,Supino,"Supino,Lazio,Italy",9053431,IT,Municipality,Active
9202555,Neviglie,"Neviglie,Piedmont,Italy",9053436,IT,Municipality,Active
9202556,Capri,"Capri,Campania,Italy",9053428,IT,Municipality,Active
9202557,Ascrea,"Ascrea,Lazio,Italy",9053431,IT,Municipality,Active
9202558,Gemmano,"Gemmano,Emilia-Romagna,Italy",9053429,IT,Municipality,Active
9202559,Luogosanto,"Luogosanto,Sardinia,Italy",9053437,IT,Municipality,Active
9202560,Greci,"Greci,Campania,Italy",9053428,IT,Municipality,Active
9202561,Attimis,"Attimis,Friuli-Venezia Giulia,Italy",9053430,IT,Municipality,Active
9202562,Moruzzo,"Moruzzo,Friuli-Venezia Giulia,Italy",9053430,IT,Municipality,Active
9202563,Rittana,"Rittana,Piedmont,Italy",9053436,IT,Municipality,Active
9202564,Valpelline,"Valpelline,Aosta Valley,Italy",9053424,IT,Municipality,Active
9202565,Dumenza,"Dumenza,Lombardy,Italy",9053433,IT,Municipality,Active
9202566,Polistena,"Polistena,Calabria,Italy",9053427,IT,Municipality,Active
9202567,San Pietro di Cadore,"San Pietro di Cadore,Veneto,Italy",9053442,IT,Municipality,Active
9202568,Comiso,"Comiso,Sicily,Italy",9053438,IT,Municipality,Active
9202569,Vols am Schlern,"Vols am Schlern,Trentino-South Tyrol,Italy",9053439,IT,Municipality,Active
9202570,Marsala,"Marsala,Sicily,Italy",9053438,IT,Municipality,Active
9202571,Bellaria - Igea Marina,"Bellaria - Igea Marina,Emilia-Romagna,Italy",9053429,IT,Municipality,Active
9202572,Vignole Borbera,"Vignole Borbera,Piedmont,Italy",9053436,IT,Municipality,Active
9202573,Laino,"Laino,Lombardy,Italy",9053433,IT,Municipality,Active
9202574,Nanto,"Nanto,Veneto,Italy",9053442,IT,Municipality,Active
9202575,Sarnico,"Sarnico,Lombardy,Italy",9053433,IT,Municipality,Active
9202576,Acquaviva Collecroce,"Acquaviva Collecroce,Molise,Italy",9053435,IT,Municipality,Active
9202577,San Gregorio di Catania,"San Gregorio di Catania,Sicily,Italy",9053438,IT,Municipality,Active
9202578,Castelpizzuto,"Castelpizzuto,Molise,Italy",9053435,IT,Municipality,Active
9202579,Polverara,"Polverara,Veneto,Italy",9053442,IT,Municipality,Active
9202580,Virle Piemonte,"Virle Piemonte,Piedmont,Italy",9053436,IT,Municipality,Active
9202581,Comabbio,"Comabbio,Lombardy,Italy",9053433,IT,Municipality,Active
9202582,Ittiri,"Ittiri,Sardinia,Italy",9053437,IT,Municipality,Active
9202583,Fiesco,"Fiesco,Lombardy,Italy",9053433,IT,Municipality,Active
9202584,Campo Ligure,"Campo Ligure,Liguria,Italy",9053432,IT,Municipality,Active
9202585,Griante,"Griante,Lombardy,Italy",9053433,IT,Municipality,Active
9202586,Villafranca Piemonte,"Villafranca Piemonte,Piedmont,Italy",9053436,IT,Municipality,Active
9202587,Serravalle Sesia,"Serravalle Sesia,Piedmont,Italy",9053436,IT,Municipality,Active
9202588,Casalattico,"Casalattico,Lazio,Italy",9053431,IT,Municipality,Active
9202589,Chiusdino,"Chiusdino,Tuscany,Italy",9053440,IT,Municipality,Active
9202590,San Martino di Finita,"San Martino di Finita,Calabria,Italy",9053427,IT,Municipality,Active
9202591,Novara,"Novara,Piedmont,Italy",9053436,IT,Municipality,Active
9202592,Atri,"Atri,Abruzzo,Italy",9053423,IT,Municipality,Active
9202593,Schio,"Schio,Veneto,Italy",9053442,IT,Municipality,Active
9202594,Tropea,"Tropea,Calabria,Italy",9053427,IT,Municipality,Active
9202595,Giardinello,"Giardinello,Sicily,Italy",9053438,IT,Municipality,Active
9202596,Sagrado,"Sagrado,Friuli-Venezia Giulia,Italy",9053430,IT,Municipality,Active
9202597,Beverino,"Beverino,Liguria,Italy",9053432,IT,Municipality,Active
9202598,Ravascletto,"Ravascletto,Friuli-Venezia Giulia,Italy",9053430,IT,Municipality,Active
9202599,Salmour,"Salmour,Piedmont,Italy",9053436,IT,Municipality,Active
9202600,Crocefieschi,"Crocefieschi,Liguria,Italy",9053432,IT,Municipality,Active
9202601,Terracina,"Terracina,Lazio,Italy",9053431,IT,Municipality,Active
9202602,Durazzano,"Durazzano,Campania,Italy",9053428,IT,Municipality,Active
9202603,Montegrosso d'Asti,"Montegrosso d'Asti,Piedmont,Italy",9053436,IT,Municipality,Active
9202604,Riofreddo,"Riofreddo,Lazio,Italy",9053431,IT,Municipality,Active
9202605,Ayas,"Ayas,Aosta Valley,Italy",9053424,IT,Municipality,Active
9202606,Pieve Fissiraga,"Pieve Fissiraga,Lombardy,Italy",9053433,IT,Municipality,Active
9202607,Calvene,"Calvene,Veneto,Italy",9053442,IT,Municipality,Active
9202608,Origgio,"Origgio,Lombardy,Italy",9053433,IT,Municipality,Active
9202609,Preone,"Preone,Friuli-Venezia Giulia,Italy",9053430,IT,Municipality,Active
9202610,Grumello del Monte,"Grumello del Monte,Lombardy,Italy",9053433,IT,Municipality,Active
9202611,San Godenzo,"San Godenzo,Tuscany,Italy",9053440,IT,Municipality,Active
9202612,Boara Pisani,"Boara Pisani,Veneto,Italy",9053442,IT,Municipality,Active
9202613,Colle San Magno,"Colle San Magno,Lazio,Italy",9053431,IT,Municipality,Active
9202614,Carlazzo,"Carlazzo,Lombardy,Italy",9053433,IT,Municipality,Active
9202615,Casaletto Lodigiano,"Casaletto Lodigiano,Lombardy,Italy",9053433,IT,Municipality,Active
9202616,Giffoni Sei Casali,"Giffoni Sei Casali,Campania,Italy",9053428,IT,Municipality,Active
9202617,Sant'Ippolito,"Sant'Ippolito,Marche,Italy",9053434,IT,Municipality,Active
9202618,Isnello,"Isnello,Sicily,Italy",9053438,IT,Municipality,Active
9202619,Roncofreddo,"Roncofreddo,Emilia-Romagna,Italy",9053429,IT,Municipality,Active
9202620,Bariano,"Bariano,Lombardy,Italy",9053433,IT,Municipality,Active
9202621,Lizzanello,"Lizzanello,Apulia,Italy",9053425,IT,Municipality,Active
9202622,Madignano,"Madignano,Lombardy,Italy",9053433,IT,Municipality,Active
9202623,Decollatura,"Decollatura,Calabria,Italy",9053427,IT,Municipality,Active
9202624,Santa Paolina,"Santa Paolina,Campania,Italy",9053428,IT,Municipality,Active
9202625,Spinadesco,"Spinadesco,Lombardy,Italy",9053433,IT,Municipality,Active
9202626,Valdaone,"Valdaone,Trentino-South Tyrol,Italy",9053439,IT,Municipality,Active
9202627,Ariano nel Polesine,"Ariano nel Polesine,Veneto,Italy",9053442,IT,Municipality,Active
9202628,Trappeto,"Trappeto,Sicily,Italy",9053438,IT,Municipality,Active
9202629,Trevignano,"Trevignano,Veneto,Italy",9053442,IT,Municipality,Active
9202630,Parma,"Parma,Emilia-Romagna,Italy",9053429,IT,Municipality,Active
9202631,Castelbuono,"Castelbuono,Sicily,Italy",9053438,IT,Municipality,Active
9202632,Domaso,"Domaso,Lombardy,Italy",9053433,IT,Municipality,Active
9202633,Villa San Giovanni in Tuscia,"Villa San Giovanni in Tuscia,Lazio,Italy",9053431,IT,Municipality,Active
9202634,Solagna,"Solagna,Veneto,Italy",9053442,IT,Municipality,Active
9202635,Giano Vetusto,"Giano Vetusto,Campania,Italy",9053428,IT,Municipality,Active
9202636,Agliana,"Agliana,Tuscany,Italy",9053440,IT,Municipality,Active
9202637,Grado,"Grado,Friuli-Venezia Giulia,Italy",9053430,IT,Municipality,Active
9202638,Gavirate,"Gavirate,Lombardy,Italy",9053433,IT,Municipality,Active
9202639,Megliadino San Vitale,"Megliadino San Vitale,Veneto,Italy",9053442,IT,Municipality,Active
9202640,Monteforte Cilento,"Monteforte Cilento,Campania,Italy",9053428,IT,Municipality,Active
9202641,Calendasco,"Calendasco,Emilia-Romagna,Italy",9053429,IT,Municipality,Active
9202642,Vico del Gargano,"Vico del Gargano,Apulia,Italy",9053425,IT,Municipality,Active
9202643,Castell'Azzara,"Castell'Azzara,Tuscany,Italy",9053440,IT,Municipality,Active
9202644,Baricella,"Baricella,Emilia-Romagna,Italy",9053429,IT,Municipality,Active
9202645,Paterno,"Paterno,Sicily,Italy",9053438,IT,Municipality,Active
9202646,Cornuda,"Cornuda,Veneto,Italy",9053442,IT,Municipality,Active
9202647,Cerrina Monferrato,"Cerrina Monferrato,Piedmont,Italy",9053436,IT,Municipality,Active
9202648,Torrazzo,"Torrazzo,Piedmont,Italy",9053436,IT,Municipality,Active
9202649,Pietrastornina,"Pietrastornina,Campania,Italy",9053428,IT,Municipality,Active
9202650,Lavis,"Lavis,Trentino-South Tyrol,Italy",9053439,IT,Municipality,Active
9202651,Argentera,"Argentera,Piedmont,Italy",9053436,IT,Municipality,Active
9202652,Muravera,"Muravera,Sardinia,Italy",9053437,IT,Municipality,Active
9202653,Colle Brianza,"Colle Brianza,Lombardy,Italy",9053433,IT,Municipality,Active
9202654,Augusta,"Augusta,Sicily,Italy",9053438,IT,Municipality,Active
9202655,Santo Stefano Belbo,"Santo Stefano Belbo,Piedmont,Italy",9053436,IT,Municipality,Active
9202656,Arguello,"Arguello,Piedmont,Italy",9053436,IT,Municipality,Active
9202657,Treville,"Treville,Piedmont,Italy",9053436,IT,Municipality,Active
9202658,Pontelatone,"Pontelatone,Campania,Italy",9053428,IT,Municipality,Active
9202659,Cairate,"Cairate,Lombardy,Italy",9053433,IT,Municipality,Active
9202660,Santa Croce di Magliano,"Santa Croce di Magliano,Molise,Italy",9053435,IT,Municipality,Active
9202661,Pumenengo,"Pumenengo,Lombardy,Italy",9053433,IT,Municipality,Active
9202662,Vitorchiano,"Vitorchiano,Lazio,Italy",9053431,IT,Municipality,Active
9202663,Filetto,"Filetto,Abruzzo,Italy",9053423,IT,Municipality,Active
9202664,Udine,"Udine,Friuli-Venezia Giulia,Italy",9053430,IT,Municipality,Active
9202665,San Pietro Viminario,"San Pietro Viminario,Veneto,Italy",9053442,IT,Municipality,Active
9202666,Umbertide,"Umbertide,Umbria,Italy",9053441,IT,Municipality,Active
9202667,Santa Cristina Gela,"Santa Cristina Gela,Sicily,Italy",9053438,IT,Municipality,Active
9202668,Noventa Padovana,"Noventa Padovana,Veneto,Italy",9053442,IT,Municipality,Active
9202669,Bressanvido,"Bressanvido,Veneto,Italy",9053442,IT,Municipality,Active
9202670,Sant'Elpidio a Mare,"Sant'Elpidio a Mare,Marche,Italy",9053434,IT,Municipality,Active
9202671,Ceregnano,"Ceregnano,Veneto,Italy",9053442,IT,Municipality,Active
9202672,Cervaro,"Cervaro,Lazio,Italy",9053431,IT,Municipality,Active
9202673,Proveis,"Proveis,Trentino-South Tyrol,Italy",9053439,IT,Municipality,Active
9202674,Rutigliano,"Rutigliano,Apulia,Italy",9053425,IT,Municipality,Active
9202675,Castelnuovo Belbo,"Castelnuovo Belbo,Piedmont,Italy",9053436,IT,Municipality,Active
9202676,Poncarale,"Poncarale,Lombardy,Italy",9053433,IT,Municipality,Active
9202677,Pradamano,"Pradamano,Friuli-Venezia Giulia,Italy",9053430,IT,Municipality,Active
9202678,Villa San Secondo,"Villa San Secondo,Piedmont,Italy",9053436,IT,Municipality,Active
9202679,Carpignano Sesia,"Carpignano Sesia,Piedmont,Italy",9053436,IT,Municipality,Active
9202680,Pianoro,"Pianoro,Emilia-Romagna,Italy",9053429,IT,Municipality,Active
9202681,Casazza,"Casazza,Lombardy,Italy",9053433,IT,Municipality,Active
9202682,Apiro,"Apiro,Marche,Italy",9053434,IT,Municipality,Active
9202683,Monteroni d'Arbia,"Monteroni d'Arbia,Tuscany,Italy",9053440,IT,Municipality,Active
9202684,Rende,"Rende,Calabria,Italy",9053427,IT,Municipality,Active
9202685,Castelnuovo di Ceva,"Castelnuovo di Ceva,Piedmont,Italy",9053436,IT,Municipality,Active
9202686,Casteggio,"Casteggio,Lombardy,Italy",9053433,IT,Municipality,Active
9202687,Cremolino,"Cremolino,Piedmont,Italy",9053436,IT,Municipality,Active
9202688,Casanova Elvo,"Casanova Elvo,Piedmont,Italy",9053436,IT,Municipality,Active
9202689,Cancellara,"Cancellara,Basilicata,Italy",9053426,IT,Municipality,Active
9202690,Bolognola,"Bolognola,Marche,Italy",9053434,IT,Municipality,Active
9202691,Palmoli,"Palmoli,Abruzzo,Italy",9053423,IT,Municipality,Active
9202692,Villanova Tulo,"Villanova Tulo,Sardinia,Italy",9053437,IT,Municipality,Active
9202693,Acquasparta,"Acquasparta,Umbria,Italy",9053441,IT,Municipality,Active
9202694,Valeggio sul Mincio,"Valeggio sul Mincio,Veneto,Italy",9053442,IT,Municipality,Active
9202695,Tripi,"Tripi,Sicily,Italy",9053438,IT,Municipality,Active
9202696,Castelguidone,"Castelguidone,Abruzzo,Italy",9053423,IT,Municipality,Active
9202697,Lastebasse,"Lastebasse,Veneto,Italy",9053442,IT,Municipality,Active
9202698,Tirano,"Tirano,Lombardy,Italy",9053433,IT,Municipality,Active
9202699,Tricarico,"Tricarico,Basilicata,Italy",9053426,IT,Municipality,Active
9202700,Aradeo,"Aradeo,Apulia,Italy",9053425,IT,Municipality,Active
9202701,Zimella,"Zimella,Veneto,Italy",9053442,IT,Municipality,Active
9202702,Precenicco,"Precenicco,Friuli-Venezia Giulia,Italy",9053430,IT,Municipality,Active
9202703,Contursi Terme,"Contursi Terme,Campania,Italy",9053428,IT,Municipality,Active
9202704,Verzino,"Verzino,Calabria,Italy",9053427,IT,Municipality,Active
9202705,Corsico,"Corsico,Lombardy,Italy",9053433,IT,Municipality,Active
9202706,Urzulei,"Urzulei,Sardinia,Italy",9053437,IT,Municipality,Active
9202707,Gamberale,"Gamberale,Abruzzo,Italy",9053423,IT,Municipality,Active
9202708,San Pio delle Camere,"San Pio delle Camere,Abruzzo,Italy",9053423,IT,Municipality,Active
9202709,Budduso,"Budduso,Sardinia,Italy",9053437,IT,Municipality,Active
9202710,Visano,"Visano,Lombardy,Italy",9053433,IT,Municipality,Active
9202711,Morfasso,"Morfasso,Emilia-Romagna,Italy",9053429,IT,Municipality,Active
9202712,Isola del Gran Sasso d'Italia,"Isola del Gran Sasso d'Italia,Abruzzo,Italy",9053423,IT,Municipality,Active
9202713,Rivodutri,"Rivodutri,Lazio,Italy",9053431,IT,Municipality,Active
9202714,Pozzaglia Sabina,"Pozzaglia Sabina,Lazio,Italy",9053431,IT,Municipality,Active
9202715,Cesena,"Cesena,Emilia-Romagna,Italy",9053429,IT,Municipality,Active
9202716,Forni di Sotto,"Forni di Sotto,Friuli-Venezia Giulia,Italy",9053430,IT,Municipality,Active
9202717,Villaga,"Villaga,Veneto,Italy",9053442,IT,Municipality,Active
9202718,Pignataro Maggiore,"Pignataro Maggiore,Campania,Italy",9053428,IT,Municipality,Active
9202719,Robbiate,"Robbiate,Lombardy,Italy",9053433,IT,Municipality,Active
9202720,Valdilana,"Valdilana,Piedmont,Italy",9053436,IT,Municipality,Active
9202721,Turate,"Turate,Lombardy,Italy",9053433,IT,Municipality,Active
9202722,Roccavignale,"Roccavignale,Liguria,Italy",9053432,IT,Municipality,Active
9202723,Vottignasco,"Vottignasco,Piedmont,Italy",9053436,IT,Municipality,Active
9202724,Olmo Gentile,"Olmo Gentile,Piedmont,Italy",9053436,IT,Municipality,Active
9202725,Tuili,"Tuili,Sardinia,Italy",9053437,IT,Municipality,Active
9202726,Buseto Palizzolo,"Buseto Palizzolo,Sicily,Italy",9053438,IT,Municipality,Active
9202727,Ispani,"Ispani,Campania,Italy",9053428,IT,Municipality,Active
9202728,Bagheria,"Bagheria,Sicily,Italy",9053438,IT,Municipality,Active
9202729,Basiglio,"Basiglio,Lombardy,Italy",9053433,IT,Municipality,Active
9202730,Loazzolo,"Loazzolo,Piedmont,Italy",9053436,IT,Municipality,Active
9202731,Nova Siri,"Nova Siri,Basilicata,Italy",9053426,IT,Municipality,Active
9202732,Montelepre,"Montelepre,Sicily,Italy",9053438,IT,Municipality,Active
9202733,Pescia,"Pescia,Tuscany,Italy",9053440,IT,Municipality,Active
9202734,Pray,"Pray,Piedmont,Italy",9053436,IT,Municipality,Active
9202735,Finale Ligure,"Finale Ligure,Liguria,Italy",9053432,IT,Municipality,Active
9202736,Conca della Campania,"Conca della Campania,Campania,Italy",9053428,IT,Municipality,Active
9202737,Ronchi dei Legionari,"Ronchi dei Legionari,Friuli-Venezia Giulia,Italy",9053430,IT,Municipality,Active
9202738,Tagliolo Monferrato,"Tagliolo Monferrato,Piedmont,Italy",9053436,IT,Municipality,Active
9202739,Ragusa,"Ragusa,Sicily,Italy",9053438,IT,Municipality,Active
9202740,Zocca,"Zocca,Emilia-Romagna,Italy",9053429,IT,Municipality,Active
9202741,Camogli,"Camogli,Liguria,Italy",9053432,IT,Municipality,Active
9202742,Melle,"Melle,Piedmont,Italy",9053436,IT,Municipality,Active
9202743,Sant'Angelo Muxaro,"Sant'Angelo Muxaro,Sicily,Italy",9053438,IT,Municipality,Active
9202744,Monrupino,"Monrupino,Friuli-Venezia Giulia,Italy",9053430,IT,Municipality,Active
9202745,Cerchio,"Cerchio,Abruzzo,Italy",9053423,IT,Municipality,Active
9202746,Torricella Sicura,"Torricella Sicura,Abruzzo,Italy",9053423,IT,Municipality,Active
9202747,Mercogliano,"Mercogliano,Campania,Italy",9053428,IT,Municipality,Active
9202748,Leno,"Leno,Lombardy,Italy",9053433,IT,Municipality,Active
9202749,Trinitapoli,"Trinitapoli,Apulia,Italy",9053425,IT,Municipality,Active
9202750,Vigano San Martino,"Vigano San Martino,Lombardy,Italy",9053433,IT,Municipality,Active
9202751,Stimigliano,"Stimigliano,Lazio,Italy",9053431,IT,Municipality,Active
9202752,Filago,"Filago,Lombardy,Italy",9053433,IT,Municipality,Active
9202753,Strevi,"Strevi,Piedmont,Italy",9053436,IT,Municipality,Active
9202754,Monte Urano,"Monte Urano,Marche,Italy",9053434,IT,Municipality,Active
9202755,Torcegno,"Torcegno,Trentino-South Tyrol,Italy",9053439,IT,Municipality,Active
9202756,Villanova Marchesana,"Villanova Marchesana,Veneto,Italy",9053442,IT,Municipality,Active
9202757,Duino-Aurisina,"Duino-Aurisina,Friuli-Venezia Giulia,Italy",9053430,IT,Municipality,Active
9202758,Gadesco-Pieve Delmona,"Gadesco-Pieve Delmona,Lombardy,Italy",9053433,IT,Municipality,Active
9202759,Seggiano,"Seggiano,Tuscany,Italy",9053440,IT,Municipality,Active
9202760,Massa Lubrense,"Massa Lubrense,Campania,Italy",9053428,IT,Municipality,Active
9202761,Mombaroccio,"Mombaroccio,Marche,Italy",9053434,IT,Municipality,Active
9202762,Gorno,"Gorno,Lombardy,Italy",9053433,IT,Municipality,Active
9202763,Morro Reatino,"Morro Reatino,Lazio,Italy",9053431,IT,Municipality,Active
9202764,Cammarata,"Cammarata,Sicily,Italy",9053438,IT,Municipality,Active
9202765,Valtopina,"Valtopina,Umbria,Italy",9053441,IT,Municipality,Active
9202766,Nocera Inferiore,"Nocera Inferiore,Campania,Italy",9053428,IT,Municipality,Active
9202767,Stagno Lombardo,"Stagno Lombardo,Lombardy,Italy",9053433,IT,Municipality,Active
9202768,Melissa,"Melissa,Calabria,Italy",9053427,IT,Municipality,Active
9202769,Rocca San Felice,"Rocca San Felice,Campania,Italy",9053428,IT,Municipality,Active
9202770,Tusa,"Tusa,Sicily,Italy",9053438,IT,Municipality,Active
9202771,Sant'Olcese,"Sant'Olcese,Liguria,Italy",9053432,IT,Municipality,Active
9202772,Montepaone,"Montepaone,Calabria,Italy",9053427,IT,Municipality,Active
9202773,Pattada,"Pattada,Sardinia,Italy",9053437,IT,Municipality,Active
9202774,Visciano,"Visciano,Campania,Italy",9053428,IT,Municipality,Active
9202775,Montalbano Elicona,"Montalbano Elicona,Sicily,Italy",9053438,IT,Municipality,Active
9202776,Corvara,"Corvara,Abruzzo,Italy",9053423,IT,Municipality,Active
9202777,Piatto,"Piatto,Piedmont,Italy",9053436,IT,Municipality,Active
9202778,Bagnone,"Bagnone,Tuscany,Italy",9053440,IT,Municipality,Active
9202779,San Martino in Strada,"San Martino in Strada,Lombardy,Italy",9053433,IT,Municipality,Active
9202780,Bojano,"Bojano,Molise,Italy",9053435,IT,Municipality,Active
9202781,Montelupo Fiorentino,"Montelupo Fiorentino,Tuscany,Italy",9053440,IT,Municipality,Active
9202782,Perugia,"Perugia,Umbria,Italy",9053441,IT,Municipality,Active
9202783,San Mango sul Calore,"San Mango sul Calore,Campania,Italy",9053428,IT,Municipality,Active
9202784,Romano d'Ezzelino,"Romano d'Ezzelino,Veneto,Italy",9053442,IT,Municipality,Active
9202785,Castelfranco in Miscano,"Castelfranco in Miscano,Campania,Italy",9053428,IT,Municipality,Active
9202786,San Donato Milanese,"San Donato Milanese,Lombardy,Italy",9053433,IT,Municipality,Active
9202787,Azzano Decimo,"Azzano Decimo,Friuli-Venezia Giulia,Italy",9053430,IT,Municipality,Active
9202788,Soragna,"Soragna,Emilia-Romagna,Italy",9053429,IT,Municipality,Active
9202789,Marmentino,"Marmentino,Lombardy,Italy",9053433,IT,Municipality,Active
9202790,Galatone,"Galatone,Apulia,Italy",9053425,IT,Municipality,Active
9202791,Antignano,"Antignano,Piedmont,Italy",9053436,IT,Municipality,Active
9202792,Nettuno,"Nettuno,Lazio,Italy",9053431,IT,Municipality,Active
9202793,Altomonte,"Altomonte,Calabria,Italy",9053427,IT,Municipality,Active
9202794,San Pietro al Tanagro,"San Pietro al Tanagro,Campania,Italy",9053428,IT,Municipality,Active
9202795,Franzensfeste,"Franzensfeste,Trentino-South Tyrol,Italy",9053439,IT,Municipality,Active
9202796,Brembate,"Brembate,Lombardy,Italy",9053433,IT,Municipality,Active
9202797,Cimina,"Cimina,Calabria,Italy",9053427,IT,Municipality,Active
9202798,Intragna,"Intragna,Piedmont,Italy",9053436,IT,Municipality,Active
9202799,Grizzana Morandi,"Grizzana Morandi,Emilia-Romagna,Italy",9053429,IT,Municipality,Active
9202800,Villanuova sul Clisi,"Villanuova sul Clisi,Lombardy,Italy",9053433,IT,Municipality,Active
9202801,Venticano,"Venticano,Campania,Italy",9053428,IT,Municipality,Active
9202802,Sant'Anatolia di Narco,"Sant'Anatolia di Narco,Umbria,Italy",9053441,IT,Municipality,Active
9202803,Cancello e Arnone,"Cancello e Arnone,Campania,Italy",9053428,IT,Municipality,Active
9202804,Loreglia,"Loreglia,Piedmont,Italy",9053436,IT,Municipality,Active
9202805,Cedrasco,"Cedrasco,Lombardy,Italy",9053433,IT,Municipality,Active
9202806,La Salle,"La Salle,Aosta Valley,Italy",9053424,IT,Municipality,Active
9202807,Craveggia,"Craveggia,Piedmont,Italy",9053436,IT,Municipality,Active
9202808,Palazzolo Acreide,"Palazzolo Acreide,Sicily,Italy",9053438,IT,Municipality,Active
9202809,Brione,"Brione,Lombardy,Italy",9053433,IT,Municipality,Active
9202810,Nespolo,"Nespolo,Lazio,Italy",9053431,IT,Municipality,Active
9202811,Tione di Trento,"Tione di Trento,Trentino-South Tyrol,Italy",9053439,IT,Municipality,Active
9202812,Monchiero,"Monchiero,Piedmont,Italy",9053436,IT,Municipality,Active
9202813,Corrido,"Corrido,Lombardy,Italy",9053433,IT,Municipality,Active
9202814,Villarboit,"Villarboit,Piedmont,Italy",9053436,IT,Municipality,Active
9202815,Isorella,"Isorella,Lombardy,Italy",9053433,IT,Municipality,Active
9202816,Minervino di Lecce,"Minervino di Lecce,Apulia,Italy",9053425,IT,Municipality,Active
9202817,Carinola,"Carinola,Campania,Italy",9053428,IT,Municipality,Active
9202818,Ragogna,"Ragogna,Friuli-Venezia Giulia,Italy",9053430,IT,Municipality,Active
9202819,Terzo d'Aquileia,"Terzo d'Aquileia,Friuli-Venezia Giulia,Italy",9053430,IT,Municipality,Active
9202820,Sant'Agata di Esaro,"Sant'Agata di Esaro,Calabria,Italy",9053427,IT,Municipality,Active
9202821,Castel di Lama,"Castel di Lama,Marche,Italy",9053434,IT,Municipality,Active
9202822,Ussaramanna,"Ussaramanna,Sardinia,Italy",9053437,IT,Municipality,Active
9202823,Camino al Tagliamento,"Camino al Tagliamento,Friuli-Venezia Giulia,Italy",9053430,IT,Municipality,Active
9202824,Montescheno,"Montescheno,Piedmont,Italy",9053436,IT,Municipality,Active
9202825,Cave,"Cave,Lazio,Italy",9053431,IT,Municipality,Active
9202826,Rocchetta a Volturno,"Rocchetta a Volturno,Molise,Italy",9053435,IT,Municipality,Active
9202827,Villette,"Villette,Piedmont,Italy",9053436,IT,Municipality,Active
9202828,Vigliano d'Asti,"Vigliano d'Asti,Piedmont,Italy",9053436,IT,Municipality,Active
9202829,Pescasseroli,"Pescasseroli,Abruzzo,Italy",9053423,IT,Municipality,Active
9202830,Massa Marittima,"Massa Marittima,Tuscany,Italy",9053440,IT,Municipality,Active
9202831,Savogna d'Isonzo,"Savogna d'Isonzo,Friuli-Venezia Giulia,Italy",9053430,IT,Municipality,Active
9202832,Martirano,"Martirano,Calabria,Italy",9053427,IT,Municipality,Active
9202833,Aquila d'Arroscia,"Aquila d'Arroscia,Liguria,Italy",9053432,IT,Municipality,Active
9202834,Cozzo,"Cozzo,Lombardy,Italy",9053433,IT,Municipality,Active
9202835,Montelupo Albese,"Montelupo Albese,Piedmont,Italy",9053436,IT,Municipality,Active
9202836,Gasperina,"Gasperina,Calabria,Italy",9053427,IT,Municipality,Active
9202837,Monteverdi Marittimo,"Monteverdi Marittimo,Tuscany,Italy",9053440,IT,Municipality,Active
9202838,Porto Valtravaglia,"Porto Valtravaglia,Lombardy,Italy",9053433,IT,Municipality,Active
9202839,Cortemilia,"Cortemilia,Piedmont,Italy",9053436,IT,Municipality,Active
9202840,Oppeano,"Oppeano,Veneto,Italy",9053442,IT,Municipality,Active
9202841,Altidona,"Altidona,Marche,Italy",9053434,IT,Municipality,Active
9202842,Casola in Lunigiana,"Casola in Lunigiana,Tuscany,Italy",9053440,IT,Municipality,Active
9202843,Cremosano,"Cremosano,Lombardy,Italy",9053433,IT,Municipality,Active
9202844,Arquata del Tronto,"Arquata del Tronto,Marche,Italy",9053434,IT,Municipality,Active
9202845,Turin,"Turin,Piedmont,Italy",9053436,IT,Municipality,Active
9202846,Terravecchia,"Terravecchia,Calabria,Italy",9053427,IT,Municipality,Active
9202847,Carde,"Carde,Piedmont,Italy",9053436,IT,Municipality,Active
9202848,Valle di Maddaloni,"Valle di Maddaloni,Campania,Italy",9053428,IT,Municipality,Active
9202849,Tarvisio,"Tarvisio,Friuli-Venezia Giulia,Italy",9053430,IT,Municipality,Active
9202850,Mira,"Mira,Veneto,Italy",9053442,IT,Municipality,Active
9202851,San Giovanni di Gerace,"San Giovanni di Gerace,Calabria,Italy",9053427,IT,Municipality,Active
9202852,Gerace,"Gerace,Calabria,Italy",9053427,IT,Municipality,Active
9202853,Pagani,"Pagani,Campania,Italy",9053428,IT,Municipality,Active
9202854,Casalserugo,"Casalserugo,Veneto,Italy",9053442,IT,Municipality,Active
9202855,Goriano Sicoli,"Goriano Sicoli,Abruzzo,Italy",9053423,IT,Municipality,Active
9202856,Usseglio,"Usseglio,Piedmont,Italy",9053436,IT,Municipality,Active
9202857,Perrero,"Perrero,Piedmont,Italy",9053436,IT,Municipality,Active
9202858,Trecate,"Trecate,Piedmont,Italy",9053436,IT,Municipality,Active
9202859,Pontelandolfo,"Pontelandolfo,Campania,Italy",9053428,IT,Municipality,Active
9202860,Elini,"Elini,Sardinia,Italy",9053437,IT,Municipality,Active
9202861,Montechiarugolo,"Montechiarugolo,Emilia-Romagna,Italy",9053429,IT,Municipality,Active
9202862,Castenedolo,"Castenedolo,Lombardy,Italy",9053433,IT,Municipality,Active
9202863,San Dona di Piave,"San Dona di Piave,Veneto,Italy",9053442,IT,Municipality,Active
9202864,Aiello Calabro,"Aiello Calabro,Calabria,Italy",9053427,IT,Municipality,Active
9202865,Momperone,"Momperone,Piedmont,Italy",9053436,IT,Municipality,Active
9202866,Alba,"Alba,Piedmont,Italy",9053436,IT,Municipality,Active
9202867,Fragneto l'Abate,"Fragneto l'Abate,Campania,Italy",9053428,IT,Municipality,Active
9202868,Cardito,"Cardito,Campania,Italy",9053428,IT,Municipality,Active
9202869,San Pietro di Carida,"San Pietro di Carida,Calabria,Italy",9053427,IT,Municipality,Active
9202870,Tolve,"Tolve,Basilicata,Italy",9053426,IT,Municipality,Active
9202871,Castrolibero,"Castrolibero,Calabria,Italy",9053427,IT,Municipality,Active
9202872,Ciminna,"Ciminna,Sicily,Italy",9053438,IT,Municipality,Active
9202873,Castelnovetto,"Castelnovetto,Lombardy,Italy",9053433,IT,Municipality,Active
9202874,Frassinetto,"Frassinetto,Piedmont,Italy",9053436,IT,Municipality,Active
9202875,San Quirino,"San Quirino,Friuli-Venezia Giulia,Italy",9053430,IT,Municipality,Active
9202876,Procida,"Procida,Campania,Italy",9053428,IT,Municipality,Active
9202877,Livo,"Livo,Lombardy,Italy",9053433,IT,Municipality,Active
9202878,Acerra,"Acerra,Campania,Italy",9053428,IT,Municipality,Active
9202879,Cineto Romano,"Cineto Romano,Lazio,Italy",9053431,IT,Municipality,Active
9202880,Brentonico,"Brentonico,Trentino-South Tyrol,Italy",9053439,IT,Municipality,Active
9202881,Alezio,"Alezio,Apulia,Italy",9053425,IT,Municipality,Active
9202882,Cutrofiano,"Cutrofiano,Apulia,Italy",9053425,IT,Municipality,Active
9202883,Castelluccio Inferiore,"Castelluccio Inferiore,Basilicata,Italy",9053426,IT,Municipality,Active
9202884,Barrea,"Barrea,Abruzzo,Italy",9053423,IT,Municipality,Active
9202885,Pompu,"Pompu,Sardinia,Italy",9053437,IT,Municipality,Active
9202886,Pienza,"Pienza,Tuscany,Italy",9053440,IT,Municipality,Active
9202887,Carbone,"Carbone,Basilicata,Italy",9053426,IT,Municipality,Active
9202888,Gragnano Trebbiense,"Gragnano Trebbiense,Emilia-Romagna,Italy",9053429,IT,Municipality,Active
9202889,Bonorva,"Bonorva,Sardinia,Italy",9053437,IT,Municipality,Active
9202890,Montale,"Montale,Tuscany,Italy",9053440,IT,Municipality,Active
9202891,Romentino,"Romentino,Piedmont,Italy",9053436,IT,Municipality,Active
9202892,Magnacavallo,"Magnacavallo,Lombardy,Italy",9053433,IT,Municipality,Active
9202893,Colledara,"Colledara,Abruzzo,Italy",9053423,IT,Municipality,Active
9202894,Montelongo,"Montelongo,Molise,Italy",9053435,IT,Municipality,Active
9202895,Moiano,"Moiano,Campania,Italy",9053428,IT,Municipality,Active
9202896,Calto,"Calto,Veneto,Italy",9053442,IT,Municipality,Active
9202897,Oliveto Citra,"Oliveto Citra,Campania,Italy",9053428,IT,Municipality,Active
9202898,Venosa,"Venosa,Basilicata,Italy",9053426,IT,Municipality,Active
9202899,Castelverde,"Castelverde,Lombardy,Italy",9053433,IT,Municipality,Active
9202900,Villanova d'Albenga,"Villanova d'Albenga,Liguria,Italy",9053432,IT,Municipality,Active
9202901,Challand-Saint-Victor,"Challand-Saint-Victor,Aosta Valley,Italy",9053424,IT,Municipality,Active
9202902,Selva di Cadore,"Selva di Cadore,Veneto,Italy",9053442,IT,Municipality,Active
9202903,Solaro,"Solaro,Lombardy,Italy",9053433,IT,Municipality,Active
9202904,Viano,"Viano,Emilia-Romagna,Italy",9053429,IT,Municipality,Active
9202905,Panchia,"Panchia,Trentino-South Tyrol,Italy",9053439,IT,Municipality,Active
9202906,San Giorgio Bigarello,"San Giorgio Bigarello,Lombardy,Italy",9053433,IT,Municipality,Active
9202907,Cameri,"Cameri,Piedmont,Italy",9053436,IT,Municipality,Active
9202908,Piobbico,"Piobbico,Marche,Italy",9053434,IT,Municipality,Active
9202909,Andalo Valtellino,"Andalo Valtellino,Lombardy,Italy",9053433,IT,Municipality,Active
9202910,Volturino,"Volturino,Apulia,Italy",9053425,IT,Municipality,Active
9202911,Bellizzi,"Bellizzi,Campania,Italy",9053428,IT,Municipality,Active
9202912,Vinci,"Vinci,Tuscany,Italy",9053440,IT,Municipality,Active
9202913,Montefiorino,"Montefiorino,Emilia-Romagna,Italy",9053429,IT,Municipality,Active
9202914,Masi Torello,"Masi Torello,Emilia-Romagna,Italy",9053429,IT,Municipality,Active
9202915,Graffignana,"Graffignana,Lombardy,Italy",9053433,IT,Municipality,Active
9202916,Soncino,"Soncino,Lombardy,Italy",9053433,IT,Municipality,Active
9202917,Alpago,"Alpago,Veneto,Italy",9053442,IT,Municipality,Active
9202918,Montecatini Val di Cecina,"Montecatini Val di Cecina,Tuscany,Italy",9053440,IT,Municipality,Active
9202919,San Potito Sannitico,"San Potito Sannitico,Campania,Italy",9053428,IT,Municipality,Active
9202920,Fanano,"Fanano,Emilia-Romagna,Italy",9053429,IT,Municipality,Active
9202921,Altavilla Vicentina,"Altavilla Vicentina,Veneto,Italy",9053442,IT,Municipality,Active
9202922,Tuoro sul Trasimeno,"Tuoro sul Trasimeno,Umbria,Italy",9053441,IT,Municipality,Active
9202923,Villorba,"Villorba,Veneto,Italy",9053442,IT,Municipality,Active
9202924,Maiori,"Maiori,Campania,Italy",9053428,IT,Municipality,Active
9202925,Nuvolento,"Nuvolento,Lombardy,Italy",9053433,IT,Municipality,Active
9202926,Cavedago,"Cavedago,Trentino-South Tyrol,Italy",9053439,IT,Municipality,Active
9202927,Lonate Pozzolo,"Lonate Pozzolo,Lombardy,Italy",9053433,IT,Municipality,Active
9202928,Traversella,"Traversella,Piedmont,Italy",9053436,IT,Municipality,Active
9202929,Grandola ed Uniti,"Grandola ed Uniti,Lombardy,Italy",9053433,IT,Municipality,Active
9202930,Paitone,"Paitone,Lombardy,Italy",9053433,IT,Municipality,Active
9202931,Alseno,"Alseno,Emilia-Romagna,Italy",9053429,IT,Municipality,Active
9202932,San Vero Milis,"San Vero Milis,Sardinia,Italy",9053437,IT,Municipality,Active
9202933,Contessa Entellina,"Contessa Entellina,Sicily,Italy",9053438,IT,Municipality,Active
9202934,Santa Maria Nuova,"Santa Maria Nuova,Marche,Italy",9053434,IT,Municipality,Active
9202935,Pennabilli,"Pennabilli,Emilia-Romagna,Italy",9053429,IT,Municipality,Active
9202936,Nola,"Nola,Campania,Italy",9053428,IT,Municipality,Active
9202937,Tramin an der Weinstrasse,"Tramin an der Weinstrasse,Trentino-South Tyrol,Italy",9053439,IT,Municipality,Active
9202938,Favale di Malvaro,"Favale di Malvaro,Liguria,Italy",9053432,IT,Municipality,Active
9202939,Colverde,"Colverde,Lombardy,Italy",9053433,IT,Municipality,Active
9202940,Poggiomarino,"Poggiomarino,Campania,Italy",9053428,IT,Municipality,Active
9202941,Mondavio,"Mondavio,Marche,Italy",9053434,IT,Municipality,Active
9202942,Offida,"Offida,Marche,Italy",9053434,IT,Municipality,Active
9202943,Moscufo,"Moscufo,Abruzzo,Italy",9053423,IT,Municipality,Active
9202944,Sorbo San Basile,"Sorbo San Basile,Calabria,Italy",9053427,IT,Municipality,Active
9202945,Moncenisio,"Moncenisio,Piedmont,Italy",9053436,IT,Municipality,Active
9202946,Castel Vittorio,"Castel Vittorio,Liguria,Italy",9053432,IT,Municipality,Active
9202947,Marcianise,"Marcianise,Campania,Italy",9053428,IT,Municipality,Active
9202948,Maccastorna,"Maccastorna,Lombardy,Italy",9053433,IT,Municipality,Active
9202949,Vicoforte,"Vicoforte,Piedmont,Italy",9053436,IT,Municipality,Active
9202950,Mandello Vitta,"Mandello Vitta,Piedmont,Italy",9053436,IT,Municipality,Active
9202951,Castelletto Cervo,"Castelletto Cervo,Piedmont,Italy",9053436,IT,Municipality,Active
9202952,Sant'Agata Bolognese,"Sant'Agata Bolognese,Emilia-Romagna,Italy",9053429,IT,Municipality,Active
9202953,Loreggia,"Loreggia,Veneto,Italy",9053442,IT,Municipality,Active
9202954,Colorno,"Colorno,Emilia-Romagna,Italy",9053429,IT,Municipality,Active
9202955,Sant'Angelo Lodigiano,"Sant'Angelo Lodigiano,Lombardy,Italy",9053433,IT,Municipality,Active
9202956,Semestene,"Semestene,Sardinia,Italy",9053437,IT,Municipality,Active
9202957,Centuripe,"Centuripe,Sicily,Italy",9053438,IT,Municipality,Active
9202958,Montieri,"Montieri,Tuscany,Italy",9053440,IT,Municipality,Active
9202959,Miggiano,"Miggiano,Apulia,Italy",9053425,IT,Municipality,Active
9202960,Bucine,"Bucine,Tuscany,Italy",9053440,IT,Municipality,Active
9202961,Moncalvo,"Moncalvo,Piedmont,Italy",9053436,IT,Municipality,Active
9202962,Racalmuto,"Racalmuto,Sicily,Italy",9053438,IT,Municipality,Active
9202963,Scarnafigi,"Scarnafigi,Piedmont,Italy",9053436,IT,Municipality,Active
9202964,Bertiolo,"Bertiolo,Friuli-Venezia Giulia,Italy",9053430,IT,Municipality,Active
9202965,Caramagna Piemonte,"Caramagna Piemonte,Piedmont,Italy",9053436,IT,Municipality,Active
9202966,Minturno,"Minturno,Lazio,Italy",9053431,IT,Municipality,Active
9202967,Ostra,"Ostra,Marche,Italy",9053434,IT,Municipality,Active
9202968,Limina,"Limina,Sicily,Italy",9053438,IT,Municipality,Active
9202969,Avellino,"Avellino,Campania,Italy",9053428,IT,Municipality,Active
9202970,Raviscanina,"Raviscanina,Campania,Italy",9053428,IT,Municipality,Active
9202971,Castelnuovo,"Castelnuovo,Trentino-South Tyrol,Italy",9053439,IT,Municipality,Active
9202972,Roccasicura,"Roccasicura,Molise,Italy",9053435,IT,Municipality,Active
9202973,San Zenone al Lambro,"San Zenone al Lambro,Lombardy,Italy",9053433,IT,Municipality,Active
9202974,Lodine,"Lodine,Sardinia,Italy",9053437,IT,Municipality,Active
9202975,Agazzano,"Agazzano,Emilia-Romagna,Italy",9053429,IT,Municipality,Active
9202976,Cepagatti,"Cepagatti,Abruzzo,Italy",9053423,IT,Municipality,Active
9202977,Pocapaglia,"Pocapaglia,Piedmont,Italy",9053436,IT,Municipality,Active
9202978,Mombaruzzo,"Mombaruzzo,Piedmont,Italy",9053436,IT,Municipality,Active
9202979,Oliveto Lucano,"Oliveto Lucano,Basilicata,Italy",9053426,IT,Municipality,Active
9202980,Castelforte,"Castelforte,Lazio,Italy",9053431,IT,Municipality,Active
9202981,Licenza,"Licenza,Lazio,Italy",9053431,IT,Municipality,Active
9202982,Chieti,"Chieti,Abruzzo,Italy",9053423,IT,Municipality,Active
9202983,Frassinelle Polesine,"Frassinelle Polesine,Veneto,Italy",9053442,IT,Municipality,Active
9202984,Correzzola,"Correzzola,Veneto,Italy",9053442,IT,Municipality,Active
9202985,Castiglione d'Adda,"Castiglione d'Adda,Lombardy,Italy",9053433,IT,Municipality,Active
9202986,Teverola,"Teverola,Campania,Italy",9053428,IT,Municipality,Active
9202987,Cinquefrondi,"Cinquefrondi,Calabria,Italy",9053427,IT,Municipality,Active
9202988,Reggiolo,"Reggiolo,Emilia-Romagna,Italy",9053429,IT,Municipality,Active
9202989,Teana,"Teana,Basilicata,Italy",9053426,IT,Municipality,Active
9202990,Tufillo,"Tufillo,Abruzzo,Italy",9053423,IT,Municipality,Active
9202991,Oltre il Colle,"Oltre il Colle,Lombardy,Italy",9053433,IT,Municipality,Active
9202992,Quiliano,"Quiliano,Liguria,Italy",9053432,IT,Municipality,Active
9202993,Roccaforzata,"Roccaforzata,Apulia,Italy",9053425,IT,Municipality,Active
9202994,Bonea,"Bonea,Campania,Italy",9053428,IT,Municipality,Active
9202995,Montano Lucino,"Montano Lucino,Lombardy,Italy",9053433,IT,Municipality,Active
9202996,Vermezzo con Zelo,"Vermezzo con Zelo,Lombardy,Italy",9053433,IT,Municipality,Active
9202997,Vallinfreda,"Vallinfreda,Lazio,Italy",9053431,IT,Municipality,Active
9202998,Viddalba,"Viddalba,Sardinia,Italy",9053437,IT,Municipality,Active
9202999,Monteleone Rocca Doria,"Monteleone Rocca Doria,Sardinia,Italy",9053437,IT,Municipality,Active
9203000,Fontanella,"Fontanella,Lombardy,Italy",9053433,IT,Municipality,Active
9203001,Cossano Canavese,"Cossano Canavese,Piedmont,Italy",9053436,IT,Municipality,Active
9203002,Roccagiovine,"Roccagiovine,Lazio,Italy",9053431,IT,Municipality,Active
9203003,Tarantasca,"Tarantasca,Piedmont,Italy",9053436,IT,Municipality,Active
9203004,Labro,"Labro,Lazio,Italy",9053431,IT,Municipality,Active
9203005,Sordevolo,"Sordevolo,Piedmont,Italy",9053436,IT,Municipality,Active
9203006,Ricadi,"Ricadi,Calabria,Italy",9053427,IT,Municipality,Active
9203007,Vigodarzere,"Vigodarzere,Veneto,Italy",9053442,IT,Municipality,Active
9203008,Toano,"Toano,Emilia-Romagna,Italy",9053429,IT,Municipality,Active
9203009,Celle Ligure,"Celle Ligure,Liguria,Italy",9053432,IT,Municipality,Active
9203010,Mara,"Mara,Sardinia,Italy",9053437,IT,Municipality,Active
9203011,Fiuggi,"Fiuggi,Lazio,Italy",9053431,IT,Municipality,Active
9203012,San Severino Marche,"San Severino Marche,Marche,Italy",9053434,IT,Municipality,Active
9203013,Stroncone,"Stroncone,Umbria,Italy",9053441,IT,Municipality,Active
9203014,Verghereto,"Verghereto,Emilia-Romagna,Italy",9053429,IT,Municipality,Active
9203015,Bergeggi,"Bergeggi,Liguria,Italy",9053432,IT,Municipality,Active
9203016,Meolo,"Meolo,Veneto,Italy",9053442,IT,Municipality,Active
9203017,Roccascalegna,"Roccascalegna,Abruzzo,Italy",9053423,IT,Municipality,Active
9203018,Spinazzola,"Spinazzola,Apulia,Italy",9053425,IT,Municipality,Active
9203019,Melazzo,"Melazzo,Piedmont,Italy",9053436,IT,Municipality,Active
9203020,Pozzonovo,"Pozzonovo,Veneto,Italy",9053442,IT,Municipality,Active
9203021,Anzano del Parco,"Anzano del Parco,Lombardy,Italy",9053433,IT,Municipality,Active
9203022,Lamezia Terme,"Lamezia Terme,Calabria,Italy",9053427,IT,Municipality,Active
9203023,Celleno,"Celleno,Lazio,Italy",9053431,IT,Municipality,Active
9203024,Somma Lombardo,"Somma Lombardo,Lombardy,Italy",9053433,IT,Municipality,Active
9203025,Crema,"Crema,Lombardy,Italy",9053433,IT,Municipality,Active
9203026,Pizzoni,"Pizzoni,Calabria,Italy",9053427,IT,Municipality,Active
9203027,Cercenasco,"Cercenasco,Piedmont,Italy",9053436,IT,Municipality,Active
9203028,Castellina Marittima,"Castellina Marittima,Tuscany,Italy",9053440,IT,Municipality,Active
9203029,Campagnatico,"Campagnatico,Tuscany,Italy",9053440,IT,Municipality,Active
9203030,Stella Cilento,"Stella Cilento,Campania,Italy",9053428,IT,Municipality,Active
9203031,Portico e San Benedetto,"Portico e San Benedetto,Emilia-Romagna,Italy",9053429,IT,Municipality,Active
9203032,San Filippo del Mela,"San Filippo del Mela,Sicily,Italy",9053438,IT,Municipality,Active
9203033,Saint-Oyen,"Saint-Oyen,Aosta Valley,Italy",9053424,IT,Municipality,Active
9203034,Giuggianello,"Giuggianello,Apulia,Italy",9053425,IT,Municipality,Active
9203035,Colosimi,"Colosimi,Calabria,Italy",9053427,IT,Municipality,Active
9203036,Berzo Inferiore,"Berzo Inferiore,Lombardy,Italy",9053433,IT,Municipality,Active
9203037,Belsito,"Belsito,Calabria,Italy",9053427,IT,Municipality,Active
9203038,Magliolo,"Magliolo,Liguria,Italy",9053432,IT,Municipality,Active
9203039,San Giovanni Lipioni,"San Giovanni Lipioni,Abruzzo,Italy",9053423,IT,Municipality,Active
9203040,Savoia di Lucania,"Savoia di Lucania,Basilicata,Italy",9053426,IT,Municipality,Active
9203041,Roccabernarda,"Roccabernarda,Calabria,Italy",9053427,IT,Municipality,Active
9203042,Fontanelle,"Fontanelle,Veneto,Italy",9053442,IT,Municipality,Active
9203043,Santa Cristina Gherdeina,"Santa Cristina Gherdeina,Trentino-South Tyrol,Italy",9053439,IT,Municipality,Active
9203044,Follina,"Follina,Veneto,Italy",9053442,IT,Municipality,Active
9203045,Baunei,"Baunei,Sardinia,Italy",9053437,IT,Municipality,Active
9203046,Marta,"Marta,Lazio,Italy",9053431,IT,Municipality,Active
9203047,Vernio,"Vernio,Tuscany,Italy",9053440,IT,Municipality,Active
9203048,Tornimparte,"Tornimparte,Abruzzo,Italy",9053423,IT,Municipality,Active
9203049,Calcio,"Calcio,Lombardy,Italy",9053433,IT,Municipality,Active
9203050,Vacone,"Vacone,Lazio,Italy",9053431,IT,Municipality,Active
9203051,Prasco,"Prasco,Piedmont,Italy",9053436,IT,Municipality,Active
9203052,Arsiero,"Arsiero,Veneto,Italy",9053442,IT,Municipality,Active
9203053,Premosello-Chiovenda,"Premosello-Chiovenda,Piedmont,Italy",9053436,IT,Municipality,Active
9203054,Catania,"Catania,Sicily,Italy",9053438,IT,Municipality,Active
9203055,Concorezzo,"Concorezzo,Lombardy,Italy",9053433,IT,Municipality,Active
9203056,Prata di Pordenone,"Prata di Pordenone,Friuli-Venezia Giulia,Italy",9053430,IT,Municipality,Active
9203057,Guardamiglio,"Guardamiglio,Lombardy,Italy",9053433,IT,Municipality,Active
9203058,San Pietro in Guarano,"San Pietro in Guarano,Calabria,Italy",9053427,IT,Municipality,Active
9203059,Olmeneta,"Olmeneta,Lombardy,Italy",9053433,IT,Municipality,Active
9203060,Ghisalba,"Ghisalba,Lombardy,Italy",9053433,IT,Municipality,Active
9203061,Montenero Sabino,"Montenero Sabino,Lazio,Italy",9053431,IT,Municipality,Active
9203062,Belluno,"Belluno,Veneto,Italy",9053442,IT,Municipality,Active
9203063,Volturara Appula,"Volturara Appula,Apulia,Italy",9053425,IT,Municipality,Active
9203064,Liscia,"Liscia,Abruzzo,Italy",9053423,IT,Municipality,Active
9203065,Laganadi,"Laganadi,Calabria,Italy",9053427,IT,Municipality,Active
9203066,Vanzaghello,"Vanzaghello,Lombardy,Italy",9053433,IT,Municipality,Active
9203067,Meda,"Meda,Lombardy,Italy",9053433,IT,Municipality,Active
9203068,Vicoli,"Vicoli,Abruzzo,Italy",9053423,IT,Municipality,Active
9203069,Santa Cesarea Terme,"Santa Cesarea Terme,Apulia,Italy",9053425,IT,Municipality,Active
9203070,Fregona,"Fregona,Veneto,Italy",9053442,IT,Municipality,Active
9203071,San Sebastiano da Po,"San Sebastiano da Po,Piedmont,Italy",9053436,IT,Municipality,Active
9203072,Forni Avoltri,"Forni Avoltri,Friuli-Venezia Giulia,Italy",9053430,IT,Municipality,Active
9203073,Ottiglio,"Ottiglio,Piedmont,Italy",9053436,IT,Municipality,Active
9203074,Gorreto,"Gorreto,Liguria,Italy",9053432,IT,Municipality,Active
9203075,Celano,"Celano,Abruzzo,Italy",9053423,IT,Municipality,Active
9203076,San Martino in Pensilis,"San Martino in Pensilis,Molise,Italy",9053435,IT,Municipality,Active
9203077,Porte di Rendena,"Porte di Rendena,Trentino-South Tyrol,Italy",9053439,IT,Municipality,Active
9203078,Caramanico Terme,"Caramanico Terme,Abruzzo,Italy",9053423,IT,Municipality,Active
9203079,Tezze sul Brenta,"Tezze sul Brenta,Veneto,Italy",9053442,IT,Municipality,Active
9203080,San Gregorio d'Ippona,"San Gregorio d'Ippona,Calabria,Italy",9053427,IT,Municipality,Active
9203081,Avolasca,"Avolasca,Piedmont,Italy",9053436,IT,Municipality,Active
9203082,Sant'Angelo in Vado,"Sant'Angelo in Vado,Marche,Italy",9053434,IT,Municipality,Active
9203083,Ponzone,"Ponzone,Piedmont,Italy",9053436,IT,Municipality,Active
9203084,Ronco Canavese,"Ronco Canavese,Piedmont,Italy",9053436,IT,Municipality,Active
9203085,Piscina,"Piscina,Piedmont,Italy",9053436,IT,Municipality,Active
9203086,Amatrice,"Amatrice,Lazio,Italy",9053431,IT,Municipality,Active
9203087,Rocchetta Tanaro,"Rocchetta Tanaro,Piedmont,Italy",9053436,IT,Municipality,Active
9203088,Zibido San Giacomo,"Zibido San Giacomo,Lombardy,Italy",9053433,IT,Municipality,Active
9203089,Andezeno,"Andezeno,Piedmont,Italy",9053436,IT,Municipality,Active
9203090,Belgirate,"Belgirate,Piedmont,Italy",9053436,IT,Municipality,Active
9203091,Trebaseleghe,"Trebaseleghe,Veneto,Italy",9053442,IT,Municipality,Active
9203092,Moniga del Garda,"Moniga del Garda,Lombardy,Italy",9053433,IT,Municipality,Active
9203093,Acquaro,"Acquaro,Calabria,Italy",9053427,IT,Municipality,Active
9203094,Carpegna,"Carpegna,Marche,Italy",9053434,IT,Municipality,Active
9203095,Poggio a Caiano,"Poggio a Caiano,Tuscany,Italy",9053440,IT,Municipality,Active
9203096,Simaxis,"Simaxis,Sardinia,Italy",9053437,IT,Municipality,Active
9203097,Maggiora,"Maggiora,Piedmont,Italy",9053436,IT,Municipality,Active
9203098,Bussero,"Bussero,Lombardy,Italy",9053433,IT,Municipality,Active
9203099,Monghidoro,"Monghidoro,Emilia-Romagna,Italy",9053429,IT,Municipality,Active
9203100,Cabiate,"Cabiate,Lombardy,Italy",9053433,IT,Municipality,Active
9203101,Miglierina,"Miglierina,Calabria,Italy",9053427,IT,Municipality,Active
9203102,Lestizza,"Lestizza,Friuli-Venezia Giulia,Italy",9053430,IT,Municipality,Active
9203103,Frabosa Sottana,"Frabosa Sottana,Piedmont,Italy",9053436,IT,Municipality,Active
9203104,Dogliani,"Dogliani,Piedmont,Italy",9053436,IT,Municipality,Active
9203105,Caerano di San Marco,"Caerano di San Marco,Veneto,Italy",9053442,IT,Municipality,Active
9203106,Casalfiumanese,"Casalfiumanese,Emilia-Romagna,Italy",9053429,IT,Municipality,Active
9203107,Belcastro,"Belcastro,Calabria,Italy",9053427,IT,Municipality,Active
9203108,San Giovanni in Croce,"San Giovanni in Croce,Lombardy,Italy",9053433,IT,Municipality,Active
9203109,Quarrata,"Quarrata,Tuscany,Italy",9053440,IT,Municipality,Active
9203110,Grigno,"Grigno,Trentino-South Tyrol,Italy",9053439,IT,Municipality,Active
9203111,San Venanzo,"San Venanzo,Umbria,Italy",9053441,IT,Municipality,Active
9203112,Malegno,"Malegno,Lombardy,Italy",9053433,IT,Municipality,Active
9203113,Sant'Agata di Puglia,"Sant'Agata di Puglia,Apulia,Italy",9053425,IT,Municipality,Active
9203114,Rognano,"Rognano,Lombardy,Italy",9053433,IT,Municipality,Active
9203115,Francica,"Francica,Calabria,Italy",9053427,IT,Municipality,Active
9203116,Villarosa,"Villarosa,Sicily,Italy",9053438,IT,Municipality,Active
9203117,Sassari,"Sassari,Sardinia,Italy",9053437,IT,Municipality,Active
9203118,Pfalzen,"Pfalzen,Trentino-South Tyrol,Italy",9053439,IT,Municipality,Active
9203119,Villafranca d'Asti,"Villafranca d'Asti,Piedmont,Italy",9053436,IT,Municipality,Active
9203120,Magherno,"Magherno,Lombardy,Italy",9053433,IT,Municipality,Active
9203121,Bronte,"Bronte,Sicily,Italy",9053438,IT,Municipality,Active
9203122,Camporotondo di Fiastrone,"Camporotondo di Fiastrone,Marche,Italy",9053434,IT,Municipality,Active
9203123,Caianello,"Caianello,Campania,Italy",9053428,IT,Municipality,Active
9203124,Vertemate con Minoprio,"Vertemate con Minoprio,Lombardy,Italy",9053433,IT,Municipality,Active
9203125,San Vito di Fagagna,"San Vito di Fagagna,Friuli-Venezia Giulia,Italy",9053430,IT,Municipality,Active
9203126,Trecenta,"Trecenta,Veneto,Italy",9053442,IT,Municipality,Active
9203127,Chiusanico,"Chiusanico,Liguria,Italy",9053432,IT,Municipality,Active
9203128,Sala Comacina,"Sala Comacina,Lombardy,Italy",9053433,IT,Municipality,Active
9203129,Gorgonzola,"Gorgonzola,Lombardy,Italy",9053433,IT,Municipality,Active
9203130,Prossedi,"Prossedi,Lazio,Italy",9053431,IT,Municipality,Active
9203131,Onano,"Onano,Lazio,Italy",9053431,IT,Municipality,Active
9203132,Galliera,"Galliera,Emilia-Romagna,Italy",9053429,IT,Municipality,Active
9203133,Vallata,"Vallata,Campania,Italy",9053428,IT,Municipality,Active
9203134,Cervarese Santa Croce,"Cervarese Santa Croce,Veneto,Italy",9053442,IT,Municipality,Active
9203135,Pertengo,"Pertengo,Piedmont,Italy",9053436,IT,Municipality,Active
9203136,Roiate,"Roiate,Lazio,Italy",9053431,IT,Municipality,Active
9203137,Crevacuore,"Crevacuore,Piedmont,Italy",9053436,IT,Municipality,Active
9203138,Buccino,"Buccino,Campania,Italy",9053428,IT,Municipality,Active
9203139,Villa Minozzo,"Villa Minozzo,Emilia-Romagna,Italy",9053429,IT,Municipality,Active
9203140,Isola d'Asti,"Isola d'Asti,Piedmont,Italy",9053436,IT,Municipality,Active
9203141,Niardo,"Niardo,Lombardy,Italy",9053433,IT,Municipality,Active
9203142,Travo,"Travo,Emilia-Romagna,Italy",9053429,IT,Municipality,Active
9203143,Chiaramonte Gulfi,"Chiaramonte Gulfi,Sicily,Italy",9053438,IT,Municipality,Active
9203144,Perdasdefogu,"Perdasdefogu,Sardinia,Italy",9053437,IT,Municipality,Active
9203145,Santa Margherita di Belice,"Santa Margherita di Belice,Sicily,Italy",9053438,IT,Municipality,Active
9203146,San Teodoro,"San Teodoro,Sardinia,Italy",9053437,IT,Municipality,Active
9203147,Ciro,"Ciro,Calabria,Italy",9053427,IT,Municipality,Active
9203148,San Giorgio Lucano,"San Giorgio Lucano,Basilicata,Italy",9053426,IT,Municipality,Active
9203149,Sant'Andrea Apostolo dello Ionio,"Sant'Andrea Apostolo dello Ionio,Calabria,Italy",9053427,IT,Municipality,Active
9203150,Incudine,"Incudine,Lombardy,Italy",9053433,IT,Municipality,Active
9203151,Colledimacine,"Colledimacine,Abruzzo,Italy",9053423,IT,Municipality,Active
9203152,Cisliano,"Cisliano,Lombardy,Italy",9053433,IT,Municipality,Active
9203153,Torrenova,"Torrenova,Sicily,Italy",9053438,IT,Municipality,Active
9203154,Fiumefreddo di Sicilia,"Fiumefreddo di Sicilia,Sicily,Italy",9053438,IT,Municipality,Active
9203155,Cazzano di Tramigna,"Cazzano di Tramigna,Veneto,Italy",9053442,IT,Municipality,Active
9203156,Barbania,"Barbania,Piedmont,Italy",9053436,IT,Municipality,Active
9203157,Lessona,"Lessona,Piedmont,Italy",9053436,IT,Municipality,Active
9203158,Capo di Ponte,"Capo di Ponte,Lombardy,Italy",9053433,IT,Municipality,Active
9203159,Tergu,"Tergu,Sardinia,Italy",9053437,IT,Municipality,Active
9203160,Muccia,"Muccia,Marche,Italy",9053434,IT,Municipality,Active
9203161,Torrecuso,"Torrecuso,Campania,Italy",9053428,IT,Municipality,Active
9203162,Altavalle,"Altavalle,Trentino-South Tyrol,Italy",9053439,IT,Municipality,Active
9203163,Altavilla Irpina,"Altavilla Irpina,Campania,Italy",9053428,IT,Municipality,Active
9203164,Tscherms,"Tscherms,Trentino-South Tyrol,Italy",9053439,IT,Municipality,Active
9203165,Ravanusa,"Ravanusa,Sicily,Italy",9053438,IT,Municipality,Active
9203166,Agordo,"Agordo,Veneto,Italy",9053442,IT,Municipality,Active
9203167,Fano Adriano,"Fano Adriano,Abruzzo,Italy",9053423,IT,Municipality,Active
9203168,Villesse,"Villesse,Friuli-Venezia Giulia,Italy",9053430,IT,Municipality,Active
9203169,San Benedetto in Perillis,"San Benedetto in Perillis,Abruzzo,Italy",9053423,IT,Municipality,Active
9203170,Adro,"Adro,Lombardy,Italy",9053433,IT,Municipality,Active
9203171,Grottaglie,"Grottaglie,Apulia,Italy",9053425,IT,Municipality,Active
9203172,Pietramontecorvino,"Pietramontecorvino,Apulia,Italy",9053425,IT,Municipality,Active
9203173,Curtarolo,"Curtarolo,Veneto,Italy",9053442,IT,Municipality,Active
9203174,Lomazzo,"Lomazzo,Lombardy,Italy",9053433,IT,Municipality,Active
9203175,San Giorgio Canavese,"San Giorgio Canavese,Piedmont,Italy",9053436,IT,Municipality,Active
9203176,Fordongianus,"Fordongianus,Sardinia,Italy",9053437,IT,Municipality,Active
9203177,San Vito Lo Capo,"San Vito Lo Capo,Sicily,Italy",9053438,IT,Municipality,Active
9203178,Vitulazio,"Vitulazio,Campania,Italy",9053428,IT,Municipality,Active
9203179,Abbiategrasso,"Abbiategrasso,Lombardy,Italy",9053433,IT,Municipality,Active
9203180,Fogliano Redipuglia,"Fogliano Redipuglia,Friuli-Venezia Giulia,Italy",9053430,IT,Municipality,Active
9203181,Roccasecca dei Volsci,"Roccasecca dei Volsci,Lazio,Italy",9053431,IT,Municipality,Active
9203182,Alviano,"Alviano,Umbria,Italy",9053441,IT,Municipality,Active
9203183,Casal Velino,"Casal Velino,Campania,Italy",9053428,IT,Municipality,Active
9203184,Francolise,"Francolise,Campania,Italy",9053428,IT,Municipality,Active
9203185,Borgo Chiese,"Borgo Chiese,Trentino-South Tyrol,Italy",9053439,IT,Municipality,Active
9203186,Casnigo,"Casnigo,Lombardy,Italy",9053433,IT,Municipality,Active
9203187,Taceno,"Taceno,Lombardy,Italy",9053433,IT,Municipality,Active
9203188,Merlino,"Merlino,Lombardy,Italy",9053433,IT,Municipality,Active
9203189,Sambuca Pistoiese,"Sambuca Pistoiese,Tuscany,Italy",9053440,IT,Municipality,Active
9203190,Montottone,"Montottone,Marche,Italy",9053434,IT,Municipality,Active
9203191,Ponte nelle Alpi,"Ponte nelle Alpi,Veneto,Italy",9053442,IT,Municipality,Active
9203192,San Bartolomeo al Mare,"San Bartolomeo al Mare,Liguria,Italy",9053432,IT,Municipality,Active
9203193,Flero,"Flero,Lombardy,Italy",9053433,IT,Municipality,Active
9203194,Castelletto d'Erro,"Castelletto d'Erro,Piedmont,Italy",9053436,IT,Municipality,Active
9203195,Acquanegra Cremonese,"Acquanegra Cremonese,Lombardy,Italy",9053433,IT,Municipality,Active
9203196,Desenzano del Garda,"Desenzano del Garda,Lombardy,Italy",9053433,IT,Municipality,Active
9203197,Trezzano sul Naviglio,"Trezzano sul Naviglio,Lombardy,Italy",9053433,IT,Municipality,Active
9203198,Gradisca d'Isonzo,"Gradisca d'Isonzo,Friuli-Venezia Giulia,Italy",9053430,IT,Municipality,Active
9203199,Sant'Egidio alla Vibrata,"Sant'Egidio alla Vibrata,Abruzzo,Italy",9053423,IT,Municipality,Active
9203200,Frisanco,"Frisanco,Friuli-Venezia Giulia,Italy",9053430,IT,Municipality,Active
9203201,Argusto,"Argusto,Calabria,Italy",9053427,IT,Municipality,Active
9203202,Porto Viro,"Porto Viro,Veneto,Italy",9053442,IT,Municipality,Active
9203203,Taufers im Munstertal,"Taufers im Munstertal,Trentino-South Tyrol,Italy",9053439,IT,Municipality,Active
9203204,Muzzana del Turgnano,"Muzzana del Turgnano,Friuli-Venezia Giulia,Italy",9053430,IT,Municipality,Active
9203205,Bitonto,"Bitonto,Apulia,Italy",9053425,IT,Municipality,Active
9203206,Bibbiano,"Bibbiano,Emilia-Romagna,Italy",9053429,IT,Municipality,Active
9203207,Sermoneta,"Sermoneta,Lazio,Italy",9053431,IT,Municipality,Active
9203208,Brindisi,"Brindisi,Apulia,Italy",9053425,IT,Municipality,Active
9203209,Filadelfia,"Filadelfia,Calabria,Italy",9053427,IT,Municipality,Active
9203210,Longi,"Longi,Sicily,Italy",9053438,IT,Municipality,Active
9203211,Asuni,"Asuni,Sardinia,Italy",9053437,IT,Municipality,Active
9203212,Vaglio Basilicata,"Vaglio Basilicata,Basilicata,Italy",9053426,IT,Municipality,Active
9203213,Brienza,"Brienza,Basilicata,Italy",9053426,IT,Municipality,Active
9203214,Scurcola Marsicana,"Scurcola Marsicana,Abruzzo,Italy",9053423,IT,Municipality,Active
9203215,Carmiano,"Carmiano,Apulia,Italy",9053425,IT,Municipality,Active
9203216,Chiesanuova,"Chiesanuova,Piedmont,Italy",9053436,IT,Municipality,Active
9203217,Montecastrilli,"Montecastrilli,Umbria,Italy",9053441,IT,Municipality,Active
9203218,Sale Marasino,"Sale Marasino,Lombardy,Italy",9053433,IT,Municipality,Active
9203219,Caselette,"Caselette,Piedmont,Italy",9053436,IT,Municipality,Active
9203220,Valtournenche,"Valtournenche,Aosta Valley,Italy",9053424,IT,Municipality,Active
9203221,Teulada,"Teulada,Sardinia,Italy",9053437,IT,Municipality,Active
9203222,Mozzagrogna,"Mozzagrogna,Abruzzo,Italy",9053423,IT,Municipality,Active
9203223,San Calogero,"San Calogero,Calabria,Italy",9053427,IT,Municipality,Active
9203224,Montresta,"Montresta,Sardinia,Italy",9053437,IT,Municipality,Active
9203225,Campolongo Maggiore,"Campolongo Maggiore,Veneto,Italy",9053442,IT,Municipality,Active
9203226,Civitaluparella,"Civitaluparella,Abruzzo,Italy",9053423,IT,Municipality,Active
9203227,Bosio,"Bosio,Piedmont,Italy",9053436,IT,Municipality,Active
9203228,San Damiano d'Asti,"San Damiano d'Asti,Piedmont,Italy",9053436,IT,Municipality,Active
9203229,Chignolo Po,"Chignolo Po,Lombardy,Italy",9053433,IT,Municipality,Active
9203230,Brallo di Pregola,"Brallo di Pregola,Lombardy,Italy",9053433,IT,Municipality,Active
9203231,Genoni,"Genoni,Sardinia,Italy",9053437,IT,Municipality,Active
9203232,Badolato,"Badolato,Calabria,Italy",9053427,IT,Municipality,Active
9203233,Pietraroja,"Pietraroja,Campania,Italy",9053428,IT,Municipality,Active
9203234,Kurtatsch an der Weinstrasse,"Kurtatsch an der Weinstrasse,Trentino-South Tyrol,Italy",9053439,IT,Municipality,Active
9203235,Bompensiere,"Bompensiere,Sicily,Italy",9053438,IT,Municipality,Active
9203236,Selegas,"Selegas,Sardinia,Italy",9053437,IT,Municipality,Active
9203237,Gratteri,"Gratteri,Sicily,Italy",9053438,IT,Municipality,Active
9203238,Monno,"Monno,Lombardy,Italy",9053433,IT,Municipality,Active
9203239,Demonte,"Demonte,Piedmont,Italy",9053436,IT,Municipality,Active
9203240,Luras,"Luras,Sardinia,Italy",9053437,IT,Municipality,Active
9203241,Vidigulfo,"Vidigulfo,Lombardy,Italy",9053433,IT,Municipality,Active
9203242,Sperone,"Sperone,Campania,Italy",9053428,IT,Municipality,Active
9203243,Bolsena,"Bolsena,Lazio,Italy",9053431,IT,Municipality,Active
9203244,Campagna,"Campagna,Campania,Italy",9053428,IT,Municipality,Active
9203245,Cerreto d'Asti,"Cerreto d'Asti,Piedmont,Italy",9053436,IT,Municipality,Active
9203246,Baratili San Pietro,"Baratili San Pietro,Sardinia,Italy",9053437,IT,Municipality,Active
9203247,Viarigi,"Viarigi,Piedmont,Italy",9053436,IT,Municipality,Active
9203248,Agosta,"Agosta,Lazio,Italy",9053431,IT,Municipality,Active
9203249,Dolcedo,"Dolcedo,Liguria,Italy",9053432,IT,Municipality,Active
9203250,Magliano de' Marsi,"Magliano de' Marsi,Abruzzo,Italy",9053423,IT,Municipality,Active
9203251,Ville d'Anaunia,"Ville d'Anaunia,Trentino-South Tyrol,Italy",9053439,IT,Municipality,Active
9203252,Rosazza,"Rosazza,Piedmont,Italy",9053436,IT,Municipality,Active
9203253,Cairo Montenotte,"Cairo Montenotte,Liguria,Italy",9053432,IT,Municipality,Active
9203254,San Cataldo,"San Cataldo,Sicily,Italy",9053438,IT,Municipality,Active
9203255,Ussassai,"Ussassai,Sardinia,Italy",9053437,IT,Municipality,Active
9203256,Mignano Monte Lungo,"Mignano Monte Lungo,Campania,Italy",9053428,IT,Municipality,Active
9203257,Villa d'Adda,"Villa d'Adda,Lombardy,Italy",9053433,IT,Municipality,Active
9203258,Camastra,"Camastra,Sicily,Italy",9053438,IT,Municipality,Active
9203259,Castrignano de' Greci,"Castrignano de' Greci,Apulia,Italy",9053425,IT,Municipality,Active
9203260,Spigno Saturnia,"Spigno Saturnia,Lazio,Italy",9053431,IT,Municipality,Active
9203261,Albano Vercellese,"Albano Vercellese,Piedmont,Italy",9053436,IT,Municipality,Active
9203262,Castel del Monte,"Castel del Monte,Abruzzo,Italy",9053423,IT,Municipality,Active
9203263,Rivergaro,"Rivergaro,Emilia-Romagna,Italy",9053429,IT,Municipality,Active
9203264,Toritto,"Toritto,Apulia,Italy",9053425,IT,Municipality,Active
9203265,Grondona,"Grondona,Piedmont,Italy",9053436,IT,Municipality,Active
9203266,Arzago d'Adda,"Arzago d'Adda,Lombardy,Italy",9053433,IT,Municipality,Active
9203267,Barcellona Pozzo di Gotto,"Barcellona Pozzo di Gotto,Sicily,Italy",9053438,IT,Municipality,Active
9203268,Rignano Flaminio,"Rignano Flaminio,Lazio,Italy",9053431,IT,Municipality,Active
9203269,Susegana,"Susegana,Veneto,Italy",9053442,IT,Municipality,Active
9203270,Dorno,"Dorno,Lombardy,Italy",9053433,IT,Municipality,Active
9203271,Arpino,"Arpino,Lazio,Italy",9053431,IT,Municipality,Active
9203272,Torresina,"Torresina,Piedmont,Italy",9053436,IT,Municipality,Active
9203273,Staranzano,"Staranzano,Friuli-Venezia Giulia,Italy",9053430,IT,Municipality,Active
9203274,Meana di Susa,"Meana di Susa,Piedmont,Italy",9053436,IT,Municipality,Active
9203275,Luogosano,"Luogosano,Campania,Italy",9053428,IT,Municipality,Active
9203276,Faedis,"Faedis,Friuli-Venezia Giulia,Italy",9053430,IT,Municipality,Active
9203277,Monterosso al Mare,"Monterosso al Mare,Liguria,Italy",9053432,IT,Municipality,Active
9203278,Laghi,"Laghi,Veneto,Italy",9053442,IT,Municipality,Active
9203279,Limosano,"Limosano,Molise,Italy",9053435,IT,Municipality,Active
9203280,Belmonte Mezzagno,"Belmonte Mezzagno,Sicily,Italy",9053438,IT,Municipality,Active
9203281,Caselle Landi,"Caselle Landi,Lombardy,Italy",9053433,IT,Municipality,Active
9203282,Tavullia,"Tavullia,Marche,Italy",9053434,IT,Municipality,Active
9203283,Civitavecchia,"Civitavecchia,Lazio,Italy",9053431,IT,Municipality,Active
9203284,Rancio Valcuvia,"Rancio Valcuvia,Lombardy,Italy",9053433,IT,Municipality,Active
9203285,Sasso Marconi,"Sasso Marconi,Emilia-Romagna,Italy",9053429,IT,Municipality,Active
9203286,Monfalcone,"Monfalcone,Friuli-Venezia Giulia,Italy",9053430,IT,Municipality,Active
9203287,Ruvo di Puglia,"Ruvo di Puglia,Apulia,Italy",9053425,IT,Municipality,Active
9203288,Cormano,"Cormano,Lombardy,Italy",9053433,IT,Municipality,Active
9203289,Mirabello Sannitico,"Mirabello Sannitico,Molise,Italy",9053435,IT,Municipality,Active
9203290,Sant'Oreste,"Sant'Oreste,Lazio,Italy",9053431,IT,Municipality,Active
9203291,Cisterna d'Asti,"Cisterna d'Asti,Piedmont,Italy",9053436,IT,Municipality,Active
9203292,Cenate Sotto,"Cenate Sotto,Lombardy,Italy",9053433,IT,Municipality,Active
9203293,Pralungo,"Pralungo,Piedmont,Italy",9053436,IT,Municipality,Active
9203294,Cossano Belbo,"Cossano Belbo,Piedmont,Italy",9053436,IT,Municipality,Active
9203295,Garbagnate Monastero,"Garbagnate Monastero,Lombardy,Italy",9053433,IT,Municipality,Active
9203296,Montecreto,"Montecreto,Emilia-Romagna,Italy",9053429,IT,Municipality,Active
9203297,Pulfero,"Pulfero,Friuli-Venezia Giulia,Italy",9053430,IT,Municipality,Active
9203298,Bortigali,"Bortigali,Sardinia,Italy",9053437,IT,Municipality,Active
9203299,Urbania,"Urbania,Marche,Italy",9053434,IT,Municipality,Active
9203300,Osiglia,"Osiglia,Liguria,Italy",9053432,IT,Municipality,Active
9203301,Madonna del Sasso,"Madonna del Sasso,Piedmont,Italy",9053436,IT,Municipality,Active
9203302,Cargeghe,"Cargeghe,Sardinia,Italy",9053437,IT,Municipality,Active
9203303,Cabella Ligure,"Cabella Ligure,Piedmont,Italy",9053436,IT,Municipality,Active
9203304,Acquaviva Platani,"Acquaviva Platani,Sicily,Italy",9053438,IT,Municipality,Active
9203305,Montalcino,"Montalcino,Tuscany,Italy",9053440,IT,Municipality,Active
9203306,Giaglione,"Giaglione,Piedmont,Italy",9053436,IT,Municipality,Active
9203307,Castelnuovo Magra,"Castelnuovo Magra,Liguria,Italy",9053432,IT,Municipality,Active
9203308,Borutta,"Borutta,Sardinia,Italy",9053437,IT,Municipality,Active
9203309,Sant'Ambrogio di Torino,"Sant'Ambrogio di Torino,Piedmont,Italy",9053436,IT,Municipality,Active
9203310,Marene,"Marene,Piedmont,Italy",9053436,IT,Municipality,Active
9203311,Rassa,"Rassa,Piedmont,Italy",9053436,IT,Municipality,Active
9203312,Gambatesa,"Gambatesa,Molise,Italy",9053435,IT,Municipality,Active
9203313,Porto Cesareo,"Porto Cesareo,Apulia,Italy",9053425,IT,Municipality,Active
9203314,Abbasanta,"Abbasanta,Sardinia,Italy",9053437,IT,Municipality,Active
9203315,Bonassola,"Bonassola,Liguria,Italy",9053432,IT,Municipality,Active
9203316,Schluderns,"Schluderns,Trentino-South Tyrol,Italy",9053439,IT,Municipality,Active
9203317,Calvera,"Calvera,Basilicata,Italy",9053426,IT,Municipality,Active
9203318,Corciano,"Corciano,Umbria,Italy",9053441,IT,Municipality,Active
9203319,Zavattarello,"Zavattarello,Lombardy,Italy",9053433,IT,Municipality,Active
9203320,Brissago-Valtravaglia,"Brissago-Valtravaglia,Lombardy,Italy",9053433,IT,Municipality,Active
9203321,Ronsecco,"Ronsecco,Piedmont,Italy",9053436,IT,Municipality,Active
9203322,Montenars,"Montenars,Friuli-Venezia Giulia,Italy",9053430,IT,Municipality,Active
9203323,Torre Bormida,"Torre Bormida,Piedmont,Italy",9053436,IT,Municipality,Active
9203324,Surano,"Surano,Apulia,Italy",9053425,IT,Municipality,Active
9203325,Tollo,"Tollo,Abruzzo,Italy",9053423,IT,Municipality,Active
9203326,Gioiosa Marea,"Gioiosa Marea,Sicily,Italy",9053438,IT,Municipality,Active
9203327,San Nazzaro Val Cavargna,"San Nazzaro Val Cavargna,Lombardy,Italy",9053433,IT,Municipality,Active
9203328,Buonabitacolo,"Buonabitacolo,Campania,Italy",9053428,IT,Municipality,Active
9203329,Altavilla Silentina,"Altavilla Silentina,Campania,Italy",9053428,IT,Municipality,Active
9203330,Dorgali,"Dorgali,Sardinia,Italy",9053437,IT,Municipality,Active
9203331,Longiano,"Longiano,Emilia-Romagna,Italy",9053429,IT,Municipality,Active
9203332,Vittorio Veneto,"Vittorio Veneto,Veneto,Italy",9053442,IT,Municipality,Active
9203333,Rovigo,"Rovigo,Veneto,Italy",9053442,IT,Municipality,Active
9203334,Igliano,"Igliano,Piedmont,Italy",9053436,IT,Municipality,Active
9203335,Morozzo,"Morozzo,Piedmont,Italy",9053436,IT,Municipality,Active
9203336,Calice Ligure,"Calice Ligure,Liguria,Italy",9053432,IT,Municipality,Active
9203337,Albettone,"Albettone,Veneto,Italy",9053442,IT,Municipality,Active
9203338,San Pietro Val Lemina,"San Pietro Val Lemina,Piedmont,Italy",9053436,IT,Municipality,Active
9203339,Bene Vagienna,"Bene Vagienna,Piedmont,Italy",9053436,IT,Municipality,Active
9203340,Tula,"Tula,Sardinia,Italy",9053437,IT,Municipality,Active
9203341,Roccarainola,"Roccarainola,Campania,Italy",9053428,IT,Municipality,Active
9203342,Baressa,"Baressa,Sardinia,Italy",9053437,IT,Municipality,Active
9203343,Canale Monterano,"Canale Monterano,Lazio,Italy",9053431,IT,Municipality,Active
9203344,Campospinoso Albaredo,"Campospinoso Albaredo,Lombardy,Italy",9053433,IT,Municipality,Active
9203345,Val di Zoldo,"Val di Zoldo,Veneto,Italy",9053442,IT,Municipality,Active
9203346,Otricoli,"Otricoli,Umbria,Italy",9053441,IT,Municipality,Active
9203347,Carre,"Carre,Veneto,Italy",9053442,IT,Municipality,Active
9203348,Roccantica,"Roccantica,Lazio,Italy",9053431,IT,Municipality,Active
9203349,Montescaglioso,"Montescaglioso,Basilicata,Italy",9053426,IT,Municipality,Active
9203350,Ponti,"Ponti,Piedmont,Italy",9053436,IT,Municipality,Active
9203351,Viadanica,"Viadanica,Lombardy,Italy",9053433,IT,Municipality,Active
9203352,Gattatico,"Gattatico,Emilia-Romagna,Italy",9053429,IT,Municipality,Active
9203353,Creazzo,"Creazzo,Veneto,Italy",9053442,IT,Municipality,Active
9203354,Niscemi,"Niscemi,Sicily,Italy",9053438,IT,Municipality,Active
9203355,Berchidda,"Berchidda,Sardinia,Italy",9053437,IT,Municipality,Active
9203356,Voltido,"Voltido,Lombardy,Italy",9053433,IT,Municipality,Active
9203357,Martignano,"Martignano,Apulia,Italy",9053425,IT,Municipality,Active
9203358,Gonars,"Gonars,Friuli-Venezia Giulia,Italy",9053430,IT,Municipality,Active
9203359,Giusvalla,"Giusvalla,Liguria,Italy",9053432,IT,Municipality,Active
9203360,Vetto,"Vetto,Emilia-Romagna,Italy",9053429,IT,Municipality,Active
9203361,Urbino,"Urbino,Marche,Italy",9053434,IT,Municipality,Active
9203362,Budrio,"Budrio,Emilia-Romagna,Italy",9053429,IT,Municipality,Active
9203363,Cercivento,"Cercivento,Friuli-Venezia Giulia,Italy",9053430,IT,Municipality,Active
9203364,Rondissone,"Rondissone,Piedmont,Italy",9053436,IT,Municipality,Active
9203365,Capena,"Capena,Lazio,Italy",9053431,IT,Municipality,Active
9203366,Borore,"Borore,Sardinia,Italy",9053437,IT,Municipality,Active
9203367,Capannoli,"Capannoli,Tuscany,Italy",9053440,IT,Municipality,Active
9203368,Taino,"Taino,Lombardy,Italy",9053433,IT,Municipality,Active
9203369,San Floro,"San Floro,Calabria,Italy",9053427,IT,Municipality,Active
9203370,Serralunga di Crea,"Serralunga di Crea,Piedmont,Italy",9053436,IT,Municipality,Active
9203371,Loro Ciuffenna,"Loro Ciuffenna,Tuscany,Italy",9053440,IT,Municipality,Active
9203372,Canischio,"Canischio,Piedmont,Italy",9053436,IT,Municipality,Active
9203373,Monte San Vito,"Monte San Vito,Marche,Italy",9053434,IT,Municipality,Active
9203374,Arrone,"Arrone,Umbria,Italy",9053441,IT,Municipality,Active
9203375,Castelspina,"Castelspina,Piedmont,Italy",9053436,IT,Municipality,Active
9203376,Garbagna,"Garbagna,Piedmont,Italy",9053436,IT,Municipality,Active
9203377,Pragelato,"Pragelato,Piedmont,Italy",9053436,IT,Municipality,Active
9203378,Lorenzago di Cadore,"Lorenzago di Cadore,Veneto,Italy",9053442,IT,Municipality,Active
9203379,Pedara,"Pedara,Sicily,Italy",9053438,IT,Municipality,Active
9203380,Ulten,"Ulten,Trentino-South Tyrol,Italy",9053439,IT,Municipality,Active
9203381,Viareggio,"Viareggio,Tuscany,Italy",9053440,IT,Municipality,Active
9203382,San Giorgio a Cremano,"San Giorgio a Cremano,Campania,Italy",9053428,IT,Municipality,Active
9203383,Champorcher,"Champorcher,Aosta Valley,Italy",9053424,IT,Municipality,Active
9203384,Candia Lomellina,"Candia Lomellina,Lombardy,Italy",9053433,IT,Municipality,Active
9203385,Grassano,"Grassano,Basilicata,Italy",9053426,IT,Municipality,Active
9203386,Mele,"Mele,Liguria,Italy",9053432,IT,Municipality,Active
9203387,Civiasco,"Civiasco,Piedmont,Italy",9053436,IT,Municipality,Active
9203388,Borgone Susa,"Borgone Susa,Piedmont,Italy",9053436,IT,Municipality,Active
9203389,Parzanica,"Parzanica,Lombardy,Italy",9053433,IT,Municipality,Active
9203390,Cavasso Nuovo,"Cavasso Nuovo,Friuli-Venezia Giulia,Italy",9053430,IT,Municipality,Active
9203391,Caivano,"Caivano,Campania,Italy",9053428,IT,Municipality,Active
9203392,Baia e Latina,"Baia e Latina,Campania,Italy",9053428,IT,Municipality,Active
9203393,Comunanza,"Comunanza,Marche,Italy",9053434,IT,Municipality,Active
9203394,Santa Giustina in Colle,"Santa Giustina in Colle,Veneto,Italy",9053442,IT,Municipality,Active
9203395,Travaco Siccomario,"Travaco Siccomario,Lombardy,Italy",9053433,IT,Municipality,Active
9203396,Casalbuono,"Casalbuono,Campania,Italy",9053428,IT,Municipality,Active
9203397,Tivoli,"Tivoli,Lazio,Italy",9053431,IT,Municipality,Active
9203398,Ospedaletto Euganeo,"Ospedaletto Euganeo,Veneto,Italy",9053442,IT,Municipality,Active
9203399,Sapri,"Sapri,Campania,Italy",9053428,IT,Municipality,Active
9203400,Sant'Arcangelo,"Sant'Arcangelo,Basilicata,Italy",9053426,IT,Municipality,Active
9203401,Valganna,"Valganna,Lombardy,Italy",9053433,IT,Municipality,Active
9203402,Lugnano in Teverina,"Lugnano in Teverina,Umbria,Italy",9053441,IT,Municipality,Active
9203403,Casaloldo,"Casaloldo,Lombardy,Italy",9053433,IT,Municipality,Active
9203404,Limena,"Limena,Veneto,Italy",9053442,IT,Municipality,Active
9203405,Cercino,"Cercino,Lombardy,Italy",9053433,IT,Municipality,Active
9203406,Carezzano,"Carezzano,Piedmont,Italy",9053436,IT,Municipality,Active
9203407,Schiavon,"Schiavon,Veneto,Italy",9053442,IT,Municipality,Active
9203408,Mezzana Rabattone,"Mezzana Rabattone,Lombardy,Italy",9053433,IT,Municipality,Active
9203409,Tessennano,"Tessennano,Lazio,Italy",9053431,IT,Municipality,Active
9203410,Sarteano,"Sarteano,Tuscany,Italy",9053440,IT,Municipality,Active
9203411,San Martino sulla Marrucina,"San Martino sulla Marrucina,Abruzzo,Italy",9053423,IT,Municipality,Active
9203412,Boltiere,"Boltiere,Lombardy,Italy",9053433,IT,Municipality,Active
9203413,Mentana,"Mentana,Lazio,Italy",9053431,IT,Municipality,Active
9203414,Traves,"Traves,Piedmont,Italy",9053436,IT,Municipality,Active
9203415,Luvinate,"Luvinate,Lombardy,Italy",9053433,IT,Municipality,Active
9203416,Borgo Valbelluna,"Borgo Valbelluna,Veneto,Italy",9053442,IT,Municipality,Active
9203417,Treviolo,"Treviolo,Lombardy,Italy",9053433,IT,Municipality,Active
9203418,Triora,"Triora,Liguria,Italy",9053432,IT,Municipality,Active
9203419,Bassano del Grappa,"Bassano del Grappa,Veneto,Italy",9053442,IT,Municipality,Active
9203420,Calolziocorte,"Calolziocorte,Lombardy,Italy",9053433,IT,Municipality,Active
9203421,Paceco,"Paceco,Sicily,Italy",9053438,IT,Municipality,Active
9203422,Ripi,"Ripi,Lazio,Italy",9053431,IT,Municipality,Active
9203423,Prags,"Prags,Trentino-South Tyrol,Italy",9053439,IT,Municipality,Active
9203424,Mezzoldo,"Mezzoldo,Lombardy,Italy",9053433,IT,Municipality,Active
9203425,Sellano,"Sellano,Umbria,Italy",9053441,IT,Municipality,Active
9203426,Molini di Triora,"Molini di Triora,Liguria,Italy",9053432,IT,Municipality,Active
9203427,Irgoli,"Irgoli,Sardinia,Italy",9053437,IT,Municipality,Active
9203428,Villamaina,"Villamaina,Campania,Italy",9053428,IT,Municipality,Active
9203429,Piana Crixia,"Piana Crixia,Liguria,Italy",9053432,IT,Municipality,Active
9203430,Marianopoli,"Marianopoli,Sicily,Italy",9053438,IT,Municipality,Active
9203431,Cerva,"Cerva,Calabria,Italy",9053427,IT,Municipality,Active
9203432,Torretta,"Torretta,Sicily,Italy",9053438,IT,Municipality,Active
9203433,Macchiagodena,"Macchiagodena,Molise,Italy",9053435,IT,Municipality,Active
9203434,Candia Canavese,"Candia Canavese,Piedmont,Italy",9053436,IT,Municipality,Active
9203435,Sozzago,"Sozzago,Piedmont,Italy",9053436,IT,Municipality,Active
9203436,Casalmaiocco,"Casalmaiocco,Lombardy,Italy",9053433,IT,Municipality,Active
9203437,Piadena Drizzona,"Piadena Drizzona,Lombardy,Italy",9053433,IT,Municipality,Active
9203438,Rocca Grimalda,"Rocca Grimalda,Piedmont,Italy",9053436,IT,Municipality,Active
9203439,Licciana Nardi,"Licciana Nardi,Tuscany,Italy",9053440,IT,Municipality,Active
9203440,Balzola,"Balzola,Piedmont,Italy",9053436,IT,Municipality,Active
9203441,San Giovanni a Piro,"San Giovanni a Piro,Campania,Italy",9053428,IT,Municipality,Active
9203442,Cogollo del Cengio,"Cogollo del Cengio,Veneto,Italy",9053442,IT,Municipality,Active
9203443,Misiliscemi,"Misiliscemi,Sicily,Italy",9053438,IT,Municipality,Active
9203444,Gerre de' Caprioli,"Gerre de' Caprioli,Lombardy,Italy",9053433,IT,Municipality,Active
9203445,Gorizia,"Gorizia,Friuli-Venezia Giulia,Italy",9053430,IT,Municipality,Active
9203446,San Lorenzello,"San Lorenzello,Campania,Italy",9053428,IT,Municipality,Active
9203447,San Giovanni in Marignano,"San Giovanni in Marignano,Emilia-Romagna,Italy",9053429,IT,Municipality,Active
9203448,San Pietro in Casale,"San Pietro in Casale,Emilia-Romagna,Italy",9053429,IT,Municipality,Active
9203449,Venice,"Venice,Veneto,Italy",9053442,IT,Municipality,Active
9203450,Diano d'Alba,"Diano d'Alba,Piedmont,Italy",9053436,IT,Municipality,Active
9203451,San Romano in Garfagnana,"San Romano in Garfagnana,Tuscany,Italy",9053440,IT,Municipality,Active
9203452,San Demetrio Corone,"San Demetrio Corone,Calabria,Italy",9053427,IT,Municipality,Active
9203453,La Loggia,"La Loggia,Piedmont,Italy",9053436,IT,Municipality,Active
9203454,Tribiano,"Tribiano,Lombardy,Italy",9053433,IT,Municipality,Active
9203455,Murello,"Murello,Piedmont,Italy",9053436,IT,Municipality,Active
9203456,Vallecorsa,"Vallecorsa,Lazio,Italy",9053431,IT,Municipality,Active
9203457,San Mauro di Saline,"San Mauro di Saline,Veneto,Italy",9053442,IT,Municipality,Active
9203458,Attigliano,"Attigliano,Umbria,Italy",9053441,IT,Municipality,Active
9203459,Venafro,"Venafro,Molise,Italy",9053435,IT,Municipality,Active
9203460,Trecase,"Trecase,Campania,Italy",9053428,IT,Municipality,Active
9203461,Giano dell'Umbria,"Giano dell'Umbria,Umbria,Italy",9053441,IT,Municipality,Active
9203462,Sesto al Reghena,"Sesto al Reghena,Friuli-Venezia Giulia,Italy",9053430,IT,Municipality,Active
9203463,Montecarotto,"Montecarotto,Marche,Italy",9053434,IT,Municipality,Active
9203464,Partinico,"Partinico,Sicily,Italy",9053438,IT,Municipality,Active
9203465,Portomaggiore,"Portomaggiore,Emilia-Romagna,Italy",9053429,IT,Municipality,Active
9203466,Castel Condino,"Castel Condino,Trentino-South Tyrol,Italy",9053439,IT,Municipality,Active
9203467,Recetto,"Recetto,Piedmont,Italy",9053436,IT,Municipality,Active
9203468,Chiusavecchia,"Chiusavecchia,Liguria,Italy",9053432,IT,Municipality,Active
9203469,Radicondoli,"Radicondoli,Tuscany,Italy",9053440,IT,Municipality,Active
9203470,Grimaldi,"Grimaldi,Calabria,Italy",9053427,IT,Municipality,Active
9203471,Umbriatico,"Umbriatico,Calabria,Italy",9053427,IT,Municipality,Active
9203472,Sezze,"Sezze,Lazio,Italy",9053431,IT,Municipality,Active
9203473,Bolano,"Bolano,Liguria,Italy",9053432,IT,Municipality,Active
9203474,Capri Leone,"Capri Leone,Sicily,Italy",9053438,IT,Municipality,Active
9203475,Tufino,"Tufino,Campania,Italy",9053428,IT,Municipality,Active
9203476,Casalecchio di Reno,"Casalecchio di Reno,Emilia-Romagna,Italy",9053429,IT,Municipality,Active
9203477,Pozzilli,"Pozzilli,Molise,Italy",9053435,IT,Municipality,Active
9203478,Valgioie,"Valgioie,Piedmont,Italy",9053436,IT,Municipality,Active
9203479,Arzano,"Arzano,Campania,Italy",9053428,IT,Municipality,Active
9203480,Palo del Colle,"Palo del Colle,Apulia,Italy",9053425,IT,Municipality,Active
9203481,Albaredo d'Adige,"Albaredo d'Adige,Veneto,Italy",9053442,IT,Municipality,Active
9203482,Guiglia,"Guiglia,Emilia-Romagna,Italy",9053429,IT,Municipality,Active
9203483,San Nicolo Gerrei,"San Nicolo Gerrei,Sardinia,Italy",9053437,IT,Municipality,Active
9203484,Anversa degli Abruzzi,"Anversa degli Abruzzi,Abruzzo,Italy",9053423,IT,Municipality,Active
9203485,Valle Agricola,"Valle Agricola,Campania,Italy",9053428,IT,Municipality,Active
9203486,Palanzano,"Palanzano,Emilia-Romagna,Italy",9053429,IT,Municipality,Active
9203487,Cosseria,"Cosseria,Liguria,Italy",9053432,IT,Municipality,Active
9203488,Codevilla,"Codevilla,Lombardy,Italy",9053433,IT,Municipality,Active
9203489,Savogna,"Savogna,Friuli-Venezia Giulia,Italy",9053430,IT,Municipality,Active
9203490,Ollolai,"Ollolai,Sardinia,Italy",9053437,IT,Municipality,Active
9203491,Montaione,"Montaione,Tuscany,Italy",9053440,IT,Municipality,Active
9203492,Molveno,"Molveno,Trentino-South Tyrol,Italy",9053439,IT,Municipality,Active
9203493,Terre Roveresche,"Terre Roveresche,Marche,Italy",9053434,IT,Municipality,Active
9203494,Centallo,"Centallo,Piedmont,Italy",9053436,IT,Municipality,Active
9203495,Ceriano Laghetto,"Ceriano Laghetto,Lombardy,Italy",9053433,IT,Municipality,Active
9203496,Fonte,"Fonte,Veneto,Italy",9053442,IT,Municipality,Active
9203497,Ispra,"Ispra,Lombardy,Italy",9053433,IT,Municipality,Active
9203498,Nogarole Rocca,"Nogarole Rocca,Veneto,Italy",9053442,IT,Municipality,Active
9203499,Bedonia,"Bedonia,Emilia-Romagna,Italy",9053429,IT,Municipality,Active
9203500,Celle Enomondo,"Celle Enomondo,Piedmont,Italy",9053436,IT,Municipality,Active
9203501,Quinto Vicentino,"Quinto Vicentino,Veneto,Italy",9053442,IT,Municipality,Active
9203502,Ales,"Ales,Sardinia,Italy",9053437,IT,Municipality,Active
9203503,Marentino,"Marentino,Piedmont,Italy",9053436,IT,Municipality,Active
9203504,Reggello,"Reggello,Tuscany,Italy",9053440,IT,Municipality,Active
9203505,Vallelunga Pratameno,"Vallelunga Pratameno,Sicily,Italy",9053438,IT,Municipality,Active
9203506,Maleo,"Maleo,Lombardy,Italy",9053433,IT,Municipality,Active
9203507,Rapagnano,"Rapagnano,Marche,Italy",9053434,IT,Municipality,Active
9203508,Nurri,"Nurri,Sardinia,Italy",9053437,IT,Municipality,Active
9203509,Casamassima,"Casamassima,Apulia,Italy",9053425,IT,Municipality,Active
9203510,Villaputzu,"Villaputzu,Sardinia,Italy",9053437,IT,Municipality,Active
9203511,Villasor,"Villasor,Sardinia,Italy",9053437,IT,Municipality,Active
9203512,Riesi,"Riesi,Sicily,Italy",9053438,IT,Municipality,Active
9203513,Margreid an der Weinstrasse,"Margreid an der Weinstrasse,Trentino-South Tyrol,Italy",9053439,IT,Municipality,Active
9203514,Capaccio Paestum,"Capaccio Paestum,Campania,Italy",9053428,IT,Municipality,Active
9203515,Cagnano Amiterno,"Cagnano Amiterno,Abruzzo,Italy",9053423,IT,Municipality,Active
9203516,Pieve di Teco,"Pieve di Teco,Liguria,Italy",9053432,IT,Municipality,Active
9203517,Briga Alta,"Briga Alta,Piedmont,Italy",9053436,IT,Municipality,Active
9203518,Condofuri,"Condofuri,Calabria,Italy",9053427,IT,Municipality,Active
9203519,Vasanello,"Vasanello,Lazio,Italy",9053431,IT,Municipality,Active
9203520,Doberdo del Lago,"Doberdo del Lago,Friuli-Venezia Giulia,Italy",9053430,IT,Municipality,Active
9203521,Montecalvo Irpino,"Montecalvo Irpino,Campania,Italy",9053428,IT,Municipality,Active
9203522,Casale Cremasco-Vidolasco,"Casale Cremasco-Vidolasco,Lombardy,Italy",9053433,IT,Municipality,Active
9203523,Samone,"Samone,Trentino-South Tyrol,Italy",9053439,IT,Municipality,Active
9203524,Villa d'Alme,"Villa d'Alme,Lombardy,Italy",9053433,IT,Municipality,Active
9203525,Desana,"Desana,Piedmont,Italy",9053436,IT,Municipality,Active
9203526,Castiglione Messer Marino,"Castiglione Messer Marino,Abruzzo,Italy",9053423,IT,Municipality,Active
9203527,Cossogno,"Cossogno,Piedmont,Italy",9053436,IT,Municipality,Active
9203528,Arcinazzo Romano,"Arcinazzo Romano,Lazio,Italy",9053431,IT,Municipality,Active
9203529,Pisticci,"Pisticci,Basilicata,Italy",9053426,IT,Municipality,Active
9203530,Emarese,"Emarese,Aosta Valley,Italy",9053424,IT,Municipality,Active
9203531,Cosenza,"Cosenza,Calabria,Italy",9053427,IT,Municipality,Active
9203532,Miasino,"Miasino,Piedmont,Italy",9053436,IT,Municipality,Active
9203533,San Gimignano,"San Gimignano,Tuscany,Italy",9053440,IT,Municipality,Active
9203534,Campobello di Licata,"Campobello di Licata,Sicily,Italy",9053438,IT,Municipality,Active
9203535,Cuceglio,"Cuceglio,Piedmont,Italy",9053436,IT,Municipality,Active
9203536,Montesano sulla Marcellana,"Montesano sulla Marcellana,Campania,Italy",9053428,IT,Municipality,Active
9203537,Muzzano,"Muzzano,Piedmont,Italy",9053436,IT,Municipality,Active
9203538,Itri,"Itri,Lazio,Italy",9053431,IT,Municipality,Active
9203539,Nocera Umbra,"Nocera Umbra,Umbria,Italy",9053441,IT,Municipality,Active
9203540,Casalpusterlengo,"Casalpusterlengo,Lombardy,Italy",9053433,IT,Municipality,Active
9203541,Castellammare di Stabia,"Castellammare di Stabia,Campania,Italy",9053428,IT,Municipality,Active
9203542,Pescopennataro,"Pescopennataro,Molise,Italy",9053435,IT,Municipality,Active
9203543,Susa,"Susa,Piedmont,Italy",9053436,IT,Municipality,Active
9203544,Grazzanise,"Grazzanise,Campania,Italy",9053428,IT,Municipality,Active
9203545,Cori,"Cori,Lazio,Italy",9053431,IT,Municipality,Active
9203546,Fumone,"Fumone,Lazio,Italy",9053431,IT,Municipality,Active
9203547,Roverbella,"Roverbella,Lombardy,Italy",9053433,IT,Municipality,Active
9203548,Verrua Po,"Verrua Po,Lombardy,Italy",9053433,IT,Municipality,Active
9203549,San Biase,"San Biase,Molise,Italy",9053435,IT,Municipality,Active
9203550,Carmignano,"Carmignano,Tuscany,Italy",9053440,IT,Municipality,Active
9203551,Calice al Cornoviglio,"Calice al Cornoviglio,Liguria,Italy",9053432,IT,Municipality,Active
9203552,Mezzanego,"Mezzanego,Liguria,Italy",9053432,IT,Municipality,Active
9203553,Forza d'Agro,"Forza d'Agro,Sicily,Italy",9053438,IT,Municipality,Active
9203554,Bagolino,"Bagolino,Lombardy,Italy",9053433,IT,Municipality,Active
9203555,Barbata,"Barbata,Lombardy,Italy",9053433,IT,Municipality,Active
9203556,Villa Biscossi,"Villa Biscossi,Lombardy,Italy",9053433,IT,Municipality,Active
9203557,Trentola-Ducenta,"Trentola-Ducenta,Campania,Italy",9053428,IT,Municipality,Active
9203558,Pinasca,"Pinasca,Piedmont,Italy",9053436,IT,Municipality,Active
9203559,Montecosaro,"Montecosaro,Marche,Italy",9053434,IT,Municipality,Active
9203560,Ailoche,"Ailoche,Piedmont,Italy",9053436,IT,Municipality,Active
9203561,Terelle,"Terelle,Lazio,Italy",9053431,IT,Municipality,Active
9203562,Piova Massaia,"Piova Massaia,Piedmont,Italy",9053436,IT,Municipality,Active
9203563,Enna,"Enna,Sicily,Italy",9053438,IT,Municipality,Active
9203564,Ballabio,"Ballabio,Lombardy,Italy",9053433,IT,Municipality,Active
9203565,Nule,"Nule,Sardinia,Italy",9053437,IT,Municipality,Active
9203566,Cavallirio,"Cavallirio,Piedmont,Italy",9053436,IT,Municipality,Active
9203567,Capergnanica,"Capergnanica,Lombardy,Italy",9053433,IT,Municipality,Active
9203568,Gavello,"Gavello,Veneto,Italy",9053442,IT,Municipality,Active
9203569,Crotta d'Adda,"Crotta d'Adda,Lombardy,Italy",9053433,IT,Municipality,Active
9203570,Valduggia,"Valduggia,Piedmont,Italy",9053436,IT,Municipality,Active
9203571,Vocca,"Vocca,Piedmont,Italy",9053436,IT,Municipality,Active
9203572,Vetralla,"Vetralla,Lazio,Italy",9053431,IT,Municipality,Active
9203573,Mezzocorona,"Mezzocorona,Trentino-South Tyrol,Italy",9053439,IT,Municipality,Active
9203574,Erice,"Erice,Sicily,Italy",9053438,IT,Municipality,Active
9203575,Sicignano degli Alburni,"Sicignano degli Alburni,Campania,Italy",9053428,IT,Municipality,Active
9203576,Velo Veronese,"Velo Veronese,Veneto,Italy",9053442,IT,Municipality,Active
9203577,Tavagnacco,"Tavagnacco,Friuli-Venezia Giulia,Italy",9053430,IT,Municipality,Active
9203578,Viagrande,"Viagrande,Sicily,Italy",9053438,IT,Municipality,Active
9203579,Zevio,"Zevio,Veneto,Italy",9053442,IT,Municipality,Active
9203580,Carovigno,"Carovigno,Apulia,Italy",9053425,IT,Municipality,Active
9203581,Misterbianco,"Misterbianco,Sicily,Italy",9053438,IT,Municipality,Active
9203582,Castelnovo di Sotto,"Castelnovo di Sotto,Emilia-Romagna,Italy",9053429,IT,Municipality,Active
9203583,Nogara,"Nogara,Veneto,Italy",9053442,IT,Municipality,Active
9203584,Castagneto Carducci,"Castagneto Carducci,Tuscany,Italy",9053440,IT,Municipality,Active
9203585,Castel Gabbiano,"Castel Gabbiano,Lombardy,Italy",9053433,IT,Municipality,Active
9203586,Salisano,"Salisano,Lazio,Italy",9053431,IT,Municipality,Active
9203587,Penna Sant'Andrea,"Penna Sant'Andrea,Abruzzo,Italy",9053423,IT,Municipality,Active
9203588,Salussola,"Salussola,Piedmont,Italy",9053436,IT,Municipality,Active
9203589,Comelico Superiore,"Comelico Superiore,Veneto,Italy",9053442,IT,Municipality,Active
9203590,Sante Marie,"Sante Marie,Abruzzo,Italy",9053423,IT,Municipality,Active
9203591,Corna Imagna,"Corna Imagna,Lombardy,Italy",9053433,IT,Municipality,Active
9203592,Arena Po,"Arena Po,Lombardy,Italy",9053433,IT,Municipality,Active
9203593,Calcata,"Calcata,Lazio,Italy",9053431,IT,Municipality,Active
9203594,Castelmauro,"Castelmauro,Molise,Italy",9053435,IT,Municipality,Active
9203595,Sorso,"Sorso,Sardinia,Italy",9053437,IT,Municipality,Active
9203596,Mascali,"Mascali,Sicily,Italy",9053438,IT,Municipality,Active
9203597,Vicopisano,"Vicopisano,Tuscany,Italy",9053440,IT,Municipality,Active
9203598,Endine Gaiano,"Endine Gaiano,Lombardy,Italy",9053433,IT,Municipality,Active
9203599,Antey-Saint-Andre,"Antey-Saint-Andre,Aosta Valley,Italy",9053424,IT,Municipality,Active
9203600,Belmonte del Sannio,"Belmonte del Sannio,Molise,Italy",9053435,IT,Municipality,Active
9203601,Ascoli Satriano,"Ascoli Satriano,Apulia,Italy",9053425,IT,Municipality,Active
9203602,Forenza,"Forenza,Basilicata,Italy",9053426,IT,Municipality,Active
9203603,Sirone,"Sirone,Lombardy,Italy",9053433,IT,Municipality,Active
9203604,Caprino Veronese,"Caprino Veronese,Veneto,Italy",9053442,IT,Municipality,Active
9203605,Polla,"Polla,Campania,Italy",9053428,IT,Municipality,Active
9203606,Colognola ai Colli,"Colognola ai Colli,Veneto,Italy",9053442,IT,Municipality,Active
9203607,Castell'Arquato,"Castell'Arquato,Emilia-Romagna,Italy",9053429,IT,Municipality,Active
9203608,Arzergrande,"Arzergrande,Veneto,Italy",9053442,IT,Municipality,Active
9203609,Sant'Eusanio del Sangro,"Sant'Eusanio del Sangro,Abruzzo,Italy",9053423,IT,Municipality,Active
9203610,Belmonte Piceno,"Belmonte Piceno,Marche,Italy",9053434,IT,Municipality,Active
9203611,Melara,"Melara,Veneto,Italy",9053442,IT,Municipality,Active
9203612,Mortara,"Mortara,Lombardy,Italy",9053433,IT,Municipality,Active
9203613,Rapino,"Rapino,Abruzzo,Italy",9053423,IT,Municipality,Active
9203614,Chiaravalle Centrale,"Chiaravalle Centrale,Calabria,Italy",9053427,IT,Municipality,Active
9203615,Succivo,"Succivo,Campania,Italy",9053428,IT,Municipality,Active
9203616,Morbello,"Morbello,Piedmont,Italy",9053436,IT,Municipality,Active
9203617,Osio Sopra,"Osio Sopra,Lombardy,Italy",9053433,IT,Municipality,Active
9203618,Tuscania,"Tuscania,Lazio,Italy",9053431,IT,Municipality,Active
9203619,Campodolcino,"Campodolcino,Lombardy,Italy",9053433,IT,Municipality,Active
9203620,Molinara,"Molinara,Campania,Italy",9053428,IT,Municipality,Active
9203621,Trambileno,"Trambileno,Trentino-South Tyrol,Italy",9053439,IT,Municipality,Active
9203622,La Magdeleine,"La Magdeleine,Aosta Valley,Italy",9053424,IT,Municipality,Active
9203623,Lesignano de' Bagni,"Lesignano de' Bagni,Emilia-Romagna,Italy",9053429,IT,Municipality,Active
9203624,Oldenico,"Oldenico,Piedmont,Italy",9053436,IT,Municipality,Active
9203625,Petruro Irpino,"Petruro Irpino,Campania,Italy",9053428,IT,Municipality,Active
9203626,Albairate,"Albairate,Lombardy,Italy",9053433,IT,Municipality,Active
9203627,San Polo Matese,"San Polo Matese,Molise,Italy",9053435,IT,Municipality,Active
9203628,Roccella Valdemone,"Roccella Valdemone,Sicily,Italy",9053438,IT,Municipality,Active
9203629,San Nicolo di Comelico,"San Nicolo di Comelico,Veneto,Italy",9053442,IT,Municipality,Active
9203630,Micigliano,"Micigliano,Lazio,Italy",9053431,IT,Municipality,Active
9203631,Cordignano,"Cordignano,Veneto,Italy",9053442,IT,Municipality,Active
9203632,Pescopagano,"Pescopagano,Basilicata,Italy",9053426,IT,Municipality,Active
9203633,Roncola,"Roncola,Lombardy,Italy",9053433,IT,Municipality,Active
9203634,Balvano,"Balvano,Basilicata,Italy",9053426,IT,Municipality,Active
9203635,Militello Rosmarino,"Militello Rosmarino,Sicily,Italy",9053438,IT,Municipality,Active
9203636,Sant'Anna d'Alfaedo,"Sant'Anna d'Alfaedo,Veneto,Italy",9053442,IT,Municipality,Active
9203637,Pino d'Asti,"Pino d'Asti,Piedmont,Italy",9053436,IT,Municipality,Active
9203638,Sulbiate,"Sulbiate,Lombardy,Italy",9053433,IT,Municipality,Active
9203639,Tortoreto,"Tortoreto,Abruzzo,Italy",9053423,IT,Municipality,Active
9203640,Monteleone Sabino,"Monteleone Sabino,Lazio,Italy",9053431,IT,Municipality,Active
9203641,Portacomaro,"Portacomaro,Piedmont,Italy",9053436,IT,Municipality,Active
9203642,Aprilia,"Aprilia,Lazio,Italy",9053431,IT,Municipality,Active
9203643,Bruzzano Zeffirio,"Bruzzano Zeffirio,Calabria,Italy",9053427,IT,Municipality,Active
9203644,Caprauna,"Caprauna,Piedmont,Italy",9053436,IT,Municipality,Active
9203645,Capaci,"Capaci,Sicily,Italy",9053438,IT,Municipality,Active
9203646,Lagnasco,"Lagnasco,Piedmont,Italy",9053436,IT,Municipality,Active
9203647,Guarcino,"Guarcino,Lazio,Italy",9053431,IT,Municipality,Active
9203648,Isola di Capo Rizzuto,"Isola di Capo Rizzuto,Calabria,Italy",9053427,IT,Municipality,Active
9203649,Roccasparvera,"Roccasparvera,Piedmont,Italy",9053436,IT,Municipality,Active
9203650,Sant'Onofrio,"Sant'Onofrio,Calabria,Italy",9053427,IT,Municipality,Active
9203651,Serramanna,"Serramanna,Sardinia,Italy",9053437,IT,Municipality,Active
9203652,Ficulle,"Ficulle,Umbria,Italy",9053441,IT,Municipality,Active
9203653,Ordona,"Ordona,Apulia,Italy",9053425,IT,Municipality,Active
9203654,Villa Latina,"Villa Latina,Lazio,Italy",9053431,IT,Municipality,Active
9203655,Cassano Magnago,"Cassano Magnago,Lombardy,Italy",9053433,IT,Municipality,Active
9203656,Palazzo Adriano,"Palazzo Adriano,Sicily,Italy",9053438,IT,Municipality,Active
9203657,Bobbio Pellice,"Bobbio Pellice,Piedmont,Italy",9053436,IT,Municipality,Active
9203658,Cagnano Varano,"Cagnano Varano,Apulia,Italy",9053425,IT,Municipality,Active
9203659,Braone,"Braone,Lombardy,Italy",9053433,IT,Municipality,Active
9203660,Sirignano,"Sirignano,Campania,Italy",9053428,IT,Municipality,Active
9203661,Burgos,"Burgos,Sardinia,Italy",9053437,IT,Municipality,Active
9203662,Flussio,"Flussio,Sardinia,Italy",9053437,IT,Municipality,Active
9203663,Zandobbio,"Zandobbio,Lombardy,Italy",9053433,IT,Municipality,Active
9203664,Ambivere,"Ambivere,Lombardy,Italy",9053433,IT,Municipality,Active
9203665,Loranze,"Loranze,Piedmont,Italy",9053436,IT,Municipality,Active
9203666,Gissi,"Gissi,Abruzzo,Italy",9053423,IT,Municipality,Active
9203667,Roccastrada,"Roccastrada,Tuscany,Italy",9053440,IT,Municipality,Active
9203668,Bosa,"Bosa,Sardinia,Italy",9053437,IT,Municipality,Active
9203669,Monteferrante,"Monteferrante,Abruzzo,Italy",9053423,IT,Municipality,Active
9203670,San Colombano al Lambro,"San Colombano al Lambro,Lombardy,Italy",9053433,IT,Municipality,Active
9203671,Passignano sul Trasimeno,"Passignano sul Trasimeno,Umbria,Italy",9053441,IT,Municipality,Active
9203672,Massa di Somma,"Massa di Somma,Campania,Italy",9053428,IT,Municipality,Active
9203673,Salorno,"Salorno,Trentino-South Tyrol,Italy",9053439,IT,Municipality,Active
9203674,Serralunga d'Alba,"Serralunga d'Alba,Piedmont,Italy",9053436,IT,Municipality,Active
9203675,Valguarnera Caropepe,"Valguarnera Caropepe,Sicily,Italy",9053438,IT,Municipality,Active
9203676,Castegnero,"Castegnero,Veneto,Italy",9053442,IT,Municipality,Active
9203677,Mariano del Friuli,"Mariano del Friuli,Friuli-Venezia Giulia,Italy",9053430,IT,Municipality,Active
9203678,Polizzi Generosa,"Polizzi Generosa,Sicily,Italy",9053438,IT,Municipality,Active
9203679,Pinarolo Po,"Pinarolo Po,Lombardy,Italy",9053433,IT,Municipality,Active
9203680,Abbadia San Salvatore,"Abbadia San Salvatore,Tuscany,Italy",9053440,IT,Municipality,Active
9203681,Cartignano,"Cartignano,Piedmont,Italy",9053436,IT,Municipality,Active
9203682,Vito d'Asio,"Vito d'Asio,Friuli-Venezia Giulia,Italy",9053430,IT,Municipality,Active
9203683,Montjovet,"Montjovet,Aosta Valley,Italy",9053424,IT,Municipality,Active
9203684,Stenico,"Stenico,Trentino-South Tyrol,Italy",9053439,IT,Municipality,Active
9203685,Lozzo di Cadore,"Lozzo di Cadore,Veneto,Italy",9053442,IT,Municipality,Active
9203686,Santo Stefano di Magra,"Santo Stefano di Magra,Liguria,Italy",9053432,IT,Municipality,Active
9203687,Lei,"Lei,Sardinia,Italy",9053437,IT,Municipality,Active
9203688,Castelnuovo Bocca d'Adda,"Castelnuovo Bocca d'Adda,Lombardy,Italy",9053433,IT,Municipality,Active
9203689,Malfa,"Malfa,Sicily,Italy",9053438,IT,Municipality,Active
9203690,Concamarise,"Concamarise,Veneto,Italy",9053442,IT,Municipality,Active
9203691,Orino,"Orino,Lombardy,Italy",9053433,IT,Municipality,Active
9203692,Rondanina,"Rondanina,Liguria,Italy",9053432,IT,Municipality,Active
9203693,Maida,"Maida,Calabria,Italy",9053427,IT,Municipality,Active
9203694,Noto,"Noto,Sicily,Italy",9053438,IT,Municipality,Active
9203695,Mercatello sul Metauro,"Mercatello sul Metauro,Marche,Italy",9053434,IT,Municipality,Active
9203696,Pontevico,"Pontevico,Lombardy,Italy",9053433,IT,Municipality,Active
9203697,Santa Cristina d'Aspromonte,"Santa Cristina d'Aspromonte,Calabria,Italy",9053427,IT,Municipality,Active
9203698,Ornago,"Ornago,Lombardy,Italy",9053433,IT,Municipality,Active
9203699,Putignano,"Putignano,Apulia,Italy",9053425,IT,Municipality,Active
9203700,Capurso,"Capurso,Apulia,Italy",9053425,IT,Municipality,Active
9203701,Serramazzoni,"Serramazzoni,Emilia-Romagna,Italy",9053429,IT,Municipality,Active
9203702,Cremona,"Cremona,Lombardy,Italy",9053433,IT,Municipality,Active
9203703,Pastorano,"Pastorano,Campania,Italy",9053428,IT,Municipality,Active
9203704,Marzano di Nola,"Marzano di Nola,Campania,Italy",9053428,IT,Municipality,Active
9203705,Rifreddo,"Rifreddo,Piedmont,Italy",9053436,IT,Municipality,Active
9203706,Guamaggiore,"Guamaggiore,Sardinia,Italy",9053437,IT,Municipality,Active
9203707,Venaria Reale,"Venaria Reale,Piedmont,Italy",9053436,IT,Municipality,Active
9203708,Borriana,"Borriana,Piedmont,Italy",9053436,IT,Municipality,Active
9203709,Cantalupo Ligure,"Cantalupo Ligure,Piedmont,Italy",9053436,IT,Municipality,Active
9203710,Rocca San Casciano,"Rocca San Casciano,Emilia-Romagna,Italy",9053429,IT,Municipality,Active
9203711,Ponte di Legno,"Ponte di Legno,Lombardy,Italy",9053433,IT,Municipality,Active
9203712,Bova Marina,"Bova Marina,Calabria,Italy",9053427,IT,Municipality,Active
9203713,Chianni,"Chianni,Tuscany,Italy",9053440,IT,Municipality,Active
9203714,Pescosolido,"Pescosolido,Lazio,Italy",9053431,IT,Municipality,Active
9203715,Montereale,"Montereale,Abruzzo,Italy",9053423,IT,Municipality,Active
9203716,Montecchio,"Montecchio,Umbria,Italy",9053441,IT,Municipality,Active
9203717,Re,"Re,Piedmont,Italy",9053436,IT,Municipality,Active
9203718,Chitignano,"Chitignano,Tuscany,Italy",9053440,IT,Municipality,Active
9203719,Bergamo,"Bergamo,Lombardy,Italy",9053433,IT,Municipality,Active
9203720,Ortelle,"Ortelle,Apulia,Italy",9053425,IT,Municipality,Active
9203721,Pisoniano,"Pisoniano,Lazio,Italy",9053431,IT,Municipality,Active
9203722,Zubiena,"Zubiena,Piedmont,Italy",9053436,IT,Municipality,Active
9203723,Castel d'Ario,"Castel d'Ario,Lombardy,Italy",9053433,IT,Municipality,Active
9203724,Vinzaglio,"Vinzaglio,Piedmont,Italy",9053436,IT,Municipality,Active
9203725,Alfedena,"Alfedena,Abruzzo,Italy",9053423,IT,Municipality,Active
9203726,Scarlino,"Scarlino,Tuscany,Italy",9053440,IT,Municipality,Active
9203727,Sammichele di Bari,"Sammichele di Bari,Apulia,Italy",9053425,IT,Municipality,Active
9203728,Motta Camastra,"Motta Camastra,Sicily,Italy",9053438,IT,Municipality,Active
9203729,Alatri,"Alatri,Lazio,Italy",9053431,IT,Municipality,Active
9203730,Caggiano,"Caggiano,Campania,Italy",9053428,IT,Municipality,Active
9203731,Pasturana,"Pasturana,Piedmont,Italy",9053436,IT,Municipality,Active
9203732,Casalvecchio Siculo,"Casalvecchio Siculo,Sicily,Italy",9053438,IT,Municipality,Active
9203733,Rosta,"Rosta,Piedmont,Italy",9053436,IT,Municipality,Active
9203734,Domodossola,"Domodossola,Piedmont,Italy",9053436,IT,Municipality,Active
9203735,Chioggia,"Chioggia,Veneto,Italy",9053442,IT,Municipality,Active
9203736,Gonnesa,"Gonnesa,Sardinia,Italy",9053437,IT,Municipality,Active
9203737,Passerano Marmorito,"Passerano Marmorito,Piedmont,Italy",9053436,IT,Municipality,Active
9203738,Molfetta,"Molfetta,Apulia,Italy",9053425,IT,Municipality,Active
9203739,Tornaco,"Tornaco,Piedmont,Italy",9053436,IT,Municipality,Active
9203740,Porano,"Porano,Umbria,Italy",9053441,IT,Municipality,Active
9203741,Muggia,"Muggia,Friuli-Venezia Giulia,Italy",9053430,IT,Municipality,Active
9203742,Campegine,"Campegine,Emilia-Romagna,Italy",9053429,IT,Municipality,Active
9203743,Arco,"Arco,Trentino-South Tyrol,Italy",9053439,IT,Municipality,Active
9203744,Rovescala,"Rovescala,Lombardy,Italy",9053433,IT,Municipality,Active
9203745,Rivalba,"Rivalba,Piedmont,Italy",9053436,IT,Municipality,Active
9203746,Medole,"Medole,Lombardy,Italy",9053433,IT,Municipality,Active
9203747,Volpiano,"Volpiano,Piedmont,Italy",9053436,IT,Municipality,Active
9203748,San Damiano al Colle,"San Damiano al Colle,Lombardy,Italy",9053433,IT,Municipality,Active
9203749,Chiusa di San Michele,"Chiusa di San Michele,Piedmont,Italy",9053436,IT,Municipality,Active
9203750,Riva di Solto,"Riva di Solto,Lombardy,Italy",9053433,IT,Municipality,Active
9203751,Torella del Sannio,"Torella del Sannio,Molise,Italy",9053435,IT,Municipality,Active
9203752,Roccafranca,"Roccafranca,Lombardy,Italy",9053433,IT,Municipality,Active
9203753,Verceia,"Verceia,Lombardy,Italy",9053433,IT,Municipality,Active
9203754,Olivetta San Michele,"Olivetta San Michele,Liguria,Italy",9053432,IT,Municipality,Active
9203755,Cavatore,"Cavatore,Piedmont,Italy",9053436,IT,Municipality,Active
9203756,Alba Adriatica,"Alba Adriatica,Abruzzo,Italy",9053423,IT,Municipality,Active
9203757,Melito di Napoli,"Melito di Napoli,Campania,Italy",9053428,IT,Municipality,Active
9203758,Branzi,"Branzi,Lombardy,Italy",9053433,IT,Municipality,Active
9203759,Manfredonia,"Manfredonia,Apulia,Italy",9053425,IT,Municipality,Active
9203760,Santa Teresa di Riva,"Santa Teresa di Riva,Sicily,Italy",9053438,IT,Municipality,Active
9203761,Vaglia,"Vaglia,Tuscany,Italy",9053440,IT,Municipality,Active
9203762,Lanzada,"Lanzada,Lombardy,Italy",9053433,IT,Municipality,Active
9203763,Campodoro,"Campodoro,Veneto,Italy",9053442,IT,Municipality,Active
9203764,San Giovanni Gemini,"San Giovanni Gemini,Sicily,Italy",9053438,IT,Municipality,Active
9203765,Camaiore,"Camaiore,Tuscany,Italy",9053440,IT,Municipality,Active
9203766,Ripalta Arpina,"Ripalta Arpina,Lombardy,Italy",9053433,IT,Municipality,Active
9203767,Cerro Maggiore,"Cerro Maggiore,Lombardy,Italy",9053433,IT,Municipality,Active
9203768,Filandari,"Filandari,Calabria,Italy",9053427,IT,Municipality,Active
9203769,Conflenti,"Conflenti,Calabria,Italy",9053427,IT,Municipality,Active
9203770,Corsione,"Corsione,Piedmont,Italy",9053436,IT,Municipality,Active
9203771,Cusano Mutri,"Cusano Mutri,Campania,Italy",9053428,IT,Municipality,Active
9203772,Sant'Antioco,"Sant'Antioco,Sardinia,Italy",9053437,IT,Municipality,Active
9203773,Siris,"Siris,Sardinia,Italy",9053437,IT,Municipality,Active
9203774,Vicolungo,"Vicolungo,Piedmont,Italy",9053436,IT,Municipality,Active
9203775,Rocca di Mezzo,"Rocca di Mezzo,Abruzzo,Italy",9053423,IT,Municipality,Active
9203776,Villanova Solaro,"Villanova Solaro,Piedmont,Italy",9053436,IT,Municipality,Active
9203777,Chiopris-Viscone,"Chiopris-Viscone,Friuli-Venezia Giulia,Italy",9053430,IT,Municipality,Active
9203778,Roure,"Roure,Piedmont,Italy",9053436,IT,Municipality,Active
9203779,Burcei,"Burcei,Sardinia,Italy",9053437,IT,Municipality,Active
9203780,Vigevano,"Vigevano,Lombardy,Italy",9053433,IT,Municipality,Active
9203781,Frossasco,"Frossasco,Piedmont,Italy",9053436,IT,Municipality,Active
9203782,Acireale,"Acireale,Sicily,Italy",9053438,IT,Municipality,Active
9203783,Letino,"Letino,Campania,Italy",9053428,IT,Municipality,Active
9203784,Montelapiano,"Montelapiano,Abruzzo,Italy",9053423,IT,Municipality,Active
9203785,Simeri Crichi,"Simeri Crichi,Calabria,Italy",9053427,IT,Municipality,Active
9203786,Capistrano,"Capistrano,Calabria,Italy",9053427,IT,Municipality,Active
9203787,Merone,"Merone,Lombardy,Italy",9053433,IT,Municipality,Active
9203788,Montopoli di Sabina,"Montopoli di Sabina,Lazio,Italy",9053431,IT,Municipality,Active
9203789,Mezzomerico,"Mezzomerico,Piedmont,Italy",9053436,IT,Municipality,Active
9203790,Gravina in Puglia,"Gravina in Puglia,Apulia,Italy",9053425,IT,Municipality,Active
9203791,Rieti,"Rieti,Lazio,Italy",9053431,IT,Municipality,Active
9203792,Godiasco Salice Terme,"Godiasco Salice Terme,Lombardy,Italy",9053433,IT,Municipality,Active
9203793,Caravaggio,"Caravaggio,Lombardy,Italy",9053433,IT,Municipality,Active
9203794,Amaroni,"Amaroni,Calabria,Italy",9053427,IT,Municipality,Active
9203795,Roddi,"Roddi,Piedmont,Italy",9053436,IT,Municipality,Active
9203796,Altavilla Monferrato,"Altavilla Monferrato,Piedmont,Italy",9053436,IT,Municipality,Active
9203797,Campli,"Campli,Abruzzo,Italy",9053423,IT,Municipality,Active
9203798,Pontboset,"Pontboset,Aosta Valley,Italy",9053424,IT,Municipality,Active
9203799,Voran,"Voran,Trentino-South Tyrol,Italy",9053439,IT,Municipality,Active
9203800,Sant'Arsenio,"Sant'Arsenio,Campania,Italy",9053428,IT,Municipality,Active
9203801,Aiello del Friuli,"Aiello del Friuli,Friuli-Venezia Giulia,Italy",9053430,IT,Municipality,Active
9203802,Roccadaspide,"Roccadaspide,Campania,Italy",9053428,IT,Municipality,Active
9203803,Trequanda,"Trequanda,Tuscany,Italy",9053440,IT,Municipality,Active
9203804,Castronno,"Castronno,Lombardy,Italy",9053433,IT,Municipality,Active
9203805,Pollena Trocchia,"Pollena Trocchia,Campania,Italy",9053428,IT,Municipality,Active
9203806,Castiglione Chiavarese,"Castiglione Chiavarese,Liguria,Italy",9053432,IT,Municipality,Active
9203807,Campofiorito,"Campofiorito,Sicily,Italy",9053438,IT,Municipality,Active
9203808,Lucignano,"Lucignano,Tuscany,Italy",9053440,IT,Municipality,Active
9203809,Mojo Alcantara,"Mojo Alcantara,Sicily,Italy",9053438,IT,Municipality,Active
9203810,Mongardino,"Mongardino,Piedmont,Italy",9053436,IT,Municipality,Active
9203811,Coreno Ausonio,"Coreno Ausonio,Lazio,Italy",9053431,IT,Municipality,Active
9203812,Carugate,"Carugate,Lombardy,Italy",9053433,IT,Municipality,Active
9203813,Canazei,"Canazei,Trentino-South Tyrol,Italy",9053439,IT,Municipality,Active
9203814,Cunardo,"Cunardo,Lombardy,Italy",9053433,IT,Municipality,Active
9203815,Mollia,"Mollia,Piedmont,Italy",9053436,IT,Municipality,Active
9203816,Castro dei Volsci,"Castro dei Volsci,Lazio,Italy",9053431,IT,Municipality,Active
9203817,Rabbi,"Rabbi,Trentino-South Tyrol,Italy",9053439,IT,Municipality,Active
9203818,Capolona,"Capolona,Tuscany,Italy",9053440,IT,Municipality,Active
9203819,Temu,"Temu,Lombardy,Italy",9053433,IT,Municipality,Active
9203820,Viu,"Viu,Piedmont,Italy",9053436,IT,Municipality,Active
9203821,Sambuci,"Sambuci,Lazio,Italy",9053431,IT,Municipality,Active
9203822,Allai,"Allai,Sardinia,Italy",9053437,IT,Municipality,Active
9203823,Silvi,"Silvi,Abruzzo,Italy",9053423,IT,Municipality,Active
9203824,Castelvetere in Val Fortore,"Castelvetere in Val Fortore,Campania,Italy",9053428,IT,Municipality,Active
9203825,Ceto,"Ceto,Lombardy,Italy",9053433,IT,Municipality,Active
9203826,Ome,"Ome,Lombardy,Italy",9053433,IT,Municipality,Active
9203827,Sermide e Felonica,"Sermide e Felonica,Lombardy,Italy",9053433,IT,Municipality,Active
9203828,Ozzano dell'Emilia,"Ozzano dell'Emilia,Emilia-Romagna,Italy",9053429,IT,Municipality,Active
9203829,Corte de' Frati,"Corte de' Frati,Lombardy,Italy",9053433,IT,Municipality,Active
9203830,Limone sul Garda,"Limone sul Garda,Lombardy,Italy",9053433,IT,Municipality,Active
9203831,Montefiascone,"Montefiascone,Lazio,Italy",9053431,IT,Municipality,Active
9203832,Monchio delle Corti,"Monchio delle Corti,Emilia-Romagna,Italy",9053429,IT,Municipality,Active
9203833,San Demetrio ne' Vestini,"San Demetrio ne' Vestini,Abruzzo,Italy",9053423,IT,Municipality,Active
9203834,Palazzo Pignano,"Palazzo Pignano,Lombardy,Italy",9053433,IT,Municipality,Active
9203835,Pau,"Pau,Sardinia,Italy",9053437,IT,Municipality,Active
9203836,Gonnoscodina,"Gonnoscodina,Sardinia,Italy",9053437,IT,Municipality,Active
9203837,Brenta,"Brenta,Lombardy,Italy",9053433,IT,Municipality,Active
9203838,Imbersago,"Imbersago,Lombardy,Italy",9053433,IT,Municipality,Active
9203839,Pollenza,"Pollenza,Marche,Italy",9053434,IT,Municipality,Active
9203840,Borrello,"Borrello,Abruzzo,Italy",9053423,IT,Municipality,Active
9203841,Dosso del Liro,"Dosso del Liro,Lombardy,Italy",9053433,IT,Municipality,Active
9203842,Chiusaforte,"Chiusaforte,Friuli-Venezia Giulia,Italy",9053430,IT,Municipality,Active
9203843,Landriano,"Landriano,Lombardy,Italy",9053433,IT,Municipality,Active
9203844,Villa Guardia,"Villa Guardia,Lombardy,Italy",9053433,IT,Municipality,Active
9203845,Busseto,"Busseto,Emilia-Romagna,Italy",9053429,IT,Municipality,Active
9203846,Coazze,"Coazze,Piedmont,Italy",9053436,IT,Municipality,Active
9203847,San Salvo,"San Salvo,Abruzzo,Italy",9053423,IT,Municipality,Active
9203848,La Thuile,"La Thuile,Aosta Valley,Italy",9053424,IT,Municipality,Active
9203849,Mezzanino,"Mezzanino,Lombardy,Italy",9053433,IT,Municipality,Active
9203850,Cheremule,"Cheremule,Sardinia,Italy",9053437,IT,Municipality,Active
9203851,Castelfranci,"Castelfranci,Campania,Italy",9053428,IT,Municipality,Active
9203852,Spotorno,"Spotorno,Liguria,Italy",9053432,IT,Municipality,Active
9203853,Mineo,"Mineo,Sicily,Italy",9053438,IT,Municipality,Active
9203854,Rosciano,"Rosciano,Abruzzo,Italy",9053423,IT,Municipality,Active
9203855,Arzana,"Arzana,Sardinia,Italy",9053437,IT,Municipality,Active
9203856,Costa Serina,"Costa Serina,Lombardy,Italy",9053433,IT,Municipality,Active
9203857,San Giovanni Incarico,"San Giovanni Incarico,Lazio,Italy",9053431,IT,Municipality,Active
9203858,Asso,"Asso,Lombardy,Italy",9053433,IT,Municipality,Active
9203859,Semproniano,"Semproniano,Tuscany,Italy",9053440,IT,Municipality,Active
9203860,Spilinga,"Spilinga,Calabria,Italy",9053427,IT,Municipality,Active
9203861,Cantu,"Cantu,Lombardy,Italy",9053433,IT,Municipality,Active
9203862,Monteleone di Fermo,"Monteleone di Fermo,Marche,Italy",9053434,IT,Municipality,Active
9203863,Torre Le Nocelle,"Torre Le Nocelle,Campania,Italy",9053428,IT,Municipality,Active
9203864,Salandra,"Salandra,Basilicata,Italy",9053426,IT,Municipality,Active
9203865,Cefala Diana,"Cefala Diana,Sicily,Italy",9053438,IT,Municipality,Active
9203866,Ravenna,"Ravenna,Emilia-Romagna,Italy",9053429,IT,Municipality,Active
9203867,Partschins,"Partschins,Trentino-South Tyrol,Italy",9053439,IT,Municipality,Active
9203868,Martinengo,"Martinengo,Lombardy,Italy",9053433,IT,Municipality,Active
9203869,Monsummano Terme,"Monsummano Terme,Tuscany,Italy",9053440,IT,Municipality,Active
9203870,Pognana Lario,"Pognana Lario,Lombardy,Italy",9053433,IT,Municipality,Active
9203871,Montemarzino,"Montemarzino,Piedmont,Italy",9053436,IT,Municipality,Active
9203872,Maiolo,"Maiolo,Emilia-Romagna,Italy",9053429,IT,Municipality,Active
9203873,Azzano d'Asti,"Azzano d'Asti,Piedmont,Italy",9053436,IT,Municipality,Active
9203874,San Marco la Catola,"San Marco la Catola,Apulia,Italy",9053425,IT,Municipality,Active
9203875,Ne,"Ne,Liguria,Italy",9053432,IT,Municipality,Active
9203876,Vimodrone,"Vimodrone,Lombardy,Italy",9053433,IT,Municipality,Active
9203877,Opi,"Opi,Abruzzo,Italy",9053423,IT,Municipality,Active
9203878,Liscate,"Liscate,Lombardy,Italy",9053433,IT,Municipality,Active
9203879,Sella Giudicarie,"Sella Giudicarie,Trentino-South Tyrol,Italy",9053439,IT,Municipality,Active
9203880,Abbadia Lariana,"Abbadia Lariana,Lombardy,Italy",9053433,IT,Municipality,Active
9203881,Cerreto di Spoleto,"Cerreto di Spoleto,Umbria,Italy",9053441,IT,Municipality,Active
9203882,Trento,"Trento,Trentino-South Tyrol,Italy",9053439,IT,Municipality,Active
9203883,Cerveno,"Cerveno,Lombardy,Italy",9053433,IT,Municipality,Active
9203884,Frascaro,"Frascaro,Piedmont,Italy",9053436,IT,Municipality,Active
9203885,San Pietro di Feletto,"San Pietro di Feletto,Veneto,Italy",9053442,IT,Municipality,Active
9203886,Lercara Friddi,"Lercara Friddi,Sicily,Italy",9053438,IT,Municipality,Active
9203887,Alliste,"Alliste,Apulia,Italy",9053425,IT,Municipality,Active
9203888,Bitritto,"Bitritto,Apulia,Italy",9053425,IT,Municipality,Active
9203889,Sutrio,"Sutrio,Friuli-Venezia Giulia,Italy",9053430,IT,Municipality,Active
9203890,Caderzone Terme,"Caderzone Terme,Trentino-South Tyrol,Italy",9053439,IT,Municipality,Active
9203891,Chignolo d'Isola,"Chignolo d'Isola,Lombardy,Italy",9053433,IT,Municipality,Active
9203892,Vairano Patenora,"Vairano Patenora,Campania,Italy",9053428,IT,Municipality,Active
9203893,Gorla Maggiore,"Gorla Maggiore,Lombardy,Italy",9053433,IT,Municipality,Active
9203894,Maccagno con Pino e Veddasca,"Maccagno con Pino e Veddasca,Lombardy,Italy",9053433,IT,Municipality,Active
9203895,Civitella Paganico,"Civitella Paganico,Tuscany,Italy",9053440,IT,Municipality,Active
9203896,Romanengo,"Romanengo,Lombardy,Italy",9053433,IT,Municipality,Active
9203897,Crevalcore,"Crevalcore,Emilia-Romagna,Italy",9053429,IT,Municipality,Active
9203898,Chiaverano,"Chiaverano,Piedmont,Italy",9053436,IT,Municipality,Active
9203899,Rocca di Cambio,"Rocca di Cambio,Abruzzo,Italy",9053423,IT,Municipality,Active
9203900,Ficarra,"Ficarra,Sicily,Italy",9053438,IT,Municipality,Active
9203901,Besate,"Besate,Lombardy,Italy",9053433,IT,Municipality,Active
9203902,Cenate Sopra,"Cenate Sopra,Lombardy,Italy",9053433,IT,Municipality,Active
9203903,Ala di Stura,"Ala di Stura,Piedmont,Italy",9053436,IT,Municipality,Active
9203904,Rumo,"Rumo,Trentino-South Tyrol,Italy",9053439,IT,Municipality,Active
9203905,Calimera,"Calimera,Apulia,Italy",9053425,IT,Municipality,Active
9203906,Ala,"Ala,Trentino-South Tyrol,Italy",9053439,IT,Municipality,Active
9203907,Santa Maria Coghinas,"Santa Maria Coghinas,Sardinia,Italy",9053437,IT,Municipality,Active
9203908,Cittiglio,"Cittiglio,Lombardy,Italy",9053433,IT,Municipality,Active
9203909,Cologno al Serio,"Cologno al Serio,Lombardy,Italy",9053433,IT,Municipality,Active
9203910,Civitella in Val di Chiana,"Civitella in Val di Chiana,Tuscany,Italy",9053440,IT,Municipality,Active
9203911,Villa Sant'Angelo,"Villa Sant'Angelo,Abruzzo,Italy",9053423,IT,Municipality,Active
9203912,Santa Croce Camerina,"Santa Croce Camerina,Sicily,Italy",9053438,IT,Municipality,Active
9203913,Salemi,"Salemi,Sicily,Italy",9053438,IT,Municipality,Active
9203914,Morgex,"Morgex,Aosta Valley,Italy",9053424,IT,Municipality,Active
9203915,Desio,"Desio,Lombardy,Italy",9053433,IT,Municipality,Active
9203916,Marano Marchesato,"Marano Marchesato,Calabria,Italy",9053427,IT,Municipality,Active
9203917,Povegliano Veronese,"Povegliano Veronese,Veneto,Italy",9053442,IT,Municipality,Active
9203918,Terrazzo,"Terrazzo,Veneto,Italy",9053442,IT,Municipality,Active
9203919,Longone Sabino,"Longone Sabino,Lazio,Italy",9053431,IT,Municipality,Active
9203920,Taurano,"Taurano,Campania,Italy",9053428,IT,Municipality,Active
9203921,Calceranica al Lago,"Calceranica al Lago,Trentino-South Tyrol,Italy",9053439,IT,Municipality,Active
9203922,San Basilio,"San Basilio,Sardinia,Italy",9053437,IT,Municipality,Active
9203923,Gambolo,"Gambolo,Lombardy,Italy",9053433,IT,Municipality,Active
9203924,Besenello,"Besenello,Trentino-South Tyrol,Italy",9053439,IT,Municipality,Active
9203925,Grisolia,"Grisolia,Calabria,Italy",9053427,IT,Municipality,Active
9203926,Casalbordino,"Casalbordino,Abruzzo,Italy",9053423,IT,Municipality,Active
9203927,Carpineto Sinello,"Carpineto Sinello,Abruzzo,Italy",9053423,IT,Municipality,Active
9203928,Ottone,"Ottone,Emilia-Romagna,Italy",9053429,IT,Municipality,Active
9203929,Acqui Terme,"Acqui Terme,Piedmont,Italy",9053436,IT,Municipality,Active
9203930,Capistrello,"Capistrello,Abruzzo,Italy",9053423,IT,Municipality,Active
9203931,Roccabianca,"Roccabianca,Emilia-Romagna,Italy",9053429,IT,Municipality,Active
9203932,Rogno,"Rogno,Lombardy,Italy",9053433,IT,Municipality,Active
9203933,Colleferro,"Colleferro,Lazio,Italy",9053431,IT,Municipality,Active
9203934,Entracque,"Entracque,Piedmont,Italy",9053436,IT,Municipality,Active
9203935,Cerete,"Cerete,Lombardy,Italy",9053433,IT,Municipality,Active
9203936,Saint-Christophe,"Saint-Christophe,Aosta Valley,Italy",9053424,IT,Municipality,Active
9203937,Trasaghis,"Trasaghis,Friuli-Venezia Giulia,Italy",9053430,IT,Municipality,Active
9203938,Castello dell'Acqua,"Castello dell'Acqua,Lombardy,Italy",9053433,IT,Municipality,Active
9203939,Ariano Irpino,"Ariano Irpino,Campania,Italy",9053428,IT,Municipality,Active
9203940,Pontoglio,"Pontoglio,Lombardy,Italy",9053433,IT,Municipality,Active
9203941,Qualiano,"Qualiano,Campania,Italy",9053428,IT,Municipality,Active
9203942,Taglio di Po,"Taglio di Po,Veneto,Italy",9053442,IT,Municipality,Active
9203943,Rezzato,"Rezzato,Lombardy,Italy",9053433,IT,Municipality,Active
9203944,Vazzano,"Vazzano,Calabria,Italy",9053427,IT,Municipality,Active
9203945,Staiti,"Staiti,Calabria,Italy",9053427,IT,Municipality,Active
9203946,Bella,"Bella,Basilicata,Italy",9053426,IT,Municipality,Active
9203947,Compiano,"Compiano,Emilia-Romagna,Italy",9053429,IT,Municipality,Active
9203948,Barengo,"Barengo,Piedmont,Italy",9053436,IT,Municipality,Active
9203949,Buggerru,"Buggerru,Sardinia,Italy",9053437,IT,Municipality,Active
9203950,Sennariolo,"Sennariolo,Sardinia,Italy",9053437,IT,Municipality,Active
9203951,Muro Leccese,"Muro Leccese,Apulia,Italy",9053425,IT,Municipality,Active
9203952,Tronzano Vercellese,"Tronzano Vercellese,Piedmont,Italy",9053436,IT,Municipality,Active
9203953,Montevecchia,"Montevecchia,Lombardy,Italy",9053433,IT,Municipality,Active
9203954,Cagli,"Cagli,Marche,Italy",9053434,IT,Municipality,Active
9203955,Solarolo,"Solarolo,Emilia-Romagna,Italy",9053429,IT,Municipality,Active
9203956,Poggibonsi,"Poggibonsi,Tuscany,Italy",9053440,IT,Municipality,Active
9203957,Casaleone,"Casaleone,Veneto,Italy",9053442,IT,Municipality,Active
9203958,Malonno,"Malonno,Lombardy,Italy",9053433,IT,Municipality,Active
9203959,Pianiga,"Pianiga,Veneto,Italy",9053442,IT,Municipality,Active
9203960,Zapponeta,"Zapponeta,Apulia,Italy",9053425,IT,Municipality,Active
9203961,Mesagne,"Mesagne,Apulia,Italy",9053425,IT,Municipality,Active
9203962,Amato,"Amato,Calabria,Italy",9053427,IT,Municipality,Active
9203963,Ceresole Alba,"Ceresole Alba,Piedmont,Italy",9053436,IT,Municipality,Active
9203964,Orsenigo,"Orsenigo,Lombardy,Italy",9053433,IT,Municipality,Active
9203965,Corte Palasio,"Corte Palasio,Lombardy,Italy",9053433,IT,Municipality,Active
9203966,Castelnuovo Cilento,"Castelnuovo Cilento,Campania,Italy",9053428,IT,Municipality,Active
9203967,Cesara,"Cesara,Piedmont,Italy",9053436,IT,Municipality,Active
9203968,Spoleto,"Spoleto,Umbria,Italy",9053441,IT,Municipality,Active
9203969,Villa San Giovanni,"Villa San Giovanni,Calabria,Italy",9053427,IT,Municipality,Active
9203970,Montesegale,"Montesegale,Lombardy,Italy",9053433,IT,Municipality,Active
9203971,Sueglio,"Sueglio,Lombardy,Italy",9053433,IT,Municipality,Active
9203972,Orroli,"Orroli,Sardinia,Italy",9053437,IT,Municipality,Active
9203973,Camerana,"Camerana,Piedmont,Italy",9053436,IT,Municipality,Active
9203974,Fiumicello,"Fiumicello,Friuli-Venezia Giulia,Italy",9053430,IT,Municipality,Active
9203975,Piobesi Torinese,"Piobesi Torinese,Piedmont,Italy",9053436,IT,Municipality,Active
9203976,Sciacca,"Sciacca,Sicily,Italy",9053438,IT,Municipality,Active
9203977,Fonzaso,"Fonzaso,Veneto,Italy",9053442,IT,Municipality,Active
9203978,Casaleggio Novara,"Casaleggio Novara,Piedmont,Italy",9053436,IT,Municipality,Active
9203979,Sala Consilina,"Sala Consilina,Campania,Italy",9053428,IT,Municipality,Active
9203980,Fornovo San Giovanni,"Fornovo San Giovanni,Lombardy,Italy",9053433,IT,Municipality,Active
9203981,Villafalletto,"Villafalletto,Piedmont,Italy",9053436,IT,Municipality,Active
9203982,Mazzo di Valtellina,"Mazzo di Valtellina,Lombardy,Italy",9053433,IT,Municipality,Active
9203983,Frassineto Po,"Frassineto Po,Piedmont,Italy",9053436,IT,Municipality,Active
9203984,Dalmine,"Dalmine,Lombardy,Italy",9053433,IT,Municipality,Active
9203985,Prascorsano,"Prascorsano,Piedmont,Italy",9053436,IT,Municipality,Active
9203986,Vizzola Ticino,"Vizzola Ticino,Lombardy,Italy",9053433,IT,Municipality,Active
9203987,Vallerotonda,"Vallerotonda,Lazio,Italy",9053431,IT,Municipality,Active
9203988,Garlenda,"Garlenda,Liguria,Italy",9053432,IT,Municipality,Active
9203989,Scheggino,"Scheggino,Umbria,Italy",9053441,IT,Municipality,Active
9203990,Monte San Giusto,"Monte San Giusto,Marche,Italy",9053434,IT,Municipality,Active
9203991,Moconesi,"Moconesi,Liguria,Italy",9053432,IT,Municipality,Active
9203992,Arcugnano,"Arcugnano,Veneto,Italy",9053442,IT,Municipality,Active
9203993,Cannalonga,"Cannalonga,Campania,Italy",9053428,IT,Municipality,Active
9203994,Bergolo,"Bergolo,Piedmont,Italy",9053436,IT,Municipality,Active
9203995,Scisciano,"Scisciano,Campania,Italy",9053428,IT,Municipality,Active
9203996,Fiumefreddo Bruzio,"Fiumefreddo Bruzio,Calabria,Italy",9053427,IT,Municipality,Active
9203997,Canicatti,"Canicatti,Sicily,Italy",9053438,IT,Municipality,Active
9203998,Montecorvino Pugliano,"Montecorvino Pugliano,Campania,Italy",9053428,IT,Municipality,Active
9203999,Roccapalumba,"Roccapalumba,Sicily,Italy",9053438,IT,Municipality,Active
9204000,Ricigliano,"Ricigliano,Campania,Italy",9053428,IT,Municipality,Active
9204001,Spiazzo,"Spiazzo,Trentino-South Tyrol,Italy",9053439,IT,Municipality,Active
9204002,Selvazzano Dentro,"Selvazzano Dentro,Veneto,Italy",9053442,IT,Municipality,Active
9204003,Bonate Sopra,"Bonate Sopra,Lombardy,Italy",9053433,IT,Municipality,Active
9204004,Alta Val Tidone,"Alta Val Tidone,Emilia-Romagna,Italy",9053429,IT,Municipality,Active
9204005,Pettoranello del Molise,"Pettoranello del Molise,Molise,Italy",9053435,IT,Municipality,Active
9204006,Taverna,"Taverna,Calabria,Italy",9053427,IT,Municipality,Active
9204007,Frignano,"Frignano,Campania,Italy",9053428,IT,Municipality,Active
9204008,Altopiano della Vigolana,"Altopiano della Vigolana,Trentino-South Tyrol,Italy",9053439,IT,Municipality,Active
9204009,Scandriglia,"Scandriglia,Lazio,Italy",9053431,IT,Municipality,Active
9204010,Fonni,"Fonni,Sardinia,Italy",9053437,IT,Municipality,Active
9204011,Conselve,"Conselve,Veneto,Italy",9053442,IT,Municipality,Active
9204012,Torrevecchia Pia,"Torrevecchia Pia,Lombardy,Italy",9053433,IT,Municipality,Active
9204013,Brignano-Frascata,"Brignano-Frascata,Piedmont,Italy",9053436,IT,Municipality,Active
9204014,Premia,"Premia,Piedmont,Italy",9053436,IT,Municipality,Active
9204015,Pontedera,"Pontedera,Tuscany,Italy",9053440,IT,Municipality,Active
9204016,Caiazzo,"Caiazzo,Campania,Italy",9053428,IT,Municipality,Active
9204017,Serra de' Conti,"Serra de' Conti,Marche,Italy",9053434,IT,Municipality,Active
9204018,Montegaldella,"Montegaldella,Veneto,Italy",9053442,IT,Municipality,Active
9204019,Schenna,"Schenna,Trentino-South Tyrol,Italy",9053439,IT,Municipality,Active
9204020,Ossana,"Ossana,Trentino-South Tyrol,Italy",9053439,IT,Municipality,Active
9204021,Moriondo Torinese,"Moriondo Torinese,Piedmont,Italy",9053436,IT,Municipality,Active
9204022,Reitano,"Reitano,Sicily,Italy",9053438,IT,Municipality,Active
9204023,Mappano,"Mappano,Piedmont,Italy",9053436,IT,Municipality,Active
9204024,Pago Veiano,"Pago Veiano,Campania,Italy",9053428,IT,Municipality,Active
9204025,Montemezzo,"Montemezzo,Lombardy,Italy",9053433,IT,Municipality,Active
9204026,Villadose,"Villadose,Veneto,Italy",9053442,IT,Municipality,Active
9204027,Volpago del Montello,"Volpago del Montello,Veneto,Italy",9053442,IT,Municipality,Active
9204028,Villacidro,"Villacidro,Sardinia,Italy",9053437,IT,Municipality,Active
9204029,Magliano Romano,"Magliano Romano,Lazio,Italy",9053431,IT,Municipality,Active
9204030,San Prisco,"San Prisco,Campania,Italy",9053428,IT,Municipality,Active
9204031,Sant'Arpino,"Sant'Arpino,Campania,Italy",9053428,IT,Municipality,Active
9204032,Sant'Angelo Romano,"Sant'Angelo Romano,Lazio,Italy",9053431,IT,Municipality,Active
9204033,Polcenigo,"Polcenigo,Friuli-Venezia Giulia,Italy",9053430,IT,Municipality,Active
9204034,Stroppiana,"Stroppiana,Piedmont,Italy",9053436,IT,Municipality,Active
9204035,Malito,"Malito,Calabria,Italy",9053427,IT,Municipality,Active
9204036,Canosa Sannita,"Canosa Sannita,Abruzzo,Italy",9053423,IT,Municipality,Active
9204037,Spilimbergo,"Spilimbergo,Friuli-Venezia Giulia,Italy",9053430,IT,Municipality,Active
9204038,Mezzolombardo,"Mezzolombardo,Trentino-South Tyrol,Italy",9053439,IT,Municipality,Active
9204039,Dairago,"Dairago,Lombardy,Italy",9053433,IT,Municipality,Active
9204040,Bologna,"Bologna,Emilia-Romagna,Italy",9053429,IT,Municipality,Active
9204041,Asciano,"Asciano,Tuscany,Italy",9053440,IT,Municipality,Active
9204042,Remedello,"Remedello,Lombardy,Italy",9053433,IT,Municipality,Active
9204043,Baranello,"Baranello,Molise,Italy",9053435,IT,Municipality,Active
9204044,Masullas,"Masullas,Sardinia,Italy",9053437,IT,Municipality,Active
9204045,Verona,"Verona,Veneto,Italy",9053442,IT,Municipality,Active
9204046,Botrugno,"Botrugno,Apulia,Italy",9053425,IT,Municipality,Active
9204047,Bagnoli di Sopra,"Bagnoli di Sopra,Veneto,Italy",9053442,IT,Municipality,Active
9204048,Recoaro Terme,"Recoaro Terme,Veneto,Italy",9053442,IT,Municipality,Active
9204049,Borgo Vercelli,"Borgo Vercelli,Piedmont,Italy",9053436,IT,Municipality,Active
9204050,Borgo San Lorenzo,"Borgo San Lorenzo,Tuscany,Italy",9053440,IT,Municipality,Active
9204051,Montella,"Montella,Campania,Italy",9053428,IT,Municipality,Active
9204052,Palazzolo sull'Oglio,"Palazzolo sull'Oglio,Lombardy,Italy",9053433,IT,Municipality,Active
9204053,Bonito,"Bonito,Campania,Italy",9053428,IT,Municipality,Active
9204054,Crespina,"Crespina,Tuscany,Italy",9053440,IT,Municipality,Active
9204055,Villabate,"Villabate,Sicily,Italy",9053438,IT,Municipality,Active
9204056,Santa Maria Imbaro,"Santa Maria Imbaro,Abruzzo,Italy",9053423,IT,Municipality,Active
9204057,Mezzana Bigli,"Mezzana Bigli,Lombardy,Italy",9053433,IT,Municipality,Active
9204058,Amelia,"Amelia,Umbria,Italy",9053441,IT,Municipality,Active
9204059,Nago-Torbole,"Nago-Torbole,Trentino-South Tyrol,Italy",9053439,IT,Municipality,Active
9204060,Candiolo,"Candiolo,Piedmont,Italy",9053436,IT,Municipality,Active
9204061,Verano Brianza,"Verano Brianza,Lombardy,Italy",9053433,IT,Municipality,Active
9204062,Camerano Casasco,"Camerano Casasco,Piedmont,Italy",9053436,IT,Municipality,Active
9204063,Archi,"Archi,Abruzzo,Italy",9053423,IT,Municipality,Active
9204064,Grumo Appula,"Grumo Appula,Apulia,Italy",9053425,IT,Municipality,Active
9204065,Arsoli,"Arsoli,Lazio,Italy",9053431,IT,Municipality,Active
9204066,Polignano a Mare,"Polignano a Mare,Apulia,Italy",9053425,IT,Municipality,Active
9204067,Assago,"Assago,Lombardy,Italy",9053433,IT,Municipality,Active
9204068,Santa Margherita di Staffora,"Santa Margherita di Staffora,Lombardy,Italy",9053433,IT,Municipality,Active
9204069,Sirolo,"Sirolo,Marche,Italy",9053434,IT,Municipality,Active
9204070,Solonghello,"Solonghello,Piedmont,Italy",9053436,IT,Municipality,Active
9204071,Cappella Maggiore,"Cappella Maggiore,Veneto,Italy",9053442,IT,Municipality,Active
9204072,Gallinaro,"Gallinaro,Lazio,Italy",9053431,IT,Municipality,Active
9204073,Campolattaro,"Campolattaro,Campania,Italy",9053428,IT,Municipality,Active
9204074,Lardirago,"Lardirago,Lombardy,Italy",9053433,IT,Municipality,Active
9204075,Cerreto Laziale,"Cerreto Laziale,Lazio,Italy",9053431,IT,Municipality,Active
9204076,Villafranca Padovana,"Villafranca Padovana,Veneto,Italy",9053442,IT,Municipality,Active
9204077,Capralba,"Capralba,Lombardy,Italy",9053433,IT,Municipality,Active
9204078,Castellazzo Novarese,"Castellazzo Novarese,Piedmont,Italy",9053436,IT,Municipality,Active
9204079,Lesina,"Lesina,Apulia,Italy",9053425,IT,Municipality,Active
9204080,San Sperate,"San Sperate,Sardinia,Italy",9053437,IT,Municipality,Active
9204081,Davagna,"Davagna,Liguria,Italy",9053432,IT,Municipality,Active
9204082,San Giuliano di Puglia,"San Giuliano di Puglia,Molise,Italy",9053435,IT,Municipality,Active
9204083,Daverio,"Daverio,Lombardy,Italy",9053433,IT,Municipality,Active
9204084,Giugliano in Campania,"Giugliano in Campania,Campania,Italy",9053428,IT,Municipality,Active
9204085,Pontebba,"Pontebba,Friuli-Venezia Giulia,Italy",9053430,IT,Municipality,Active
9204086,Moraro,"Moraro,Friuli-Venezia Giulia,Italy",9053430,IT,Municipality,Active
9204087,Centrache,"Centrache,Calabria,Italy",9053427,IT,Municipality,Active
9204088,Venasca,"Venasca,Piedmont,Italy",9053436,IT,Municipality,Active
9204089,Gattinara,"Gattinara,Piedmont,Italy",9053436,IT,Municipality,Active
9204090,Lenola,"Lenola,Lazio,Italy",9053431,IT,Municipality,Active
9204091,Dosolo,"Dosolo,Lombardy,Italy",9053433,IT,Municipality,Active
9204092,Piedimonte Etneo,"Piedimonte Etneo,Sicily,Italy",9053438,IT,Municipality,Active
9204093,Pozzaglio ed Uniti,"Pozzaglio ed Uniti,Lombardy,Italy",9053433,IT,Municipality,Active
9204094,Gagliano Aterno,"Gagliano Aterno,Abruzzo,Italy",9053423,IT,Municipality,Active
9204095,Comezzano-Cizzago,"Comezzano-Cizzago,Lombardy,Italy",9053433,IT,Municipality,Active
9204096,Ponte dell'Olio,"Ponte dell'Olio,Emilia-Romagna,Italy",9053429,IT,Municipality,Active
9204097,Prepotto,"Prepotto,Friuli-Venezia Giulia,Italy",9053430,IT,Municipality,Active
9204098,Grantorto,"Grantorto,Veneto,Italy",9053442,IT,Municipality,Active
9204099,Ceres,"Ceres,Piedmont,Italy",9053436,IT,Municipality,Active
9204100,Torraca,"Torraca,Campania,Italy",9053428,IT,Municipality,Active
9204101,Calvenzano,"Calvenzano,Lombardy,Italy",9053433,IT,Municipality,Active
9204102,Quartucciu,"Quartucciu,Sardinia,Italy",9053437,IT,Municipality,Active
9204103,Suelli,"Suelli,Sardinia,Italy",9053437,IT,Municipality,Active
9204104,Gonzaga,"Gonzaga,Lombardy,Italy",9053433,IT,Municipality,Active
9204105,Trebisacce,"Trebisacce,Calabria,Italy",9053427,IT,Municipality,Active
9204106,Casalciprano,"Casalciprano,Molise,Italy",9053435,IT,Municipality,Active
9204107,Squinzano,"Squinzano,Apulia,Italy",9053425,IT,Municipality,Active
9204108,Macerata,"Macerata,Marche,Italy",9053434,IT,Municipality,Active
9204109,Porcari,"Porcari,Tuscany,Italy",9053440,IT,Municipality,Active
9204110,Sassello,"Sassello,Liguria,Italy",9053432,IT,Municipality,Active
9204111,Pietracatella,"Pietracatella,Molise,Italy",9053435,IT,Municipality,Active
9204112,Canale d'Agordo,"Canale d'Agordo,Veneto,Italy",9053442,IT,Municipality,Active
9204113,Capraia Isola,"Capraia Isola,Tuscany,Italy",9053440,IT,Municipality,Active
9204114,Tisens,"Tisens,Trentino-South Tyrol,Italy",9053439,IT,Municipality,Active
9204115,Colledimezzo,"Colledimezzo,Abruzzo,Italy",9053423,IT,Municipality,Active
9204116,Finale Emilia,"Finale Emilia,Emilia-Romagna,Italy",9053429,IT,Municipality,Active
9204117,Statte,"Statte,Apulia,Italy",9053425,IT,Municipality,Active
9204118,Gualtieri,"Gualtieri,Emilia-Romagna,Italy",9053429,IT,Municipality,Active
9204119,Galliavola,"Galliavola,Lombardy,Italy",9053433,IT,Municipality,Active
9204120,Torre de' Negri,"Torre de' Negri,Lombardy,Italy",9053433,IT,Municipality,Active
9204121,Scilla,"Scilla,Calabria,Italy",9053427,IT,Municipality,Active
9204122,Gamalero,"Gamalero,Piedmont,Italy",9053436,IT,Municipality,Active
9204123,Pozzuolo Martesana,"Pozzuolo Martesana,Lombardy,Italy",9053433,IT,Municipality,Active
9204124,Stienta,"Stienta,Veneto,Italy",9053442,IT,Municipality,Active
9204125,Roseto degli Abruzzi,"Roseto degli Abruzzi,Abruzzo,Italy",9053423,IT,Municipality,Active
9204126,Isso,"Isso,Lombardy,Italy",9053433,IT,Municipality,Active
9204127,Francavilla al Mare,"Francavilla al Mare,Abruzzo,Italy",9053423,IT,Municipality,Active
9204128,Fara Gera d'Adda,"Fara Gera d'Adda,Lombardy,Italy",9053433,IT,Municipality,Active
9204129,Bisacquino,"Bisacquino,Sicily,Italy",9053438,IT,Municipality,Active
9204130,Alto,"Alto,Piedmont,Italy",9053436,IT,Municipality,Active
9204131,Tavernerio,"Tavernerio,Lombardy,Italy",9053433,IT,Municipality,Active
9204132,Martis,"Martis,Sardinia,Italy",9053437,IT,Municipality,Active
9204133,Dambel,"Dambel,Trentino-South Tyrol,Italy",9053439,IT,Municipality,Active
9204134,Siniscola,"Siniscola,Sardinia,Italy",9053437,IT,Municipality,Active
9204135,Senorbi,"Senorbi,Sardinia,Italy",9053437,IT,Municipality,Active
9204136,Rivarolo del Re ed Uniti,"Rivarolo del Re ed Uniti,Lombardy,Italy",9053433,IT,Municipality,Active
9204137,Montichiari,"Montichiari,Lombardy,Italy",9053433,IT,Municipality,Active
9204138,Ospedaletti,"Ospedaletti,Liguria,Italy",9053432,IT,Municipality,Active
9204139,Castelletto sopra Ticino,"Castelletto sopra Ticino,Piedmont,Italy",9053436,IT,Municipality,Active
9204140,Marudo,"Marudo,Lombardy,Italy",9053433,IT,Municipality,Active
9204141,Arona,"Arona,Piedmont,Italy",9053436,IT,Municipality,Active
9204142,Bevilacqua,"Bevilacqua,Veneto,Italy",9053442,IT,Municipality,Active
9204143,Borghetto d'Arroscia,"Borghetto d'Arroscia,Liguria,Italy",9053432,IT,Municipality,Active
9204144,Spirano,"Spirano,Lombardy,Italy",9053433,IT,Municipality,Active
9204145,Giovinazzo,"Giovinazzo,Apulia,Italy",9053425,IT,Municipality,Active
9204146,Stornarella,"Stornarella,Apulia,Italy",9053425,IT,Municipality,Active
9204147,Monte Giberto,"Monte Giberto,Marche,Italy",9053434,IT,Municipality,Active
9204148,Verolavecchia,"Verolavecchia,Lombardy,Italy",9053433,IT,Municipality,Active
9204149,Tissi,"Tissi,Sardinia,Italy",9053437,IT,Municipality,Active
9204150,Andorno Micca,"Andorno Micca,Piedmont,Italy",9053436,IT,Municipality,Active
9204151,Monfumo,"Monfumo,Veneto,Italy",9053442,IT,Municipality,Active
9204152,Villa Faraldi,"Villa Faraldi,Liguria,Italy",9053432,IT,Municipality,Active
9204153,Pollone,"Pollone,Piedmont,Italy",9053436,IT,Municipality,Active
9204154,Venegono Superiore,"Venegono Superiore,Lombardy,Italy",9053433,IT,Municipality,Active
9204155,Bentivoglio,"Bentivoglio,Emilia-Romagna,Italy",9053429,IT,Municipality,Active
9204156,Piancogno,"Piancogno,Lombardy,Italy",9053433,IT,Municipality,Active
9204157,Croviana,"Croviana,Trentino-South Tyrol,Italy",9053439,IT,Municipality,Active
9204158,Narni,"Narni,Umbria,Italy",9053441,IT,Municipality,Active
9204159,Garbagna Novarese,"Garbagna Novarese,Piedmont,Italy",9053436,IT,Municipality,Active
9204160,Moio de' Calvi,"Moio de' Calvi,Lombardy,Italy",9053433,IT,Municipality,Active
9204161,Ospitaletto,"Ospitaletto,Lombardy,Italy",9053433,IT,Municipality,Active
9204162,Challand-Saint-Anselme,"Challand-Saint-Anselme,Aosta Valley,Italy",9053424,IT,Municipality,Active
9204163,Vobbia,"Vobbia,Liguria,Italy",9053432,IT,Municipality,Active
9204164,Santa Ninfa,"Santa Ninfa,Sicily,Italy",9053438,IT,Municipality,Active
9204165,Isola del Liri,"Isola del Liri,Lazio,Italy",9053431,IT,Municipality,Active
9204166,Corbara,"Corbara,Campania,Italy",9053428,IT,Municipality,Active
9204167,Joppolo,"Joppolo,Calabria,Italy",9053427,IT,Municipality,Active
9204168,Gioia del Colle,"Gioia del Colle,Apulia,Italy",9053425,IT,Municipality,Active
9204169,Grezzana,"Grezzana,Veneto,Italy",9053442,IT,Municipality,Active
9204170,Chivasso,"Chivasso,Piedmont,Italy",9053436,IT,Municipality,Active
9204171,Settimo Rottaro,"Settimo Rottaro,Piedmont,Italy",9053436,IT,Municipality,Active
9204172,Blera,"Blera,Lazio,Italy",9053431,IT,Municipality,Active
9204173,Taormina,"Taormina,Sicily,Italy",9053438,IT,Municipality,Active
9204174,Moasca,"Moasca,Piedmont,Italy",9053436,IT,Municipality,Active
9204175,Dongo,"Dongo,Lombardy,Italy",9053433,IT,Municipality,Active
9204176,Priero,"Priero,Piedmont,Italy",9053436,IT,Municipality,Active
9204177,Gambellara,"Gambellara,Veneto,Italy",9053442,IT,Municipality,Active
9204178,Bastiglia,"Bastiglia,Emilia-Romagna,Italy",9053429,IT,Municipality,Active
9204179,Trevi nel Lazio,"Trevi nel Lazio,Lazio,Italy",9053431,IT,Municipality,Active
9204180,Pozzol Groppo,"Pozzol Groppo,Piedmont,Italy",9053436,IT,Municipality,Active
9204181,Anfo,"Anfo,Lombardy,Italy",9053433,IT,Municipality,Active
9204182,Moggio Udinese,"Moggio Udinese,Friuli-Venezia Giulia,Italy",9053430,IT,Municipality,Active
9204183,Gromo,"Gromo,Lombardy,Italy",9053433,IT,Municipality,Active
9204184,Trecastelli,"Trecastelli,Marche,Italy",9053434,IT,Municipality,Active
9204185,Lenta,"Lenta,Piedmont,Italy",9053436,IT,Municipality,Active
9204186,San Benedetto Ullano,"San Benedetto Ullano,Calabria,Italy",9053427,IT,Municipality,Active
9204187,Mombaldone,"Mombaldone,Piedmont,Italy",9053436,IT,Municipality,Active
9204188,Varisella,"Varisella,Piedmont,Italy",9053436,IT,Municipality,Active
9204189,Santo Stefano in Aspromonte,"Santo Stefano in Aspromonte,Calabria,Italy",9053427,IT,Municipality,Active
9204190,Mandatoriccio,"Mandatoriccio,Calabria,Italy",9053427,IT,Municipality,Active
9204191,Confienza,"Confienza,Lombardy,Italy",9053433,IT,Municipality,Active
9204192,Baragiano,"Baragiano,Basilicata,Italy",9053426,IT,Municipality,Active
9204193,Genga,"Genga,Marche,Italy",9053434,IT,Municipality,Active
9204194,Isola della Scala,"Isola della Scala,Veneto,Italy",9053442,IT,Municipality,Active
9204195,Colle di Tora,"Colle di Tora,Lazio,Italy",9053431,IT,Municipality,Active
9204196,Gruaro,"Gruaro,Veneto,Italy",9053442,IT,Municipality,Active
9204197,Pitigliano,"Pitigliano,Tuscany,Italy",9053440,IT,Municipality,Active
9204198,Casorate Sempione,"Casorate Sempione,Lombardy,Italy",9053433,IT,Municipality,Active
9204199,Cerchiara di Calabria,"Cerchiara di Calabria,Calabria,Italy",9053427,IT,Municipality,Active
9204200,Soglio,"Soglio,Piedmont,Italy",9053436,IT,Municipality,Active
9204201,Taipana,"Taipana,Friuli-Venezia Giulia,Italy",9053430,IT,Municipality,Active
9204202,Olbia,"Olbia,Sardinia,Italy",9053437,IT,Municipality,Active
9204203,Cerrione,"Cerrione,Piedmont,Italy",9053436,IT,Municipality,Active
9204204,Zoppe di Cadore,"Zoppe di Cadore,Veneto,Italy",9053442,IT,Municipality,Active
9204205,Piegaro,"Piegaro,Umbria,Italy",9053441,IT,Municipality,Active
9204206,Uboldo,"Uboldo,Lombardy,Italy",9053433,IT,Municipality,Active
9204207,Castel Maggiore,"Castel Maggiore,Emilia-Romagna,Italy",9053429,IT,Municipality,Active
9204208,Cervatto,"Cervatto,Piedmont,Italy",9053436,IT,Municipality,Active
9204209,Premilcuore,"Premilcuore,Emilia-Romagna,Italy",9053429,IT,Municipality,Active
9204210,Dresano,"Dresano,Lombardy,Italy",9053433,IT,Municipality,Active
9204211,Genzano di Lucania,"Genzano di Lucania,Basilicata,Italy",9053426,IT,Municipality,Active
9204212,Ardauli,"Ardauli,Sardinia,Italy",9053437,IT,Municipality,Active
9204213,San Giovanni in Galdo,"San Giovanni in Galdo,Molise,Italy",9053435,IT,Municipality,Active
9204214,Boca,"Boca,Piedmont,Italy",9053436,IT,Municipality,Active
9204215,Sant'Angelo dei Lombardi,"Sant'Angelo dei Lombardi,Campania,Italy",9053428,IT,Municipality,Active
9204216,Martano,"Martano,Apulia,Italy",9053425,IT,Municipality,Active
9204217,Trezzo sull'Adda,"Trezzo sull'Adda,Lombardy,Italy",9053433,IT,Municipality,Active
9204218,Galeata,"Galeata,Emilia-Romagna,Italy",9053429,IT,Municipality,Active
9204219,Vinchio,"Vinchio,Piedmont,Italy",9053436,IT,Municipality,Active
9204220,Melicucca,"Melicucca,Calabria,Italy",9053427,IT,Municipality,Active
9204221,Bovisio-Masciago,"Bovisio-Masciago,Lombardy,Italy",9053433,IT,Municipality,Active
9204222,Bibbona,"Bibbona,Tuscany,Italy",9053440,IT,Municipality,Active
9204223,Dueville,"Dueville,Veneto,Italy",9053442,IT,Municipality,Active
9204224,Barni,"Barni,Lombardy,Italy",9053433,IT,Municipality,Active
9204225,Rocca d'Arazzo,"Rocca d'Arazzo,Piedmont,Italy",9053436,IT,Municipality,Active
9204226,Teramo,"Teramo,Abruzzo,Italy",9053423,IT,Municipality,Active
9204227,Goito,"Goito,Lombardy,Italy",9053433,IT,Municipality,Active
9204228,Colloredo di Monte Albano,"Colloredo di Monte Albano,Friuli-Venezia Giulia,Italy",9053430,IT,Municipality,Active
9204229,Calalzo di Cadore,"Calalzo di Cadore,Veneto,Italy",9053442,IT,Municipality,Active
9204230,Molochio,"Molochio,Calabria,Italy",9053427,IT,Municipality,Active
9204231,Rosora,"Rosora,Marche,Italy",9053434,IT,Municipality,Active
9204232,Mezzano,"Mezzano,Trentino-South Tyrol,Italy",9053439,IT,Municipality,Active
9204233,Varzi,"Varzi,Lombardy,Italy",9053433,IT,Municipality,Active
9204234,Isola Dovarese,"Isola Dovarese,Lombardy,Italy",9053433,IT,Municipality,Active
9204235,Pizzo,"Pizzo,Calabria,Italy",9053427,IT,Municipality,Active
9204236,Casamicciola Terme,"Casamicciola Terme,Campania,Italy",9053428,IT,Municipality,Active
9204237,Zogno,"Zogno,Lombardy,Italy",9053433,IT,Municipality,Active
9204238,Dolianova,"Dolianova,Sardinia,Italy",9053437,IT,Municipality,Active
9204239,Albosaggia,"Albosaggia,Lombardy,Italy",9053433,IT,Municipality,Active
9204240,Vigonza,"Vigonza,Veneto,Italy",9053442,IT,Municipality,Active
9204241,Gaglianico,"Gaglianico,Piedmont,Italy",9053436,IT,Municipality,Active
9204242,Bardolino,"Bardolino,Veneto,Italy",9053442,IT,Municipality,Active
9204243,Plataci,"Plataci,Calabria,Italy",9053427,IT,Municipality,Active
9204244,Limatola,"Limatola,Campania,Italy",9053428,IT,Municipality,Active
9204245,San Pietro a Maida,"San Pietro a Maida,Calabria,Italy",9053427,IT,Municipality,Active
9204246,Morrovalle,"Morrovalle,Marche,Italy",9053434,IT,Municipality,Active
9204247,Bomporto,"Bomporto,Emilia-Romagna,Italy",9053429,IT,Municipality,Active
9204248,Peschiera del Garda,"Peschiera del Garda,Veneto,Italy",9053442,IT,Municipality,Active
9204249,Sona,"Sona,Veneto,Italy",9053442,IT,Municipality,Active
9204250,Noicattaro,"Noicattaro,Apulia,Italy",9053425,IT,Municipality,Active
9204251,Arzachena,"Arzachena,Sardinia,Italy",9053437,IT,Municipality,Active
9204252,Cavaglio d'Agogna,"Cavaglio d'Agogna,Piedmont,Italy",9053436,IT,Municipality,Active
9204253,Paularo,"Paularo,Friuli-Venezia Giulia,Italy",9053430,IT,Municipality,Active
9204254,Terre d'Adige,"Terre d'Adige,Trentino-South Tyrol,Italy",9053439,IT,Municipality,Active
9204255,Plati,"Plati,Calabria,Italy",9053427,IT,Municipality,Active
9204256,Lajatico,"Lajatico,Tuscany,Italy",9053440,IT,Municipality,Active
9204257,San Giorgio di Piano,"San Giorgio di Piano,Emilia-Romagna,Italy",9053429,IT,Municipality,Active
9204258,Rivarossa,"Rivarossa,Piedmont,Italy",9053436,IT,Municipality,Active
9204259,Mondragone,"Mondragone,Campania,Italy",9053428,IT,Municipality,Active
9204260,Capannori,"Capannori,Tuscany,Italy",9053440,IT,Municipality,Active
9204261,Borgolavezzaro,"Borgolavezzaro,Piedmont,Italy",9053436,IT,Municipality,Active
9204262,Venetico,"Venetico,Sicily,Italy",9053438,IT,Municipality,Active
9204263,Portopalo di Capo Passero,"Portopalo di Capo Passero,Sicily,Italy",9053438,IT,Municipality,Active
9204264,Oggiono,"Oggiono,Lombardy,Italy",9053433,IT,Municipality,Active
9204265,Romagnano al Monte,"Romagnano al Monte,Campania,Italy",9053428,IT,Municipality,Active
9204266,Pescorocchiano,"Pescorocchiano,Lazio,Italy",9053431,IT,Municipality,Active
9204267,Piscinas,"Piscinas,Sardinia,Italy",9053437,IT,Municipality,Active
9204268,San Biagio Saracinisco,"San Biagio Saracinisco,Lazio,Italy",9053431,IT,Municipality,Active
9204269,Nembro,"Nembro,Lombardy,Italy",9053433,IT,Municipality,Active
9204270,Belmonte Calabro,"Belmonte Calabro,Calabria,Italy",9053427,IT,Municipality,Active
9204271,Mornico al Serio,"Mornico al Serio,Lombardy,Italy",9053433,IT,Municipality,Active
9204272,Bereguardo,"Bereguardo,Lombardy,Italy",9053433,IT,Municipality,Active
9204273,Monte Cavallo,"Monte Cavallo,Marche,Italy",9053434,IT,Municipality,Active
9204274,Castellafiume,"Castellafiume,Abruzzo,Italy",9053423,IT,Municipality,Active
9204275,Cetona,"Cetona,Tuscany,Italy",9053440,IT,Municipality,Active
9204276,Poggiodomo,"Poggiodomo,Umbria,Italy",9053441,IT,Municipality,Active
9204277,Vizzini,"Vizzini,Sicily,Italy",9053438,IT,Municipality,Active
9204278,Genzano di Roma,"Genzano di Roma,Lazio,Italy",9053431,IT,Municipality,Active
9204279,Acquappesa,"Acquappesa,Calabria,Italy",9053427,IT,Municipality,Active
9204280,San Vito al Tagliamento,"San Vito al Tagliamento,Friuli-Venezia Giulia,Italy",9053430,IT,Municipality,Active
9204281,San Martino d'Agri,"San Martino d'Agri,Basilicata,Italy",9053426,IT,Municipality,Active
9204282,Itala,"Itala,Sicily,Italy",9053438,IT,Municipality,Active
9204283,Ostuni,"Ostuni,Apulia,Italy",9053425,IT,Municipality,Active
9204284,Massazza,"Massazza,Piedmont,Italy",9053436,IT,Municipality,Active
9204285,Brovello-Carpugnino,"Brovello-Carpugnino,Piedmont,Italy",9053436,IT,Municipality,Active
9204286,Giarole,"Giarole,Piedmont,Italy",9053436,IT,Municipality,Active
9204287,Polonghera,"Polonghera,Piedmont,Italy",9053436,IT,Municipality,Active
9204288,Pertosa,"Pertosa,Campania,Italy",9053428,IT,Municipality,Active
9204289,Marmora,"Marmora,Piedmont,Italy",9053436,IT,Municipality,Active
9204290,Arena,"Arena,Calabria,Italy",9053427,IT,Municipality,Active
9204291,Rodano,"Rodano,Lombardy,Italy",9053433,IT,Municipality,Active
9204292,Sonico,"Sonico,Lombardy,Italy",9053433,IT,Municipality,Active
9204293,Maglie,"Maglie,Apulia,Italy",9053425,IT,Municipality,Active
9204294,Recco,"Recco,Liguria,Italy",9053432,IT,Municipality,Active
9204295,Lomello,"Lomello,Lombardy,Italy",9053433,IT,Municipality,Active
9204296,Scigliano,"Scigliano,Calabria,Italy",9053427,IT,Municipality,Active
9204297,Santa Vittoria d'Alba,"Santa Vittoria d'Alba,Piedmont,Italy",9053436,IT,Municipality,Active
9204298,Filacciano,"Filacciano,Lazio,Italy",9053431,IT,Municipality,Active
9204299,Valstrona,"Valstrona,Piedmont,Italy",9053436,IT,Municipality,Active
9204300,Cantalupo in Sabina,"Cantalupo in Sabina,Lazio,Italy",9053431,IT,Municipality,Active
9204301,Villa Castelli,"Villa Castelli,Apulia,Italy",9053425,IT,Municipality,Active
9204302,Antillo,"Antillo,Sicily,Italy",9053438,IT,Municipality,Active
9204303,Varapodio,"Varapodio,Calabria,Italy",9053427,IT,Municipality,Active
9204304,Rolo,"Rolo,Emilia-Romagna,Italy",9053429,IT,Municipality,Active
9204305,Albisola Superiore,"Albisola Superiore,Liguria,Italy",9053432,IT,Municipality,Active
9204306,Acqualagna,"Acqualagna,Marche,Italy",9053434,IT,Municipality,Active
9204307,Sesto Campano,"Sesto Campano,Molise,Italy",9053435,IT,Municipality,Active
9204308,Sorbo Serpico,"Sorbo Serpico,Campania,Italy",9053428,IT,Municipality,Active
9204309,Carsoli,"Carsoli,Abruzzo,Italy",9053423,IT,Municipality,Active
9204310,Lama Mocogno,"Lama Mocogno,Emilia-Romagna,Italy",9053429,IT,Municipality,Active
9204311,Nonantola,"Nonantola,Emilia-Romagna,Italy",9053429,IT,Municipality,Active
9204312,Noasca,"Noasca,Piedmont,Italy",9053436,IT,Municipality,Active
9204313,Valfenera,"Valfenera,Piedmont,Italy",9053436,IT,Municipality,Active
9204314,Matera,"Matera,Basilicata,Italy",9053426,IT,Municipality,Active
9204315,Peccioli,"Peccioli,Tuscany,Italy",9053440,IT,Municipality,Active
9204316,Barghe,"Barghe,Lombardy,Italy",9053433,IT,Municipality,Active
9204317,Vigolo,"Vigolo,Lombardy,Italy",9053433,IT,Municipality,Active
9204318,Bagno a Ripoli,"Bagno a Ripoli,Tuscany,Italy",9053440,IT,Municipality,Active
9204319,Arielli,"Arielli,Abruzzo,Italy",9053423,IT,Municipality,Active
9204320,Cassola,"Cassola,Veneto,Italy",9053442,IT,Municipality,Active
9204321,Manciano,"Manciano,Tuscany,Italy",9053440,IT,Municipality,Active
9204322,Orvieto,"Orvieto,Umbria,Italy",9053441,IT,Municipality,Active
9204323,Pozzoleone,"Pozzoleone,Veneto,Italy",9053442,IT,Municipality,Active
9204324,Gazoldo degli Ippoliti,"Gazoldo degli Ippoliti,Lombardy,Italy",9053433,IT,Municipality,Active
9204325,Seui,"Seui,Sardinia,Italy",9053437,IT,Municipality,Active
9204326,Motta Montecorvino,"Motta Montecorvino,Apulia,Italy",9053425,IT,Municipality,Active
9204327,Angiari,"Angiari,Veneto,Italy",9053442,IT,Municipality,Active
9204328,Seniga,"Seniga,Lombardy,Italy",9053433,IT,Municipality,Active
9204329,Monserrato,"Monserrato,Sardinia,Italy",9053437,IT,Municipality,Active
9204330,Sustinente,"Sustinente,Lombardy,Italy",9053433,IT,Municipality,Active
9204331,San Paolo Albanese,"San Paolo Albanese,Basilicata,Italy",9053426,IT,Municipality,Active
9204332,Reana del Rojale,"Reana del Rojale,Friuli-Venezia Giulia,Italy",9053430,IT,Municipality,Active
9204333,Castel Frentano,"Castel Frentano,Abruzzo,Italy",9053423,IT,Municipality,Active
9204334,Sant'Elia Fiumerapido,"Sant'Elia Fiumerapido,Lazio,Italy",9053431,IT,Municipality,Active
9204335,Casandrino,"Casandrino,Campania,Italy",9053428,IT,Municipality,Active
9204336,Corzano,"Corzano,Lombardy,Italy",9053433,IT,Municipality,Active
9204337,Cittareale,"Cittareale,Lazio,Italy",9053431,IT,Municipality,Active
9204338,Sergnano,"Sergnano,Lombardy,Italy",9053433,IT,Municipality,Active
9204339,Niella Tanaro,"Niella Tanaro,Piedmont,Italy",9053436,IT,Municipality,Active
9204340,Crissolo,"Crissolo,Piedmont,Italy",9053436,IT,Municipality,Active
9204341,Merano,"Merano,Trentino-South Tyrol,Italy",9053439,IT,Municipality,Active
9204342,Cianciana,"Cianciana,Sicily,Italy",9053438,IT,Municipality,Active
9204343,Losine,"Losine,Lombardy,Italy",9053433,IT,Municipality,Active
9204344,Teggiano,"Teggiano,Campania,Italy",9053428,IT,Municipality,Active
9204345,Divignano,"Divignano,Piedmont,Italy",9053436,IT,Municipality,Active
9204346,Borgo San Giacomo,"Borgo San Giacomo,Lombardy,Italy",9053433,IT,Municipality,Active
9204347,Raddusa,"Raddusa,Sicily,Italy",9053438,IT,Municipality,Active
9204348,Bagnaria,"Bagnaria,Lombardy,Italy",9053433,IT,Municipality,Active
9204349,Gesualdo,"Gesualdo,Campania,Italy",9053428,IT,Municipality,Active
9204350,Santa Cristina e Bissone,"Santa Cristina e Bissone,Lombardy,Italy",9053433,IT,Municipality,Active
9204351,Maletto,"Maletto,Sicily,Italy",9053438,IT,Municipality,Active
9204352,Terno d'Isola,"Terno d'Isola,Lombardy,Italy",9053433,IT,Municipality,Active
9204353,Marrubiu,"Marrubiu,Sardinia,Italy",9053437,IT,Municipality,Active
9204354,Comun Nuovo,"Comun Nuovo,Lombardy,Italy",9053433,IT,Municipality,Active
9204355,Frassinoro,"Frassinoro,Emilia-Romagna,Italy",9053429,IT,Municipality,Active
9204356,San Prospero,"San Prospero,Emilia-Romagna,Italy",9053429,IT,Municipality,Active
9204357,Rovato,"Rovato,Lombardy,Italy",9053433,IT,Municipality,Active
9204358,San Giorgio delle Pertiche,"San Giorgio delle Pertiche,Veneto,Italy",9053442,IT,Municipality,Active
9204359,Fara San Martino,"Fara San Martino,Abruzzo,Italy",9053423,IT,Municipality,Active
9204360,Padula,"Padula,Campania,Italy",9053428,IT,Municipality,Active
9204361,Spineda,"Spineda,Lombardy,Italy",9053433,IT,Municipality,Active
9204362,San Cono,"San Cono,Sicily,Italy",9053438,IT,Municipality,Active
9204363,Frinco,"Frinco,Piedmont,Italy",9053436,IT,Municipality,Active
9204364,Chiusa di Pesio,"Chiusa di Pesio,Piedmont,Italy",9053436,IT,Municipality,Active
9204365,Montegalda,"Montegalda,Veneto,Italy",9053442,IT,Municipality,Active
9204366,Jesolo,"Jesolo,Veneto,Italy",9053442,IT,Municipality,Active
9204367,Brindisi Montagna,"Brindisi Montagna,Basilicata,Italy",9053426,IT,Municipality,Active
9204368,Feltre,"Feltre,Veneto,Italy",9053442,IT,Municipality,Active
9204369,Castelsardo,"Castelsardo,Sardinia,Italy",9053437,IT,Municipality,Active
9204370,Surbo,"Surbo,Apulia,Italy",9053425,IT,Municipality,Active
9204371,Coseano,"Coseano,Friuli-Venezia Giulia,Italy",9053430,IT,Municipality,Active
9204372,Agugliaro,"Agugliaro,Veneto,Italy",9053442,IT,Municipality,Active
9204373,Montebello della Battaglia,"Montebello della Battaglia,Lombardy,Italy",9053433,IT,Municipality,Active
9204374,Positano,"Positano,Campania,Italy",9053428,IT,Municipality,Active
9204375,Viggiano,"Viggiano,Basilicata,Italy",9053426,IT,Municipality,Active
9204376,Melito Irpino,"Melito Irpino,Campania,Italy",9053428,IT,Municipality,Active
9204377,Aidone,"Aidone,Sicily,Italy",9053438,IT,Municipality,Active
9204378,Vernole,"Vernole,Apulia,Italy",9053425,IT,Municipality,Active
9204379,Teolo,"Teolo,Veneto,Italy",9053442,IT,Municipality,Active
9204380,Viola,"Viola,Piedmont,Italy",9053436,IT,Municipality,Active
9204381,Cerro al Lambro,"Cerro al Lambro,Lombardy,Italy",9053433,IT,Municipality,Active
9204382,Paupisi,"Paupisi,Campania,Italy",9053428,IT,Municipality,Active
9204383,San Martino in Rio,"San Martino in Rio,Emilia-Romagna,Italy",9053429,IT,Municipality,Active
9204384,Volpeglino,"Volpeglino,Piedmont,Italy",9053436,IT,Municipality,Active
9204385,Poggio Moiano,"Poggio Moiano,Lazio,Italy",9053431,IT,Municipality,Active
9204386,Rivello,"Rivello,Basilicata,Italy",9053426,IT,Municipality,Active
9204387,Patti,"Patti,Sicily,Italy",9053438,IT,Municipality,Active
9204388,Brusciano,"Brusciano,Campania,Italy",9053428,IT,Municipality,Active
9204389,Framura,"Framura,Liguria,Italy",9053432,IT,Municipality,Active
9204390,Levate,"Levate,Lombardy,Italy",9053433,IT,Municipality,Active
9204391,Casalgrasso,"Casalgrasso,Piedmont,Italy",9053436,IT,Municipality,Active
9204392,Rueglio,"Rueglio,Piedmont,Italy",9053436,IT,Municipality,Active
9204393,Pollutri,"Pollutri,Abruzzo,Italy",9053423,IT,Municipality,Active
9204394,Nomi,"Nomi,Trentino-South Tyrol,Italy",9053439,IT,Municipality,Active
9204395,Soddi,"Soddi,Sardinia,Italy",9053437,IT,Municipality,Active
9204396,Toirano,"Toirano,Liguria,Italy",9053432,IT,Municipality,Active
9204397,Martignana di Po,"Martignana di Po,Lombardy,Italy",9053433,IT,Municipality,Active
9204398,Cogliate,"Cogliate,Lombardy,Italy",9053433,IT,Municipality,Active
9204399,Decimoputzu,"Decimoputzu,Sardinia,Italy",9053437,IT,Municipality,Active
9204400,San Sosti,"San Sosti,Calabria,Italy",9053427,IT,Municipality,Active
9204401,Barrali,"Barrali,Sardinia,Italy",9053437,IT,Municipality,Active
9204402,Cannole,"Cannole,Apulia,Italy",9053425,IT,Municipality,Active
9204403,Fuscaldo,"Fuscaldo,Calabria,Italy",9053427,IT,Municipality,Active
9204404,Gropparello,"Gropparello,Emilia-Romagna,Italy",9053429,IT,Municipality,Active
9204405,Monticello Brianza,"Monticello Brianza,Lombardy,Italy",9053433,IT,Municipality,Active
9204406,Calvatone,"Calvatone,Lombardy,Italy",9053433,IT,Municipality,Active
9204407,Villagrande Strisaili,"Villagrande Strisaili,Sardinia,Italy",9053437,IT,Municipality,Active
9204408,Visone,"Visone,Piedmont,Italy",9053436,IT,Municipality,Active
9204409,Bairo,"Bairo,Piedmont,Italy",9053436,IT,Municipality,Active
9204410,Romagnese,"Romagnese,Lombardy,Italy",9053433,IT,Municipality,Active
9204411,Cantagallo,"Cantagallo,Tuscany,Italy",9053440,IT,Municipality,Active
9204412,St. Leonhard in Passeier,"St. Leonhard in Passeier,Trentino-South Tyrol,Italy",9053439,IT,Municipality,Active
9204413,Roggiano Gravina,"Roggiano Gravina,Calabria,Italy",9053427,IT,Municipality,Active
9204414,Garda,"Garda,Veneto,Italy",9053442,IT,Municipality,Active
9204415,San Fiorano,"San Fiorano,Lombardy,Italy",9053433,IT,Municipality,Active
9204416,Castelletto Stura,"Castelletto Stura,Piedmont,Italy",9053436,IT,Municipality,Active
9204417,Veleso,"Veleso,Lombardy,Italy",9053433,IT,Municipality,Active
9204418,Bergantino,"Bergantino,Veneto,Italy",9053442,IT,Municipality,Active
9204419,Pasiano di Pordenone,"Pasiano di Pordenone,Friuli-Venezia Giulia,Italy",9053430,IT,Municipality,Active
9204420,Dipignano,"Dipignano,Calabria,Italy",9053427,IT,Municipality,Active
9204421,Rocca Sinibalda,"Rocca Sinibalda,Lazio,Italy",9053431,IT,Municipality,Active
9204422,Misinto,"Misinto,Lombardy,Italy",9053433,IT,Municipality,Active
9204423,Monterosso Almo,"Monterosso Almo,Sicily,Italy",9053438,IT,Municipality,Active
9204424,Thiene,"Thiene,Veneto,Italy",9053442,IT,Municipality,Active
9204425,Zerbolo,"Zerbolo,Lombardy,Italy",9053433,IT,Municipality,Active
9204426,Ornica,"Ornica,Lombardy,Italy",9053433,IT,Municipality,Active
9204427,Pettinengo,"Pettinengo,Piedmont,Italy",9053436,IT,Municipality,Active
9204428,Apice,"Apice,Campania,Italy",9053428,IT,Municipality,Active
9204429,Brendola,"Brendola,Veneto,Italy",9053442,IT,Municipality,Active
9204430,Robbio,"Robbio,Lombardy,Italy",9053433,IT,Municipality,Active
9204431,Latera,"Latera,Lazio,Italy",9053431,IT,Municipality,Active
9204432,Piossasco,"Piossasco,Piedmont,Italy",9053436,IT,Municipality,Active
9204433,Lusia,"Lusia,Veneto,Italy",9053442,IT,Municipality,Active
9204434,Irma,"Irma,Lombardy,Italy",9053433,IT,Municipality,Active
9204435,Montefalcione,"Montefalcione,Campania,Italy",9053428,IT,Municipality,Active
9204436,Vestigne,"Vestigne,Piedmont,Italy",9053436,IT,Municipality,Active
9204437,Latina,"Latina,Lazio,Italy",9053431,IT,Municipality,Active
9204438,Sinagra,"Sinagra,Sicily,Italy",9053438,IT,Municipality,Active
9204439,Petritoli,"Petritoli,Marche,Italy",9053434,IT,Municipality,Active
9204440,Tollegno,"Tollegno,Piedmont,Italy",9053436,IT,Municipality,Active
9204441,Castelfranco Veneto,"Castelfranco Veneto,Veneto,Italy",9053442,IT,Municipality,Active
9204442,Manocalzati,"Manocalzati,Campania,Italy",9053428,IT,Municipality,Active
9204443,Beinasco,"Beinasco,Piedmont,Italy",9053436,IT,Municipality,Active
9204444,Crecchio,"Crecchio,Abruzzo,Italy",9053423,IT,Municipality,Active
9204445,Pre-Saint-Didier,"Pre-Saint-Didier,Aosta Valley,Italy",9053424,IT,Municipality,Active
9204446,Scaletta Zanclea,"Scaletta Zanclea,Sicily,Italy",9053438,IT,Municipality,Active
9204447,Cisano Bergamasco,"Cisano Bergamasco,Lombardy,Italy",9053433,IT,Municipality,Active
9204448,Toblach,"Toblach,Trentino-South Tyrol,Italy",9053439,IT,Municipality,Active
9204449,Caorle,"Caorle,Veneto,Italy",9053442,IT,Municipality,Active
9204450,Etroubles,"Etroubles,Aosta Valley,Italy",9053424,IT,Municipality,Active
9204451,Caravate,"Caravate,Lombardy,Italy",9053433,IT,Municipality,Active
9204452,Terzo,"Terzo,Piedmont,Italy",9053436,IT,Municipality,Active
9204453,Bisignano,"Bisignano,Calabria,Italy",9053427,IT,Municipality,Active
9204454,Grisignano di Zocco,"Grisignano di Zocco,Veneto,Italy",9053442,IT,Municipality,Active
9204455,Codroipo,"Codroipo,Friuli-Venezia Giulia,Italy",9053430,IT,Municipality,Active
9204456,Montescudo-Monte Colombo,"Montescudo-Monte Colombo,Emilia-Romagna,Italy",9053429,IT,Municipality,Active
9204457,Caprile,"Caprile,Piedmont,Italy",9053436,IT,Municipality,Active
9204458,Lierna,"Lierna,Lombardy,Italy",9053433,IT,Municipality,Active
9204459,Motta Sant'Anastasia,"Motta Sant'Anastasia,Sicily,Italy",9053438,IT,Municipality,Active
9204460,Chiarano,"Chiarano,Veneto,Italy",9053442,IT,Municipality,Active
9204461,Moricone,"Moricone,Lazio,Italy",9053431,IT,Municipality,Active
9204462,Perfugas,"Perfugas,Sardinia,Italy",9053437,IT,Municipality,Active
9204463,Veniano,"Veniano,Lombardy,Italy",9053433,IT,Municipality,Active
9204464,Bastida Pancarana,"Bastida Pancarana,Lombardy,Italy",9053433,IT,Municipality,Active
9204465,Quarto d'Altino,"Quarto d'Altino,Veneto,Italy",9053442,IT,Municipality,Active
9204466,Resana,"Resana,Veneto,Italy",9053442,IT,Municipality,Active
9204467,Bellagio,"Bellagio,Lombardy,Italy",9053433,IT,Municipality,Active
9204468,Santo Stefano di Rogliano,"Santo Stefano di Rogliano,Calabria,Italy",9053427,IT,Municipality,Active
9204469,Zenevredo,"Zenevredo,Lombardy,Italy",9053433,IT,Municipality,Active
9204470,Melizzano,"Melizzano,Campania,Italy",9053428,IT,Municipality,Active
9204471,Neviano degli Arduini,"Neviano degli Arduini,Emilia-Romagna,Italy",9053429,IT,Municipality,Active
9204472,San Pietro Infine,"San Pietro Infine,Campania,Italy",9053428,IT,Municipality,Active
9204473,Ostana,"Ostana,Piedmont,Italy",9053436,IT,Municipality,Active
9204474,Montemitro,"Montemitro,Molise,Italy",9053435,IT,Municipality,Active
9204475,Celenza Valfortore,"Celenza Valfortore,Apulia,Italy",9053425,IT,Municipality,Active
9204476,Ossi,"Ossi,Sardinia,Italy",9053437,IT,Municipality,Active
9204477,Giarratana,"Giarratana,Sicily,Italy",9053438,IT,Municipality,Active
9204478,Propata,"Propata,Liguria,Italy",9053432,IT,Municipality,Active
9204479,Pollina,"Pollina,Sicily,Italy",9053438,IT,Municipality,Active
9204480,Capoterra,"Capoterra,Sardinia,Italy",9053437,IT,Municipality,Active
9204481,Cinaglio,"Cinaglio,Piedmont,Italy",9053436,IT,Municipality,Active
9204482,Ruffia,"Ruffia,Piedmont,Italy",9053436,IT,Municipality,Active
9204483,Bonarcado,"Bonarcado,Sardinia,Italy",9053437,IT,Municipality,Active
9204484,Mesoraca,"Mesoraca,Calabria,Italy",9053427,IT,Municipality,Active
9204485,Dormelletto,"Dormelletto,Piedmont,Italy",9053436,IT,Municipality,Active
9204486,Menaggio,"Menaggio,Lombardy,Italy",9053433,IT,Municipality,Active
9204487,Zungoli,"Zungoli,Campania,Italy",9053428,IT,Municipality,Active
9204488,Moggio,"Moggio,Lombardy,Italy",9053433,IT,Municipality,Active
9204489,Breganze,"Breganze,Veneto,Italy",9053442,IT,Municipality,Active
9204490,Vimercate,"Vimercate,Lombardy,Italy",9053433,IT,Municipality,Active
9204491,Ancarano,"Ancarano,Abruzzo,Italy",9053423,IT,Municipality,Active
9204492,Controne,"Controne,Campania,Italy",9053428,IT,Municipality,Active
9204493,Turriaco,"Turriaco,Friuli-Venezia Giulia,Italy",9053430,IT,Municipality,Active
9204494,Cigliano,"Cigliano,Piedmont,Italy",9053436,IT,Municipality,Active
9204495,Corridonia,"Corridonia,Marche,Italy",9053434,IT,Municipality,Active
9204496,Borgo d'Anaunia,"Borgo d'Anaunia,Trentino-South Tyrol,Italy",9053439,IT,Municipality,Active
9204497,Lesmo,"Lesmo,Lombardy,Italy",9053433,IT,Municipality,Active
9204498,Anoia,"Anoia,Calabria,Italy",9053427,IT,Municipality,Active
9204499,Montegrotto Terme,"Montegrotto Terme,Veneto,Italy",9053442,IT,Municipality,Active
9204500,San Giorgio Morgeto,"San Giorgio Morgeto,Calabria,Italy",9053427,IT,Municipality,Active
9204501,Ponna,"Ponna,Lombardy,Italy",9053433,IT,Municipality,Active
9204502,Tortora,"Tortora,Calabria,Italy",9053427,IT,Municipality,Active
9204503,Sassinoro,"Sassinoro,Campania,Italy",9053428,IT,Municipality,Active
9204504,Pomezia,"Pomezia,Lazio,Italy",9053431,IT,Municipality,Active
9204505,Berceto,"Berceto,Emilia-Romagna,Italy",9053429,IT,Municipality,Active
9204506,Chiaramonti,"Chiaramonti,Sardinia,Italy",9053437,IT,Municipality,Active
9204507,Casalborgone,"Casalborgone,Piedmont,Italy",9053436,IT,Municipality,Active
9204508,Afragola,"Afragola,Campania,Italy",9053428,IT,Municipality,Active
9204509,Montagano,"Montagano,Molise,Italy",9053435,IT,Municipality,Active
9204510,Mathi,"Mathi,Piedmont,Italy",9053436,IT,Municipality,Active
9204511,Ardenno,"Ardenno,Lombardy,Italy",9053433,IT,Municipality,Active
9204512,San Giovanni Teatino,"San Giovanni Teatino,Abruzzo,Italy",9053423,IT,Municipality,Active
9204513,Marano Equo,"Marano Equo,Lazio,Italy",9053431,IT,Municipality,Active
9204514,Santeramo in Colle,"Santeramo in Colle,Apulia,Italy",9053425,IT,Municipality,Active
9204515,Stilo,"Stilo,Calabria,Italy",9053427,IT,Municipality,Active
9204516,Cingoli,"Cingoli,Marche,Italy",9053434,IT,Municipality,Active
9204517,Roccagorga,"Roccagorga,Lazio,Italy",9053431,IT,Municipality,Active
9204518,Morigerati,"Morigerati,Campania,Italy",9053428,IT,Municipality,Active
9204519,Monforte d'Alba,"Monforte d'Alba,Piedmont,Italy",9053436,IT,Municipality,Active
9204520,Castel Viscardo,"Castel Viscardo,Umbria,Italy",9053441,IT,Municipality,Active
9204521,Torre de' Passeri,"Torre de' Passeri,Abruzzo,Italy",9053423,IT,Municipality,Active
9204522,Monastero di Lanzo,"Monastero di Lanzo,Piedmont,Italy",9053436,IT,Municipality,Active
9204523,Arconate,"Arconate,Lombardy,Italy",9053433,IT,Municipality,Active
9204524,Rodeneck,"Rodeneck,Trentino-South Tyrol,Italy",9053439,IT,Municipality,Active
9204525,Castellina in Chianti,"Castellina in Chianti,Tuscany,Italy",9053440,IT,Municipality,Active
9204526,Vernasca,"Vernasca,Emilia-Romagna,Italy",9053429,IT,Municipality,Active
9204527,Spadola,"Spadola,Calabria,Italy",9053427,IT,Municipality,Active
9204528,Ortacesus,"Ortacesus,Sardinia,Italy",9053437,IT,Municipality,Active
9204529,Monterotondo,"Monterotondo,Lazio,Italy",9053431,IT,Municipality,Active
9204530,Ponte San Nicolo,"Ponte San Nicolo,Veneto,Italy",9053442,IT,Municipality,Active
9204531,Albese con Cassano,"Albese con Cassano,Lombardy,Italy",9053433,IT,Municipality,Active
9204532,Torpe,"Torpe,Sardinia,Italy",9053437,IT,Municipality,Active
9204533,Pietragalla,"Pietragalla,Basilicata,Italy",9053426,IT,Municipality,Active
9204534,Mandas,"Mandas,Sardinia,Italy",9053437,IT,Municipality,Active
9204535,Santa Teresa Gallura,"Santa Teresa Gallura,Sardinia,Italy",9053437,IT,Municipality,Active
9204536,Sutera,"Sutera,Sicily,Italy",9053438,IT,Municipality,Active
9204537,Nave,"Nave,Lombardy,Italy",9053433,IT,Municipality,Active
9204538,Castiglione Cosentino,"Castiglione Cosentino,Calabria,Italy",9053427,IT,Municipality,Active
9204539,Massarosa,"Massarosa,Tuscany,Italy",9053440,IT,Municipality,Active
9204540,Arola,"Arola,Piedmont,Italy",9053436,IT,Municipality,Active
9204541,Pieve Porto Morone,"Pieve Porto Morone,Lombardy,Italy",9053433,IT,Municipality,Active
9204542,Valentano,"Valentano,Lazio,Italy",9053431,IT,Municipality,Active
9204543,Cavallermaggiore,"Cavallermaggiore,Piedmont,Italy",9053436,IT,Municipality,Active
9204544,Erbezzo,"Erbezzo,Veneto,Italy",9053442,IT,Municipality,Active
9204545,Parete,"Parete,Campania,Italy",9053428,IT,Municipality,Active
9204546,Silvano Pietra,"Silvano Pietra,Lombardy,Italy",9053433,IT,Municipality,Active
9204547,Castegnato,"Castegnato,Lombardy,Italy",9053433,IT,Municipality,Active
9204548,Osoppo,"Osoppo,Friuli-Venezia Giulia,Italy",9053430,IT,Municipality,Active
9204549,Salice Salentino,"Salice Salentino,Apulia,Italy",9053425,IT,Municipality,Active
9204550,Cortina d'Ampezzo,"Cortina d'Ampezzo,Veneto,Italy",9053442,IT,Municipality,Active
9204551,Poppi,"Poppi,Tuscany,Italy",9053440,IT,Municipality,Active
9204552,Nepi,"Nepi,Lazio,Italy",9053431,IT,Municipality,Active
9204553,Marcaria,"Marcaria,Lombardy,Italy",9053433,IT,Municipality,Active
9204554,Pella,"Pella,Piedmont,Italy",9053436,IT,Municipality,Active
9204555,Montorio Romano,"Montorio Romano,Lazio,Italy",9053431,IT,Municipality,Active
9204556,Porto Sant'Elpidio,"Porto Sant'Elpidio,Marche,Italy",9053434,IT,Municipality,Active
9204557,Orio Canavese,"Orio Canavese,Piedmont,Italy",9053436,IT,Municipality,Active
9204558,Laas,"Laas,Trentino-South Tyrol,Italy",9053439,IT,Municipality,Active
9204559,Terralba,"Terralba,Sardinia,Italy",9053437,IT,Municipality,Active
9204560,Basiano,"Basiano,Lombardy,Italy",9053433,IT,Municipality,Active
9204561,Piasco,"Piasco,Piedmont,Italy",9053436,IT,Municipality,Active
9204562,Cereseto,"Cereseto,Piedmont,Italy",9053436,IT,Municipality,Active
9204563,Piovene Rocchette,"Piovene Rocchette,Veneto,Italy",9053442,IT,Municipality,Active
9204564,San Lorenzo in Banale,"San Lorenzo in Banale,Trentino-South Tyrol,Italy",9053439,IT,Municipality,Active
9204565,Lillianes,"Lillianes,Aosta Valley,Italy",9053424,IT,Municipality,Active
9204566,Torano Nuovo,"Torano Nuovo,Abruzzo,Italy",9053423,IT,Municipality,Active
9204567,Venarotta,"Venarotta,Marche,Italy",9053434,IT,Municipality,Active
9204568,Irsina,"Irsina,Basilicata,Italy",9053426,IT,Municipality,Active
9204569,Taranta Peligna,"Taranta Peligna,Abruzzo,Italy",9053423,IT,Municipality,Active
9204570,Campitello di Fassa,"Campitello di Fassa,Trentino-South Tyrol,Italy",9053439,IT,Municipality,Active
9204571,Canolo,"Canolo,Calabria,Italy",9053427,IT,Municipality,Active
9204572,Scurelle,"Scurelle,Trentino-South Tyrol,Italy",9053439,IT,Municipality,Active
9204573,Anguillara Sabazia,"Anguillara Sabazia,Lazio,Italy",9053431,IT,Municipality,Active
9204574,Campolieto,"Campolieto,Molise,Italy",9053435,IT,Municipality,Active
9204575,Feletto,"Feletto,Piedmont,Italy",9053436,IT,Municipality,Active
9204576,Zollino,"Zollino,Apulia,Italy",9053425,IT,Municipality,Active
9204577,Nomaglio,"Nomaglio,Piedmont,Italy",9053436,IT,Municipality,Active
9204578,Muggio,"Muggio,Lombardy,Italy",9053433,IT,Municipality,Active
9204579,Folignano,"Folignano,Marche,Italy",9053434,IT,Municipality,Active
9204580,Pusiano,"Pusiano,Lombardy,Italy",9053433,IT,Municipality,Active
9204581,Zumpano,"Zumpano,Calabria,Italy",9053427,IT,Municipality,Active
9204582,Pietra Ligure,"Pietra Ligure,Liguria,Italy",9053432,IT,Municipality,Active
9204583,Nosate,"Nosate,Lombardy,Italy",9053433,IT,Municipality,Active
9204584,Escalaplano,"Escalaplano,Sardinia,Italy",9053437,IT,Municipality,Active
9204585,Premana,"Premana,Lombardy,Italy",9053433,IT,Municipality,Active
9204586,Lignano Sabbiadoro,"Lignano Sabbiadoro,Friuli-Venezia Giulia,Italy",9053430,IT,Municipality,Active
9204587,Montemiletto,"Montemiletto,Campania,Italy",9053428,IT,Municipality,Active
9204588,Piazza Armerina,"Piazza Armerina,Sicily,Italy",9053438,IT,Municipality,Active
9204589,Castel Giorgio,"Castel Giorgio,Umbria,Italy",9053441,IT,Municipality,Active
9204590,Ono San Pietro,"Ono San Pietro,Lombardy,Italy",9053433,IT,Municipality,Active
9204591,Isola delle Femmine,"Isola delle Femmine,Sicily,Italy",9053438,IT,Municipality,Active
9204592,Carpignano Salentino,"Carpignano Salentino,Apulia,Italy",9053425,IT,Municipality,Active
9204593,Roana,"Roana,Veneto,Italy",9053442,IT,Municipality,Active
9204594,Montaguto,"Montaguto,Campania,Italy",9053428,IT,Municipality,Active
9204595,Gessopalena,"Gessopalena,Abruzzo,Italy",9053423,IT,Municipality,Active
9204596,Roccacasale,"Roccacasale,Abruzzo,Italy",9053423,IT,Municipality,Active
9204597,Lavena Ponte Tresa,"Lavena Ponte Tresa,Lombardy,Italy",9053433,IT,Municipality,Active
9204598,Carvico,"Carvico,Lombardy,Italy",9053433,IT,Municipality,Active
9204599,Cocconato,"Cocconato,Piedmont,Italy",9053436,IT,Municipality,Active
9204600,Barolo,"Barolo,Piedmont,Italy",9053436,IT,Municipality,Active
9204601,Cison di Valmarino,"Cison di Valmarino,Veneto,Italy",9053442,IT,Municipality,Active
9204602,Cervesina,"Cervesina,Lombardy,Italy",9053433,IT,Municipality,Active
9204603,Campofilone,"Campofilone,Marche,Italy",9053434,IT,Municipality,Active
9204604,Contigliano,"Contigliano,Lazio,Italy",9053431,IT,Municipality,Active
9204605,Credera Rubbiano,"Credera Rubbiano,Lombardy,Italy",9053433,IT,Municipality,Active
9204606,Triggiano,"Triggiano,Apulia,Italy",9053425,IT,Municipality,Active
9204607,Ponte,"Ponte,Campania,Italy",9053428,IT,Municipality,Active
9204608,Sant'Andrea del Garigliano,"Sant'Andrea del Garigliano,Lazio,Italy",9053431,IT,Municipality,Active
9204609,Vaiano Cremasco,"Vaiano Cremasco,Lombardy,Italy",9053433,IT,Municipality,Active
9204610,San Martino al Tagliamento,"San Martino al Tagliamento,Friuli-Venezia Giulia,Italy",9053430,IT,Municipality,Active
9204611,Villalvernia,"Villalvernia,Piedmont,Italy",9053436,IT,Municipality,Active
9204612,Bedulita,"Bedulita,Lombardy,Italy",9053433,IT,Municipality,Active
9204613,San Giuliano Terme,"San Giuliano Terme,Tuscany,Italy",9053440,IT,Municipality,Active
9204614,Riola Sardo,"Riola Sardo,Sardinia,Italy",9053437,IT,Municipality,Active
9204615,Borgosesia,"Borgosesia,Piedmont,Italy",9053436,IT,Municipality,Active
9204616,Campo Calabro,"Campo Calabro,Calabria,Italy",9053427,IT,Municipality,Active
9204617,Montabone,"Montabone,Piedmont,Italy",9053436,IT,Municipality,Active
9204618,Villafranca Sicula,"Villafranca Sicula,Sicily,Italy",9053438,IT,Municipality,Active
9204619,Mioglia,"Mioglia,Liguria,Italy",9053432,IT,Municipality,Active
9204620,Cadegliano-Viconago,"Cadegliano-Viconago,Lombardy,Italy",9053433,IT,Municipality,Active
9204621,Predaia,"Predaia,Trentino-South Tyrol,Italy",9053439,IT,Municipality,Active
9204622,San Gregorio nelle Alpi,"San Gregorio nelle Alpi,Veneto,Italy",9053442,IT,Municipality,Active
9204623,Carema,"Carema,Piedmont,Italy",9053436,IT,Municipality,Active
9204624,Sant'Agata di Militello,"Sant'Agata di Militello,Sicily,Italy",9053438,IT,Municipality,Active
9204625,Macchia Valfortore,"Macchia Valfortore,Molise,Italy",9053435,IT,Municipality,Active
9204626,San Lupo,"San Lupo,Campania,Italy",9053428,IT,Municipality,Active
9204627,Guglionesi,"Guglionesi,Molise,Italy",9053435,IT,Municipality,Active
9204628,Tarsia,"Tarsia,Calabria,Italy",9053427,IT,Municipality,Active
9204629,San Mauro Forte,"San Mauro Forte,Basilicata,Italy",9053426,IT,Municipality,Active
9204630,Savignone,"Savignone,Liguria,Italy",9053432,IT,Municipality,Active
9204631,Vallo della Lucania,"Vallo della Lucania,Campania,Italy",9053428,IT,Municipality,Active
9204632,Nerviano,"Nerviano,Lombardy,Italy",9053433,IT,Municipality,Active
9204633,Quinzano d'Oglio,"Quinzano d'Oglio,Lombardy,Italy",9053433,IT,Municipality,Active
9204634,Dignano,"Dignano,Friuli-Venezia Giulia,Italy",9053430,IT,Municipality,Active
9204635,Sondalo,"Sondalo,Lombardy,Italy",9053433,IT,Municipality,Active
9204636,Falconara Albanese,"Falconara Albanese,Calabria,Italy",9053427,IT,Municipality,Active
9204637,Caprezzo,"Caprezzo,Piedmont,Italy",9053436,IT,Municipality,Active
9204638,Carro,"Carro,Liguria,Italy",9053432,IT,Municipality,Active
9204639,Guilmi,"Guilmi,Abruzzo,Italy",9053423,IT,Municipality,Active
9204640,Perloz,"Perloz,Aosta Valley,Italy",9053424,IT,Municipality,Active
9204641,Esine,"Esine,Lombardy,Italy",9053433,IT,Municipality,Active
9204642,Noale,"Noale,Veneto,Italy",9053442,IT,Municipality,Active
9204643,Oschiri,"Oschiri,Sardinia,Italy",9053437,IT,Municipality,Active
9204644,San Paolo,"San Paolo,Lombardy,Italy",9053433,IT,Municipality,Active
9204645,San Michele di Ganzaria,"San Michele di Ganzaria,Sicily,Italy",9053438,IT,Municipality,Active
9204646,Fiave,"Fiave,Trentino-South Tyrol,Italy",9053439,IT,Municipality,Active
9204647,Castiglione Falletto,"Castiglione Falletto,Piedmont,Italy",9053436,IT,Municipality,Active
9204648,Belvi,"Belvi,Sardinia,Italy",9053437,IT,Municipality,Active
9204649,Suisio,"Suisio,Lombardy,Italy",9053433,IT,Municipality,Active
9204650,Lodi Vecchio,"Lodi Vecchio,Lombardy,Italy",9053433,IT,Municipality,Active
9204651,Meduno,"Meduno,Friuli-Venezia Giulia,Italy",9053430,IT,Municipality,Active
9204652,Pressana,"Pressana,Veneto,Italy",9053442,IT,Municipality,Active
9204653,Fontanetto Po,"Fontanetto Po,Piedmont,Italy",9053436,IT,Municipality,Active
9204654,Bascape,"Bascape,Lombardy,Italy",9053433,IT,Municipality,Active
9204655,Montesilvano,"Montesilvano,Abruzzo,Italy",9053423,IT,Municipality,Active
9204656,Chamois,"Chamois,Aosta Valley,Italy",9053424,IT,Municipality,Active
9204657,Linguaglossa,"Linguaglossa,Sicily,Italy",9053438,IT,Municipality,Active
9204658,Decimomannu,"Decimomannu,Sardinia,Italy",9053437,IT,Municipality,Active
9204659,San Germano Vercellese,"San Germano Vercellese,Piedmont,Italy",9053436,IT,Municipality,Active
9204660,Pallare,"Pallare,Liguria,Italy",9053432,IT,Municipality,Active
9204661,Delianuova,"Delianuova,Calabria,Italy",9053427,IT,Municipality,Active
9204662,Petrona,"Petrona,Calabria,Italy",9053427,IT,Municipality,Active
9204663,Casacalenda,"Casacalenda,Molise,Italy",9053435,IT,Municipality,Active
9204664,Maranzana,"Maranzana,Piedmont,Italy",9053436,IT,Municipality,Active
9204665,Saint-Vincent,"Saint-Vincent,Aosta Valley,Italy",9053424,IT,Municipality,Active
9204666,Palmanova,"Palmanova,Friuli-Venezia Giulia,Italy",9053430,IT,Municipality,Active
9204667,Alfonsine,"Alfonsine,Emilia-Romagna,Italy",9053429,IT,Municipality,Active
9204668,Rivalta di Torino,"Rivalta di Torino,Piedmont,Italy",9053436,IT,Municipality,Active
9204669,Sarmato,"Sarmato,Emilia-Romagna,Italy",9053429,IT,Municipality,Active
9204670,Ottana,"Ottana,Sardinia,Italy",9053437,IT,Municipality,Active
9204671,Castano Primo,"Castano Primo,Lombardy,Italy",9053433,IT,Municipality,Active
9204672,Sant'Anna Arresi,"Sant'Anna Arresi,Sardinia,Italy",9053437,IT,Municipality,Active
9204673,Baldissero Torinese,"Baldissero Torinese,Piedmont,Italy",9053436,IT,Municipality,Active
9204674,Mairago,"Mairago,Lombardy,Italy",9053433,IT,Municipality,Active
9204675,Esperia,"Esperia,Lazio,Italy",9053431,IT,Municipality,Active
9204676,Dugenta,"Dugenta,Campania,Italy",9053428,IT,Municipality,Active
9204677,Carpineto della Nora,"Carpineto della Nora,Abruzzo,Italy",9053423,IT,Municipality,Active
9204678,Camerata Nuova,"Camerata Nuova,Lazio,Italy",9053431,IT,Municipality,Active
9204679,Monta,"Monta,Piedmont,Italy",9053436,IT,Municipality,Active
9204680,San Pier Niceto,"San Pier Niceto,Sicily,Italy",9053438,IT,Municipality,Active
9204681,San Martino Canavese,"San Martino Canavese,Piedmont,Italy",9053436,IT,Municipality,Active
9204682,Traversetolo,"Traversetolo,Emilia-Romagna,Italy",9053429,IT,Municipality,Active
9204683,Sanarica,"Sanarica,Apulia,Italy",9053425,IT,Municipality,Active
9204684,Pallanzeno,"Pallanzeno,Piedmont,Italy",9053436,IT,Municipality,Active
9204685,Isola Rizza,"Isola Rizza,Veneto,Italy",9053442,IT,Municipality,Active
9204686,Buscate,"Buscate,Lombardy,Italy",9053433,IT,Municipality,Active
9204687,Castel di Sangro,"Castel di Sangro,Abruzzo,Italy",9053423,IT,Municipality,Active
9204688,Valperga,"Valperga,Piedmont,Italy",9053436,IT,Municipality,Active
9204689,Cantello,"Cantello,Lombardy,Italy",9053433,IT,Municipality,Active
9204690,Isola del Giglio,"Isola del Giglio,Tuscany,Italy",9053440,IT,Municipality,Active
9204691,Vasia,"Vasia,Liguria,Italy",9053432,IT,Municipality,Active
9204692,Pollein,"Pollein,Aosta Valley,Italy",9053424,IT,Municipality,Active
9204693,San Mauro Cilento,"San Mauro Cilento,Campania,Italy",9053428,IT,Municipality,Active
9204694,Tavoleto,"Tavoleto,Marche,Italy",9053434,IT,Municipality,Active
9204695,Colle Santa Lucia,"Colle Santa Lucia,Veneto,Italy",9053442,IT,Municipality,Active
9204696,Vigarano Mainarda,"Vigarano Mainarda,Emilia-Romagna,Italy",9053429,IT,Municipality,Active
9204697,Lettopalena,"Lettopalena,Abruzzo,Italy",9053423,IT,Municipality,Active
9204698,Frasso Sabino,"Frasso Sabino,Lazio,Italy",9053431,IT,Municipality,Active
9204699,Piedimonte Matese,"Piedimonte Matese,Campania,Italy",9053428,IT,Municipality,Active
9204700,Alanno,"Alanno,Abruzzo,Italy",9053423,IT,Municipality,Active
9204701,Carpi,"Carpi,Emilia-Romagna,Italy",9053429,IT,Municipality,Active
9204702,Sant'Eufemia d'Aspromonte,"Sant'Eufemia d'Aspromonte,Calabria,Italy",9053427,IT,Municipality,Active
9204703,Lajen,"Lajen,Trentino-South Tyrol,Italy",9053439,IT,Municipality,Active
9204704,Maropati,"Maropati,Calabria,Italy",9053427,IT,Municipality,Active
9204705,Cellino Attanasio,"Cellino Attanasio,Abruzzo,Italy",9053423,IT,Municipality,Active
9204706,Tarcento,"Tarcento,Friuli-Venezia Giulia,Italy",9053430,IT,Municipality,Active
9204707,Villareggia,"Villareggia,Piedmont,Italy",9053436,IT,Municipality,Active
9204708,Tursi,"Tursi,Basilicata,Italy",9053426,IT,Municipality,Active
9204709,Marone,"Marone,Lombardy,Italy",9053433,IT,Municipality,Active
9204710,Corato,"Corato,Apulia,Italy",9053425,IT,Municipality,Active
9204711,Bultei,"Bultei,Sardinia,Italy",9053437,IT,Municipality,Active
9204712,Rivarolo Canavese,"Rivarolo Canavese,Piedmont,Italy",9053436,IT,Municipality,Active
9204713,Camigliano,"Camigliano,Campania,Italy",9053428,IT,Municipality,Active
9204714,Riparbella,"Riparbella,Tuscany,Italy",9053440,IT,Municipality,Active
9204715,Roveredo di Gua,"Roveredo di Gua,Veneto,Italy",9053442,IT,Municipality,Active
9204716,Mogoro,"Mogoro,Sardinia,Italy",9053437,IT,Municipality,Active
9204717,Tornata,"Tornata,Lombardy,Italy",9053433,IT,Municipality,Active
9204718,Santa Marina,"Santa Marina,Campania,Italy",9053428,IT,Municipality,Active
9204719,Tortorici,"Tortorici,Sicily,Italy",9053438,IT,Municipality,Active
9204720,San Giovanni in Fiore,"San Giovanni in Fiore,Calabria,Italy",9053427,IT,Municipality,Active
9204721,Loreto Aprutino,"Loreto Aprutino,Abruzzo,Italy",9053423,IT,Municipality,Active
9204722,Zugliano,"Zugliano,Veneto,Italy",9053442,IT,Municipality,Active
9204723,Torre Annunziata,"Torre Annunziata,Campania,Italy",9053428,IT,Municipality,Active
9204724,Tocco da Casauria,"Tocco da Casauria,Abruzzo,Italy",9053423,IT,Municipality,Active
9204725,Lago,"Lago,Calabria,Italy",9053427,IT,Municipality,Active
9204726,Carfizzi,"Carfizzi,Calabria,Italy",9053427,IT,Municipality,Active
9204727,Pfitsch,"Pfitsch,Trentino-South Tyrol,Italy",9053439,IT,Municipality,Active
9204728,Fano,"Fano,Marche,Italy",9053434,IT,Municipality,Active
9204729,Castione della Presolana,"Castione della Presolana,Lombardy,Italy",9053433,IT,Municipality,Active
9204730,Stezzano,"Stezzano,Lombardy,Italy",9053433,IT,Municipality,Active
9204731,Pinerolo,"Pinerolo,Piedmont,Italy",9053436,IT,Municipality,Active
9204732,Piedicavallo,"Piedicavallo,Piedmont,Italy",9053436,IT,Municipality,Active
9204733,Corte Franca,"Corte Franca,Lombardy,Italy",9053433,IT,Municipality,Active
9204734,Villastellone,"Villastellone,Piedmont,Italy",9053436,IT,Municipality,Active
9204735,Lenna,"Lenna,Lombardy,Italy",9053433,IT,Municipality,Active
9204736,Varco Sabino,"Varco Sabino,Lazio,Italy",9053431,IT,Municipality,Active
9204737,Arcevia,"Arcevia,Marche,Italy",9053434,IT,Municipality,Active
9204738,Borgo Lares,"Borgo Lares,Trentino-South Tyrol,Italy",9053439,IT,Municipality,Active
9204739,Frigento,"Frigento,Campania,Italy",9053428,IT,Municipality,Active
9204740,Coriano,"Coriano,Emilia-Romagna,Italy",9053429,IT,Municipality,Active
9204741,Maniace,"Maniace,Sicily,Italy",9053438,IT,Municipality,Active
9204742,Almenno San Bartolomeo,"Almenno San Bartolomeo,Lombardy,Italy",9053433,IT,Municipality,Active
9204743,Monasterolo Casotto,"Monasterolo Casotto,Piedmont,Italy",9053436,IT,Municipality,Active
9204744,Pofi,"Pofi,Lazio,Italy",9053431,IT,Municipality,Active
9204745,Rosolini,"Rosolini,Sicily,Italy",9053438,IT,Municipality,Active
9204746,Bagnolo di Po,"Bagnolo di Po,Veneto,Italy",9053442,IT,Municipality,Active
9204747,Montenerodomo,"Montenerodomo,Abruzzo,Italy",9053423,IT,Municipality,Active
9204748,Davoli,"Davoli,Calabria,Italy",9053427,IT,Municipality,Active
9204749,Carimate,"Carimate,Lombardy,Italy",9053433,IT,Municipality,Active
9204750,Vizzolo Predabissi,"Vizzolo Predabissi,Lombardy,Italy",9053433,IT,Municipality,Active
9204751,Alvito,"Alvito,Lazio,Italy",9053431,IT,Municipality,Active
9204752,Ferrere,"Ferrere,Piedmont,Italy",9053436,IT,Municipality,Active
9204753,Siamaggiore,"Siamaggiore,Sardinia,Italy",9053437,IT,Municipality,Active
9204754,Santu Lussurgiu,"Santu Lussurgiu,Sardinia,Italy",9053437,IT,Municipality,Active
9204755,San Severino Lucano,"San Severino Lucano,Basilicata,Italy",9053426,IT,Municipality,Active
9204756,Iseo,"Iseo,Lombardy,Italy",9053433,IT,Municipality,Active
9204757,Vezzano Ligure,"Vezzano Ligure,Liguria,Italy",9053432,IT,Municipality,Active
9204758,Premariacco,"Premariacco,Friuli-Venezia Giulia,Italy",9053430,IT,Municipality,Active
9204759,Macra,"Macra,Piedmont,Italy",9053436,IT,Municipality,Active
9204760,Saonara,"Saonara,Veneto,Italy",9053442,IT,Municipality,Active
9204761,Salara,"Salara,Veneto,Italy",9053442,IT,Municipality,Active
9204762,Piaggine,"Piaggine,Campania,Italy",9053428,IT,Municipality,Active
9204763,San Giorgio in Bosco,"San Giorgio in Bosco,Veneto,Italy",9053442,IT,Municipality,Active
9204764,Melendugno,"Melendugno,Apulia,Italy",9053425,IT,Municipality,Active
9204765,Roburent,"Roburent,Piedmont,Italy",9053436,IT,Municipality,Active
9204766,Alessandria della Rocca,"Alessandria della Rocca,Sicily,Italy",9053438,IT,Municipality,Active
9204767,Soveria Simeri,"Soveria Simeri,Calabria,Italy",9053427,IT,Municipality,Active
9204768,Leporano,"Leporano,Apulia,Italy",9053425,IT,Municipality,Active
9204769,Certaldo,"Certaldo,Tuscany,Italy",9053440,IT,Municipality,Active
9204770,Campochiaro,"Campochiaro,Molise,Italy",9053435,IT,Municipality,Active
9204771,Lerma,"Lerma,Piedmont,Italy",9053436,IT,Municipality,Active
9204772,Monticelli Pavese,"Monticelli Pavese,Lombardy,Italy",9053433,IT,Municipality,Active
9204773,San Martino Alfieri,"San Martino Alfieri,Piedmont,Italy",9053436,IT,Municipality,Active
9204774,Episcopia,"Episcopia,Basilicata,Italy",9053426,IT,Municipality,Active
9204775,Calci,"Calci,Tuscany,Italy",9053440,IT,Municipality,Active
9204776,Cassolnovo,"Cassolnovo,Lombardy,Italy",9053433,IT,Municipality,Active
9204777,Villa Santa Lucia,"Villa Santa Lucia,Lazio,Italy",9053431,IT,Municipality,Active
9204778,Scala Coeli,"Scala Coeli,Calabria,Italy",9053427,IT,Municipality,Active
9204779,San Giacomo degli Schiavoni,"San Giacomo degli Schiavoni,Molise,Italy",9053435,IT,Municipality,Active
9204780,Marineo,"Marineo,Sicily,Italy",9053438,IT,Municipality,Active
9204781,Poggio San Vicino,"Poggio San Vicino,Marche,Italy",9053434,IT,Municipality,Active
9204782,Moscazzano,"Moscazzano,Lombardy,Italy",9053433,IT,Municipality,Active
9204783,Sandigliano,"Sandigliano,Piedmont,Italy",9053436,IT,Municipality,Active
9204784,Novate Mezzola,"Novate Mezzola,Lombardy,Italy",9053433,IT,Municipality,Active
9204785,Caraffa di Catanzaro,"Caraffa di Catanzaro,Calabria,Italy",9053427,IT,Municipality,Active
9204786,Costa de' Nobili,"Costa de' Nobili,Lombardy,Italy",9053433,IT,Municipality,Active
9204787,Corvara,"Corvara,Trentino-South Tyrol,Italy",9053439,IT,Municipality,Active
9204788,Formigliana,"Formigliana,Piedmont,Italy",9053436,IT,Municipality,Active
9204789,Monteroni di Lecce,"Monteroni di Lecce,Apulia,Italy",9053425,IT,Municipality,Active
9204790,Buttigliera d'Asti,"Buttigliera d'Asti,Piedmont,Italy",9053436,IT,Municipality,Active
9204791,Buti,"Buti,Tuscany,Italy",9053440,IT,Municipality,Active
9204792,Front,"Front,Piedmont,Italy",9053436,IT,Municipality,Active
9204793,Monteleone d'Orvieto,"Monteleone d'Orvieto,Umbria,Italy",9053441,IT,Municipality,Active
9204794,Civitella d'Agliano,"Civitella d'Agliano,Lazio,Italy",9053431,IT,Municipality,Active
9204795,Mormanno,"Mormanno,Calabria,Italy",9053427,IT,Municipality,Active
9204796,Corio,"Corio,Piedmont,Italy",9053436,IT,Municipality,Active
9204797,Massa Martana,"Massa Martana,Umbria,Italy",9053441,IT,Municipality,Active
9204798,Pieve Santo Stefano,"Pieve Santo Stefano,Tuscany,Italy",9053440,IT,Municipality,Active
9204799,Torgnon,"Torgnon,Aosta Valley,Italy",9053424,IT,Municipality,Active
9204800,Collelongo,"Collelongo,Abruzzo,Italy",9053423,IT,Municipality,Active
9204801,Cadeo,"Cadeo,Emilia-Romagna,Italy",9053429,IT,Municipality,Active
9204802,Piglio,"Piglio,Lazio,Italy",9053431,IT,Municipality,Active
9204803,Casarsa della Delizia,"Casarsa della Delizia,Friuli-Venezia Giulia,Italy",9053430,IT,Municipality,Active
9204804,Crocetta del Montello,"Crocetta del Montello,Veneto,Italy",9053442,IT,Municipality,Active
9204805,Pomaretto,"Pomaretto,Piedmont,Italy",9053436,IT,Municipality,Active
9204806,Ateleta,"Ateleta,Abruzzo,Italy",9053423,IT,Municipality,Active
9204807,San Zeno di Montagna,"San Zeno di Montagna,Veneto,Italy",9053442,IT,Municipality,Active
9204808,Govone,"Govone,Piedmont,Italy",9053436,IT,Municipality,Active
9204809,Torbole Casaglia,"Torbole Casaglia,Lombardy,Italy",9053433,IT,Municipality,Active
9204810,Podenzana,"Podenzana,Tuscany,Italy",9053440,IT,Municipality,Active
9204811,Gravina di Catania,"Gravina di Catania,Sicily,Italy",9053438,IT,Municipality,Active
9204812,Giustenice,"Giustenice,Liguria,Italy",9053432,IT,Municipality,Active
9204813,Palau,"Palau,Sardinia,Italy",9053437,IT,Municipality,Active
9204814,Pino Torinese,"Pino Torinese,Piedmont,Italy",9053436,IT,Municipality,Active
9204815,Castelvecchio di Rocca Barbena,"Castelvecchio di Rocca Barbena,Liguria,Italy",9053432,IT,Municipality,Active
9204816,San Nicandro Garganico,"San Nicandro Garganico,Apulia,Italy",9053425,IT,Municipality,Active
9204817,Bonifati,"Bonifati,Calabria,Italy",9053427,IT,Municipality,Active
9204818,Brentino Belluno,"Brentino Belluno,Veneto,Italy",9053442,IT,Municipality,Active
9204819,Balestrate,"Balestrate,Sicily,Italy",9053438,IT,Municipality,Active
9204820,Cigognola,"Cigognola,Lombardy,Italy",9053433,IT,Municipality,Active
9204821,Capriati a Volturno,"Capriati a Volturno,Campania,Italy",9053428,IT,Municipality,Active
9204822,Rho,"Rho,Lombardy,Italy",9053433,IT,Municipality,Active
9204823,Medolago,"Medolago,Lombardy,Italy",9053433,IT,Municipality,Active
9204824,Poggio Sannita,"Poggio Sannita,Molise,Italy",9053435,IT,Municipality,Active
9204825,Cassago Brianza,"Cassago Brianza,Lombardy,Italy",9053433,IT,Municipality,Active
9204826,Torricella in Sabina,"Torricella in Sabina,Lazio,Italy",9053431,IT,Municipality,Active
9204827,Bracciano,"Bracciano,Lazio,Italy",9053431,IT,Municipality,Active
9204828,Morsano al Tagliamento,"Morsano al Tagliamento,Friuli-Venezia Giulia,Italy",9053430,IT,Municipality,Active
9204829,Aielli,"Aielli,Abruzzo,Italy",9053423,IT,Municipality,Active
9204830,Folgaria,"Folgaria,Trentino-South Tyrol,Italy",9053439,IT,Municipality,Active
9204831,Medolla,"Medolla,Emilia-Romagna,Italy",9053429,IT,Municipality,Active
9204832,Romeno,"Romeno,Trentino-South Tyrol,Italy",9053439,IT,Municipality,Active
9204833,Valli del Pasubio,"Valli del Pasubio,Veneto,Italy",9053442,IT,Municipality,Active
9204834,Altilia,"Altilia,Calabria,Italy",9053427,IT,Municipality,Active
9204835,San Tomaso Agordino,"San Tomaso Agordino,Veneto,Italy",9053442,IT,Municipality,Active
9204836,Terenten,"Terenten,Trentino-South Tyrol,Italy",9053439,IT,Municipality,Active
9204837,Pieve Torina,"Pieve Torina,Marche,Italy",9053434,IT,Municipality,Active
9204838,Bosia,"Bosia,Piedmont,Italy",9053436,IT,Municipality,Active
9204839,Graglia,"Graglia,Piedmont,Italy",9053436,IT,Municipality,Active
9204840,Sala Bolognese,"Sala Bolognese,Emilia-Romagna,Italy",9053429,IT,Municipality,Active
9204841,Redondesco,"Redondesco,Lombardy,Italy",9053433,IT,Municipality,Active
9204842,Alfano,"Alfano,Campania,Italy",9053428,IT,Municipality,Active
9204843,Sant'Ilario d'Enza,"Sant'Ilario d'Enza,Emilia-Romagna,Italy",9053429,IT,Municipality,Active
9204844,Morengo,"Morengo,Lombardy,Italy",9053433,IT,Municipality,Active
9204845,Mangone,"Mangone,Calabria,Italy",9053427,IT,Municipality,Active
9204846,Palu,"Palu,Veneto,Italy",9053442,IT,Municipality,Active
9204847,Scalenghe,"Scalenghe,Piedmont,Italy",9053436,IT,Municipality,Active
9204848,Genuri,"Genuri,Sardinia,Italy",9053437,IT,Municipality,Active
9204849,Mezzana Mortigliengo,"Mezzana Mortigliengo,Piedmont,Italy",9053436,IT,Municipality,Active
9204850,Riolo Terme,"Riolo Terme,Emilia-Romagna,Italy",9053429,IT,Municipality,Active
9204851,Poggio Nativo,"Poggio Nativo,Lazio,Italy",9053431,IT,Municipality,Active
9204852,Filettino,"Filettino,Lazio,Italy",9053431,IT,Municipality,Active
9204853,Birori,"Birori,Sardinia,Italy",9053437,IT,Municipality,Active
9204854,Isola Vicentina,"Isola Vicentina,Veneto,Italy",9053442,IT,Municipality,Active
9204855,Furnari,"Furnari,Sicily,Italy",9053438,IT,Municipality,Active
9204856,Valbrenta,"Valbrenta,Veneto,Italy",9053442,IT,Municipality,Active
9204857,Castronovo di Sicilia,"Castronovo di Sicilia,Sicily,Italy",9053438,IT,Municipality,Active
9204858,Deiva Marina,"Deiva Marina,Liguria,Italy",9053432,IT,Municipality,Active
9204859,Cosoleto,"Cosoleto,Calabria,Italy",9053427,IT,Municipality,Active
9204860,Proceno,"Proceno,Lazio,Italy",9053431,IT,Municipality,Active
9204861,Telve di Sopra,"Telve di Sopra,Trentino-South Tyrol,Italy",9053439,IT,Municipality,Active
9204862,Induno Olona,"Induno Olona,Lombardy,Italy",9053433,IT,Municipality,Active
9204863,Carignano,"Carignano,Piedmont,Italy",9053436,IT,Municipality,Active
9204864,Montorio nei Frentani,"Montorio nei Frentani,Molise,Italy",9053435,IT,Municipality,Active
9204865,Montano Antilia,"Montano Antilia,Campania,Italy",9053428,IT,Municipality,Active
9204866,Castel Gandolfo,"Castel Gandolfo,Lazio,Italy",9053431,IT,Municipality,Active
9204867,Andrano,"Andrano,Apulia,Italy",9053425,IT,Municipality,Active
9204868,Nasino,"Nasino,Liguria,Italy",9053432,IT,Municipality,Active
9204869,Mussolente,"Mussolente,Veneto,Italy",9053442,IT,Municipality,Active
9204870,Siapiccia,"Siapiccia,Sardinia,Italy",9053437,IT,Municipality,Active
9204871,Torralba,"Torralba,Sardinia,Italy",9053437,IT,Municipality,Active
9204872,Valgoglio,"Valgoglio,Lombardy,Italy",9053433,IT,Municipality,Active
9204873,Artena,"Artena,Lazio,Italy",9053431,IT,Municipality,Active
9204874,Camerino,"Camerino,Marche,Italy",9053434,IT,Municipality,Active
9204875,Segonzano,"Segonzano,Trentino-South Tyrol,Italy",9053439,IT,Municipality,Active
9204876,Montefredane,"Montefredane,Campania,Italy",9053428,IT,Municipality,Active
9204877,Noventa di Piave,"Noventa di Piave,Veneto,Italy",9053442,IT,Municipality,Active
9204878,Cropalati,"Cropalati,Calabria,Italy",9053427,IT,Municipality,Active
9204879,Rocca San Giovanni,"Rocca San Giovanni,Abruzzo,Italy",9053423,IT,Municipality,Active
9204880,Muhlbach,"Muhlbach,Trentino-South Tyrol,Italy",9053439,IT,Municipality,Active
9204881,Zeme,"Zeme,Lombardy,Italy",9053433,IT,Municipality,Active
9204882,Orte,"Orte,Lazio,Italy",9053431,IT,Municipality,Active
9204883,Tinnura,"Tinnura,Sardinia,Italy",9053437,IT,Municipality,Active
9204884,Oderzo,"Oderzo,Veneto,Italy",9053442,IT,Municipality,Active
9204885,Cutro,"Cutro,Calabria,Italy",9053427,IT,Municipality,Active
9204886,Fuipiano Valle Imagna,"Fuipiano Valle Imagna,Lombardy,Italy",9053433,IT,Municipality,Active
9204887,San Giuliano del Sannio,"San Giuliano del Sannio,Molise,Italy",9053435,IT,Municipality,Active
9204888,Camporgiano,"Camporgiano,Tuscany,Italy",9053440,IT,Municipality,Active
9204889,Vernazza,"Vernazza,Liguria,Italy",9053432,IT,Municipality,Active
9204890,Arpaise,"Arpaise,Campania,Italy",9053428,IT,Municipality,Active
9204891,Lanusei,"Lanusei,Sardinia,Italy",9053437,IT,Municipality,Active
9204892,Castellero,"Castellero,Piedmont,Italy",9053436,IT,Municipality,Active
9204893,Cavagnolo,"Cavagnolo,Piedmont,Italy",9053436,IT,Municipality,Active
9204894,Giove,"Giove,Umbria,Italy",9053441,IT,Municipality,Active
9204895,Villeneuve,"Villeneuve,Aosta Valley,Italy",9053424,IT,Municipality,Active
9204896,Chiesa in Valmalenco,"Chiesa in Valmalenco,Lombardy,Italy",9053433,IT,Municipality,Active
9204897,Cerreto Grue,"Cerreto Grue,Piedmont,Italy",9053436,IT,Municipality,Active
9204898,San Gregorio Magno,"San Gregorio Magno,Campania,Italy",9053428,IT,Municipality,Active
9204899,Beregazzo con Figliaro,"Beregazzo con Figliaro,Lombardy,Italy",9053433,IT,Municipality,Active
9204900,Tocco Caudio,"Tocco Caudio,Campania,Italy",9053428,IT,Municipality,Active
9204901,Nuragus,"Nuragus,Sardinia,Italy",9053437,IT,Municipality,Active
9204902,Veggiano,"Veggiano,Veneto,Italy",9053442,IT,Municipality,Active
9204903,Torrazza Piemonte,"Torrazza Piemonte,Piedmont,Italy",9053436,IT,Municipality,Active
9204904,Copiano,"Copiano,Lombardy,Italy",9053433,IT,Municipality,Active
9204905,Sant'Omero,"Sant'Omero,Abruzzo,Italy",9053423,IT,Municipality,Active
9204906,Nerola,"Nerola,Lazio,Italy",9053431,IT,Municipality,Active
9204907,Floridia,"Floridia,Sicily,Italy",9053438,IT,Municipality,Active
9204908,Lettere,"Lettere,Campania,Italy",9053428,IT,Municipality,Active
9204909,Ripa Teatina,"Ripa Teatina,Abruzzo,Italy",9053423,IT,Municipality,Active
9204910,Prata di Principato Ultra,"Prata di Principato Ultra,Campania,Italy",9053428,IT,Municipality,Active
9204911,Capestrano,"Capestrano,Abruzzo,Italy",9053423,IT,Municipality,Active
9204912,Bari Sardo,"Bari Sardo,Sardinia,Italy",9053437,IT,Municipality,Active
9204913,Sarntal,"Sarntal,Trentino-South Tyrol,Italy",9053439,IT,Municipality,Active
9204914,Barberino di Mugello,"Barberino di Mugello,Tuscany,Italy",9053440,IT,Municipality,Active
9204915,Ceppaloni,"Ceppaloni,Campania,Italy",9053428,IT,Municipality,Active
9204916,Monselice,"Monselice,Veneto,Italy",9053442,IT,Municipality,Active
9204917,Prevalle,"Prevalle,Lombardy,Italy",9053433,IT,Municipality,Active
9204918,Nizza Monferrato,"Nizza Monferrato,Piedmont,Italy",9053436,IT,Municipality,Active
9204919,Commessaggio,"Commessaggio,Lombardy,Italy",9053433,IT,Municipality,Active
9204920,Cella Dati,"Cella Dati,Lombardy,Italy",9053433,IT,Municipality,Active
9204921,Urgnano,"Urgnano,Lombardy,Italy",9053433,IT,Municipality,Active
9204922,Klausen,"Klausen,Trentino-South Tyrol,Italy",9053439,IT,Municipality,Active
9204923,Gallicano nel Lazio,"Gallicano nel Lazio,Lazio,Italy",9053431,IT,Municipality,Active
9204924,Vico Equense,"Vico Equense,Campania,Italy",9053428,IT,Municipality,Active
9204925,Costanzana,"Costanzana,Piedmont,Italy",9053436,IT,Municipality,Active
9204926,Pontida,"Pontida,Lombardy,Italy",9053433,IT,Municipality,Active
9204927,Castelseprio,"Castelseprio,Lombardy,Italy",9053433,IT,Municipality,Active
9204928,Venaus,"Venaus,Piedmont,Italy",9053436,IT,Municipality,Active
9204929,Fraconalto,"Fraconalto,Piedmont,Italy",9053436,IT,Municipality,Active
9204930,Avola,"Avola,Sicily,Italy",9053438,IT,Municipality,Active
9204931,Macello,"Macello,Piedmont,Italy",9053436,IT,Municipality,Active
9204932,Chianche,"Chianche,Campania,Italy",9053428,IT,Municipality,Active
9204933,Lascari,"Lascari,Sicily,Italy",9053438,IT,Municipality,Active
9204934,Jonadi,"Jonadi,Calabria,Italy",9053427,IT,Municipality,Active
9204935,Ferrandina,"Ferrandina,Basilicata,Italy",9053426,IT,Municipality,Active
9204936,Polesine Zibello,"Polesine Zibello,Emilia-Romagna,Italy",9053429,IT,Municipality,Active
9204937,Brenzone sul Garda,"Brenzone sul Garda,Veneto,Italy",9053442,IT,Municipality,Active
9204938,Turri,"Turri,Sardinia,Italy",9053437,IT,Municipality,Active
9204939,Castelvetro di Modena,"Castelvetro di Modena,Emilia-Romagna,Italy",9053429,IT,Municipality,Active
9204940,Isolabella,"Isolabella,Piedmont,Italy",9053436,IT,Municipality,Active
9204941,Tambre,"Tambre,Veneto,Italy",9053442,IT,Municipality,Active
9204942,Casaleggio Boiro,"Casaleggio Boiro,Piedmont,Italy",9053436,IT,Municipality,Active
9204943,Lurago d'Erba,"Lurago d'Erba,Lombardy,Italy",9053433,IT,Municipality,Active
9204944,Collegiove,"Collegiove,Lazio,Italy",9053431,IT,Municipality,Active
9204945,Bema,"Bema,Lombardy,Italy",9053433,IT,Municipality,Active
9204946,Ribera,"Ribera,Sicily,Italy",9053438,IT,Municipality,Active
9204947,Almese,"Almese,Piedmont,Italy",9053436,IT,Municipality,Active
9204948,Albugnano,"Albugnano,Piedmont,Italy",9053436,IT,Municipality,Active
9204949,Salassa,"Salassa,Piedmont,Italy",9053436,IT,Municipality,Active
9204950,Taranto,"Taranto,Apulia,Italy",9053425,IT,Municipality,Active
9204951,Rocchetta Nervina,"Rocchetta Nervina,Liguria,Italy",9053432,IT,Municipality,Active
9204952,Striano,"Striano,Campania,Italy",9053428,IT,Municipality,Active
9204953,Ossago Lodigiano,"Ossago Lodigiano,Lombardy,Italy",9053433,IT,Municipality,Active
9204954,Giuliano Teatino,"Giuliano Teatino,Abruzzo,Italy",9053423,IT,Municipality,Active
9204955,Zoppola,"Zoppola,Friuli-Venezia Giulia,Italy",9053430,IT,Municipality,Active
9204956,Portocannone,"Portocannone,Molise,Italy",9053435,IT,Municipality,Active
9204957,San Michele Salentino,"San Michele Salentino,Apulia,Italy",9053425,IT,Municipality,Active
9204958,Zenson di Piave,"Zenson di Piave,Veneto,Italy",9053442,IT,Municipality,Active
9204959,Avigliano,"Avigliano,Basilicata,Italy",9053426,IT,Municipality,Active
9204960,Tremosine sul Garda,"Tremosine sul Garda,Lombardy,Italy",9053433,IT,Municipality,Active
9204961,Pellizzano,"Pellizzano,Trentino-South Tyrol,Italy",9053439,IT,Municipality,Active
9204962,Mondolfo,"Mondolfo,Marche,Italy",9053434,IT,Municipality,Active
9204963,Thiesi,"Thiesi,Sardinia,Italy",9053437,IT,Municipality,Active
9204964,Specchia,"Specchia,Apulia,Italy",9053425,IT,Municipality,Active
9204965,Travagliato,"Travagliato,Lombardy,Italy",9053433,IT,Municipality,Active
9204966,Loculi,"Loculi,Sardinia,Italy",9053437,IT,Municipality,Active
9204967,Sant'Agata sul Santerno,"Sant'Agata sul Santerno,Emilia-Romagna,Italy",9053429,IT,Municipality,Active
9204968,Bosco Marengo,"Bosco Marengo,Piedmont,Italy",9053436,IT,Municipality,Active
9204969,Noventa Vicentina,"Noventa Vicentina,Veneto,Italy",9053442,IT,Municipality,Active
9204970,Castelmola,"Castelmola,Sicily,Italy",9053438,IT,Municipality,Active
9204971,San Giustino,"San Giustino,Umbria,Italy",9053441,IT,Municipality,Active
9204972,Cuneo,"Cuneo,Piedmont,Italy",9053436,IT,Municipality,Active
9204973,Fasano,"Fasano,Apulia,Italy",9053425,IT,Municipality,Active
9204974,Corno Giovine,"Corno Giovine,Lombardy,Italy",9053433,IT,Municipality,Active
9204975,Borso del Grappa,"Borso del Grappa,Veneto,Italy",9053442,IT,Municipality,Active
9204976,San Fili,"San Fili,Calabria,Italy",9053427,IT,Municipality,Active
9204977,Codrongianos,"Codrongianos,Sardinia,Italy",9053437,IT,Municipality,Active
9204978,Belveglio,"Belveglio,Piedmont,Italy",9053436,IT,Municipality,Active
9204979,Sacco,"Sacco,Campania,Italy",9053428,IT,Municipality,Active
9204980,Lattarico,"Lattarico,Calabria,Italy",9053427,IT,Municipality,Active
9204981,Pila,"Pila,Piedmont,Italy",9053436,IT,Municipality,Active
9204982,Mandanici,"Mandanici,Sicily,Italy",9053438,IT,Municipality,Active
9204983,Persico Dosimo,"Persico Dosimo,Lombardy,Italy",9053433,IT,Municipality,Active
9204984,Zinasco,"Zinasco,Lombardy,Italy",9053433,IT,Municipality,Active
9204985,Sindia,"Sindia,Sardinia,Italy",9053437,IT,Municipality,Active
9204986,Bollate,"Bollate,Lombardy,Italy",9053433,IT,Municipality,Active
9204987,Mongiuffi Melia,"Mongiuffi Melia,Sicily,Italy",9053438,IT,Municipality,Active
9204988,Piozzano,"Piozzano,Emilia-Romagna,Italy",9053429,IT,Municipality,Active
9204989,Castello del Matese,"Castello del Matese,Campania,Italy",9053428,IT,Municipality,Active
9204990,Crescentino,"Crescentino,Piedmont,Italy",9053436,IT,Municipality,Active
9204991,Casaletto Vaprio,"Casaletto Vaprio,Lombardy,Italy",9053433,IT,Municipality,Active
9204992,Gombito,"Gombito,Lombardy,Italy",9053433,IT,Municipality,Active
9204993,Radicofani,"Radicofani,Tuscany,Italy",9053440,IT,Municipality,Active
9204994,Serrenti,"Serrenti,Sardinia,Italy",9053437,IT,Municipality,Active
9204995,Ferentino,"Ferentino,Lazio,Italy",9053431,IT,Municipality,Active
9204996,Sirmione,"Sirmione,Lombardy,Italy",9053433,IT,Municipality,Active
9204997,San Polo dei Cavalieri,"San Polo dei Cavalieri,Lazio,Italy",9053431,IT,Municipality,Active
9204998,Camisano,"Camisano,Lombardy,Italy",9053433,IT,Municipality,Active
9204999,Rogeno,"Rogeno,Lombardy,Italy",9053433,IT,Municipality,Active
9205000,Colere,"Colere,Lombardy,Italy",9053433,IT,Municipality,Active
9205001,Monte Rinaldo,"Monte Rinaldo,Marche,Italy",9053434,IT,Municipality,Active
9205002,Capizzone,"Capizzone,Lombardy,Italy",9053433,IT,Municipality,Active
9205003,Figino Serenza,"Figino Serenza,Lombardy,Italy",9053433,IT,Municipality,Active
9205004,Samugheo,"Samugheo,Sardinia,Italy",9053437,IT,Municipality,Active
9205005,Borgomaro,"Borgomaro,Liguria,Italy",9053432,IT,Municipality,Active
9205006,Trevenzuolo,"Trevenzuolo,Veneto,Italy",9053442,IT,Municipality,Active
9205007,Sarezzo,"Sarezzo,Lombardy,Italy",9053433,IT,Municipality,Active
9205008,Rive,"Rive,Piedmont,Italy",9053436,IT,Municipality,Active
9205009,Mergo,"Mergo,Marche,Italy",9053434,IT,Municipality,Active
9205010,San Pietro in Gu,"San Pietro in Gu,Veneto,Italy",9053442,IT,Municipality,Active
9205011,Sersale,"Sersale,Calabria,Italy",9053427,IT,Municipality,Active
9205012,Perito,"Perito,Campania,Italy",9053428,IT,Municipality,Active
9205013,Minucciano,"Minucciano,Tuscany,Italy",9053440,IT,Municipality,Active
9205014,Camugnano,"Camugnano,Emilia-Romagna,Italy",9053429,IT,Municipality,Active
9205015,Bagnoli del Trigno,"Bagnoli del Trigno,Molise,Italy",9053435,IT,Municipality,Active
9205016,Carpaneto Piacentino,"Carpaneto Piacentino,Emilia-Romagna,Italy",9053429,IT,Municipality,Active
9205017,Casalromano,"Casalromano,Lombardy,Italy",9053433,IT,Municipality,Active
9205018,Vobarno,"Vobarno,Lombardy,Italy",9053433,IT,Municipality,Active
9205019,Povoletto,"Povoletto,Friuli-Venezia Giulia,Italy",9053430,IT,Municipality,Active
9205020,Alfiano Natta,"Alfiano Natta,Piedmont,Italy",9053436,IT,Municipality,Active
9205021,Portogruaro,"Portogruaro,Veneto,Italy",9053442,IT,Municipality,Active
9205022,Montereale Valcellina,"Montereale Valcellina,Friuli-Venezia Giulia,Italy",9053430,IT,Municipality,Active
9205023,Massimino,"Massimino,Liguria,Italy",9053432,IT,Municipality,Active
9205024,Isola del Cantone,"Isola del Cantone,Liguria,Italy",9053432,IT,Municipality,Active
9205025,Russi,"Russi,Emilia-Romagna,Italy",9053429,IT,Municipality,Active
9205026,Cardinale,"Cardinale,Calabria,Italy",9053427,IT,Municipality,Active
9205027,Scheggia e Pascelupo,"Scheggia e Pascelupo,Umbria,Italy",9053441,IT,Municipality,Active
9205028,Solbiate Olona,"Solbiate Olona,Lombardy,Italy",9053433,IT,Municipality,Active
9205029,Sorico,"Sorico,Lombardy,Italy",9053433,IT,Municipality,Active
9205030,Bettola,"Bettola,Emilia-Romagna,Italy",9053429,IT,Municipality,Active
9205031,Cogoleto,"Cogoleto,Liguria,Italy",9053432,IT,Municipality,Active
9205032,Pieve di Cento,"Pieve di Cento,Emilia-Romagna,Italy",9053429,IT,Municipality,Active
9205033,San Severo,"San Severo,Apulia,Italy",9053425,IT,Municipality,Active
9205034,Villa San Pietro,"Villa San Pietro,Sardinia,Italy",9053437,IT,Municipality,Active
9205035,Telti,"Telti,Sardinia,Italy",9053437,IT,Municipality,Active
9205036,Dello,"Dello,Lombardy,Italy",9053433,IT,Municipality,Active
9205037,Abbateggio,"Abbateggio,Abruzzo,Italy",9053423,IT,Municipality,Active
9205038,Castelgrande,"Castelgrande,Basilicata,Italy",9053426,IT,Municipality,Active
9205039,Monteforte Irpino,"Monteforte Irpino,Campania,Italy",9053428,IT,Municipality,Active
9205040,Savignano Irpino,"Savignano Irpino,Campania,Italy",9053428,IT,Municipality,Active
9205041,Vecchiano,"Vecchiano,Tuscany,Italy",9053440,IT,Municipality,Active
9205042,Postiglione,"Postiglione,Campania,Italy",9053428,IT,Municipality,Active
9205043,Albuzzano,"Albuzzano,Lombardy,Italy",9053433,IT,Municipality,Active
9205044,Saluggia,"Saluggia,Piedmont,Italy",9053436,IT,Municipality,Active
9205045,Pietracupa,"Pietracupa,Molise,Italy",9053435,IT,Municipality,Active
9205046,Polverigi,"Polverigi,Marche,Italy",9053434,IT,Municipality,Active
9205047,Capo d'Orlando,"Capo d'Orlando,Sicily,Italy",9053438,IT,Municipality,Active
9205048,Frassinello Monferrato,"Frassinello Monferrato,Piedmont,Italy",9053436,IT,Municipality,Active
9205049,Cinto Caomaggiore,"Cinto Caomaggiore,Veneto,Italy",9053442,IT,Municipality,Active
9205050,Sefro,"Sefro,Marche,Italy",9053434,IT,Municipality,Active
9205051,Cellamare,"Cellamare,Apulia,Italy",9053425,IT,Municipality,Active
9205052,San Giovanni Valdarno,"San Giovanni Valdarno,Tuscany,Italy",9053440,IT,Municipality,Active
9205053,Dro,"Dro,Trentino-South Tyrol,Italy",9053439,IT,Municipality,Active
9205054,Castelbaldo,"Castelbaldo,Veneto,Italy",9053442,IT,Municipality,Active
9205055,Roccagloriosa,"Roccagloriosa,Campania,Italy",9053428,IT,Municipality,Active
9205056,Cino,"Cino,Lombardy,Italy",9053433,IT,Municipality,Active
9205057,Predazzo,"Predazzo,Trentino-South Tyrol,Italy",9053439,IT,Municipality,Active
9205058,Roaschia,"Roaschia,Piedmont,Italy",9053436,IT,Municipality,Active
9205059,Laterza,"Laterza,Apulia,Italy",9053425,IT,Municipality,Active
9205060,Roccabascerana,"Roccabascerana,Campania,Italy",9053428,IT,Municipality,Active
9205061,Montemagno,"Montemagno,Piedmont,Italy",9053436,IT,Municipality,Active
9205062,Ronzo-Chienis,"Ronzo-Chienis,Trentino-South Tyrol,Italy",9053439,IT,Municipality,Active
9205063,La Spezia,"La Spezia,Liguria,Italy",9053432,IT,Municipality,Active
9205064,Colico,"Colico,Lombardy,Italy",9053433,IT,Municipality,Active
9205065,Laives,"Laives,Trentino-South Tyrol,Italy",9053439,IT,Municipality,Active
9205066,Pagazzano,"Pagazzano,Lombardy,Italy",9053433,IT,Municipality,Active
9205067,Naso,"Naso,Sicily,Italy",9053438,IT,Municipality,Active
9205068,Sansepolcro,"Sansepolcro,Tuscany,Italy",9053440,IT,Municipality,Active
9205069,Sturno,"Sturno,Campania,Italy",9053428,IT,Municipality,Active
9205070,Citerna,"Citerna,Umbria,Italy",9053441,IT,Municipality,Active
9205071,Gildone,"Gildone,Molise,Italy",9053435,IT,Municipality,Active
9205072,Cravagliana,"Cravagliana,Piedmont,Italy",9053436,IT,Municipality,Active
9205073,Castagnaro,"Castagnaro,Veneto,Italy",9053442,IT,Municipality,Active
9205074,Villar San Costanzo,"Villar San Costanzo,Piedmont,Italy",9053436,IT,Municipality,Active
9205075,Giavera del Montello,"Giavera del Montello,Veneto,Italy",9053442,IT,Municipality,Active
9205076,Fossacesia,"Fossacesia,Abruzzo,Italy",9053423,IT,Municipality,Active
9205077,Montefano,"Montefano,Marche,Italy",9053434,IT,Municipality,Active
9205078,Sellero,"Sellero,Lombardy,Italy",9053433,IT,Municipality,Active
9205079,Crespiatica,"Crespiatica,Lombardy,Italy",9053433,IT,Municipality,Active
9205080,Curiglia con Monteviasco,"Curiglia con Monteviasco,Lombardy,Italy",9053433,IT,Municipality,Active
9205081,Samassi,"Samassi,Sardinia,Italy",9053437,IT,Municipality,Active
9205082,Varallo Sesia,"Varallo Sesia,Piedmont,Italy",9053436,IT,Municipality,Active
9205083,Zambrone,"Zambrone,Calabria,Italy",9053427,IT,Municipality,Active
9205084,Fontanile,"Fontanile,Piedmont,Italy",9053436,IT,Municipality,Active
9205085,Sarmede,"Sarmede,Veneto,Italy",9053442,IT,Municipality,Active
9205086,Grottole,"Grottole,Basilicata,Italy",9053426,IT,Municipality,Active
9205087,Borgo Velino,"Borgo Velino,Lazio,Italy",9053431,IT,Municipality,Active
9205088,Valmacca,"Valmacca,Piedmont,Italy",9053436,IT,Municipality,Active
9205089,Forcola,"Forcola,Lombardy,Italy",9053433,IT,Municipality,Active
9205090,Talamona,"Talamona,Lombardy,Italy",9053433,IT,Municipality,Active
9205091,San Bernardino Verbano,"San Bernardino Verbano,Piedmont,Italy",9053436,IT,Municipality,Active
9205092,Sovizzo,"Sovizzo,Veneto,Italy",9053442,IT,Municipality,Active
9205093,Terranova dei Passerini,"Terranova dei Passerini,Lombardy,Italy",9053433,IT,Municipality,Active
9205094,Besnate,"Besnate,Lombardy,Italy",9053433,IT,Municipality,Active
9205095,Campoli Appennino,"Campoli Appennino,Lazio,Italy",9053431,IT,Municipality,Active
9205096,Bedizzole,"Bedizzole,Lombardy,Italy",9053433,IT,Municipality,Active
9205097,Morlupo,"Morlupo,Lazio,Italy",9053431,IT,Municipality,Active
9205098,Valfloriana,"Valfloriana,Trentino-South Tyrol,Italy",9053439,IT,Municipality,Active
9205099,San Possidonio,"San Possidonio,Emilia-Romagna,Italy",9053429,IT,Municipality,Active
9205100,Offagna,"Offagna,Marche,Italy",9053434,IT,Municipality,Active
9205101,Pianello Val Tidone,"Pianello Val Tidone,Emilia-Romagna,Italy",9053429,IT,Municipality,Active
9205102,Granozzo con Monticello,"Granozzo con Monticello,Piedmont,Italy",9053436,IT,Municipality,Active
9205103,Vezza d'Oglio,"Vezza d'Oglio,Lombardy,Italy",9053433,IT,Municipality,Active
9205104,Ostra Vetere,"Ostra Vetere,Marche,Italy",9053434,IT,Municipality,Active
9205105,Aci Castello,"Aci Castello,Sicily,Italy",9053438,IT,Municipality,Active
9205106,Valera Fratta,"Valera Fratta,Lombardy,Italy",9053433,IT,Municipality,Active
9205107,Catignano,"Catignano,Abruzzo,Italy",9053423,IT,Municipality,Active
9205108,Primiero San Martino di Castrozza,"Primiero San Martino di Castrozza,Trentino-South Tyrol,Italy",9053439,IT,Municipality,Active
9205109,Caltabellotta,"Caltabellotta,Sicily,Italy",9053438,IT,Municipality,Active
9205110,Gemona del Friuli,"Gemona del Friuli,Friuli-Venezia Giulia,Italy",9053430,IT,Municipality,Active
9205111,Serdiana,"Serdiana,Sardinia,Italy",9053437,IT,Municipality,Active
9205112,Mammola,"Mammola,Calabria,Italy",9053427,IT,Municipality,Active
9205113,Pietravairano,"Pietravairano,Campania,Italy",9053428,IT,Municipality,Active
9205114,Corvino San Quirico,"Corvino San Quirico,Lombardy,Italy",9053433,IT,Municipality,Active
9205115,Silea,"Silea,Veneto,Italy",9053442,IT,Municipality,Active
9205116,Villaurbana,"Villaurbana,Sardinia,Italy",9053437,IT,Municipality,Active
9205117,Boschi Sant'Anna,"Boschi Sant'Anna,Veneto,Italy",9053442,IT,Municipality,Active
9205118,Sfruz,"Sfruz,Trentino-South Tyrol,Italy",9053439,IT,Municipality,Active
9205119,Cadelbosco di Sopra,"Cadelbosco di Sopra,Emilia-Romagna,Italy",9053429,IT,Municipality,Active
9205120,Portoscuso,"Portoscuso,Sardinia,Italy",9053437,IT,Municipality,Active
9205121,Sesto ed Uniti,"Sesto ed Uniti,Lombardy,Italy",9053433,IT,Municipality,Active
9205122,Licodia Eubea,"Licodia Eubea,Sicily,Italy",9053438,IT,Municipality,Active
9205123,Sarsina,"Sarsina,Emilia-Romagna,Italy",9053429,IT,Municipality,Active
9205124,Panicale,"Panicale,Umbria,Italy",9053441,IT,Municipality,Active
9205125,Musei,"Musei,Sardinia,Italy",9053437,IT,Municipality,Active
9205126,Gergei,"Gergei,Sardinia,Italy",9053437,IT,Municipality,Active
9205127,Campoformido,"Campoformido,Friuli-Venezia Giulia,Italy",9053430,IT,Municipality,Active
9205128,Crognaleto,"Crognaleto,Abruzzo,Italy",9053423,IT,Municipality,Active
9205129,Mottola,"Mottola,Apulia,Italy",9053425,IT,Municipality,Active
9205130,Giffone,"Giffone,Calabria,Italy",9053427,IT,Municipality,Active
9205131,Genola,"Genola,Piedmont,Italy",9053436,IT,Municipality,Active
9205132,Casale Monferrato,"Casale Monferrato,Piedmont,Italy",9053436,IT,Municipality,Active
9205133,Savignano sul Rubicone,"Savignano sul Rubicone,Emilia-Romagna,Italy",9053429,IT,Municipality,Active
9205134,Garessio,"Garessio,Piedmont,Italy",9053436,IT,Municipality,Active
9205135,Tribogna,"Tribogna,Liguria,Italy",9053432,IT,Municipality,Active
9205136,Coreglia Ligure,"Coreglia Ligure,Liguria,Italy",9053432,IT,Municipality,Active
9205137,Val di Chy,"Val di Chy,Piedmont,Italy",9053436,IT,Municipality,Active
9205138,Battuda,"Battuda,Lombardy,Italy",9053433,IT,Municipality,Active
9205139,Capizzi,"Capizzi,Sicily,Italy",9053438,IT,Municipality,Active
9205140,Sabbioneta,"Sabbioneta,Lombardy,Italy",9053433,IT,Municipality,Active
9205141,Carasco,"Carasco,Liguria,Italy",9053432,IT,Municipality,Active
9205142,Savigliano,"Savigliano,Piedmont,Italy",9053436,IT,Municipality,Active
9205143,Martellago,"Martellago,Veneto,Italy",9053442,IT,Municipality,Active
9205144,Verres,"Verres,Aosta Valley,Italy",9053424,IT,Municipality,Active
9205145,Grottammare,"Grottammare,Marche,Italy",9053434,IT,Municipality,Active
9205146,Fondi,"Fondi,Lazio,Italy",9053431,IT,Municipality,Active
9205147,Piozzo,"Piozzo,Piedmont,Italy",9053436,IT,Municipality,Active
9205148,Somano,"Somano,Piedmont,Italy",9053436,IT,Municipality,Active
9205149,Bagnatica,"Bagnatica,Lombardy,Italy",9053433,IT,Municipality,Active
9205150,Agna,"Agna,Veneto,Italy",9053442,IT,Municipality,Active
9205151,Barzano,"Barzano,Lombardy,Italy",9053433,IT,Municipality,Active
9205152,Bagnolo Piemonte,"Bagnolo Piemonte,Piedmont,Italy",9053436,IT,Municipality,Active
9205153,Cursi,"Cursi,Apulia,Italy",9053425,IT,Municipality,Active
9205154,Gallarate,"Gallarate,Lombardy,Italy",9053433,IT,Municipality,Active
9205155,Sant'Eufemia a Maiella,"Sant'Eufemia a Maiella,Abruzzo,Italy",9053423,IT,Municipality,Active
9205156,Samarate,"Samarate,Lombardy,Italy",9053433,IT,Municipality,Active
9205157,Pace del Mela,"Pace del Mela,Sicily,Italy",9053438,IT,Municipality,Active
9205158,Novate Milanese,"Novate Milanese,Lombardy,Italy",9053433,IT,Municipality,Active
9205159,Trescore Cremasco,"Trescore Cremasco,Lombardy,Italy",9053433,IT,Municipality,Active
9205160,Vallelaghi,"Vallelaghi,Trentino-South Tyrol,Italy",9053439,IT,Municipality,Active
9205161,Bargagli,"Bargagli,Liguria,Italy",9053432,IT,Municipality,Active
9205162,Ispica,"Ispica,Sicily,Italy",9053438,IT,Municipality,Active
9205163,Gadoni,"Gadoni,Sardinia,Italy",9053437,IT,Municipality,Active
9205164,Inverso Pinasca,"Inverso Pinasca,Piedmont,Italy",9053436,IT,Municipality,Active
9205165,San Massimo,"San Massimo,Molise,Italy",9053435,IT,Municipality,Active
9205166,Drenchia,"Drenchia,Friuli-Venezia Giulia,Italy",9053430,IT,Municipality,Active
9205167,Carbognano,"Carbognano,Lazio,Italy",9053431,IT,Municipality,Active
9205168,Bagaladi,"Bagaladi,Calabria,Italy",9053427,IT,Municipality,Active
9205169,Minerbe,"Minerbe,Veneto,Italy",9053442,IT,Municipality,Active
9205170,Caldes,"Caldes,Trentino-South Tyrol,Italy",9053439,IT,Municipality,Active
9205171,Romano di Lombardia,"Romano di Lombardia,Lombardy,Italy",9053433,IT,Municipality,Active
9205172,Caulonia,"Caulonia,Calabria,Italy",9053427,IT,Municipality,Active
9205173,Cremeno,"Cremeno,Lombardy,Italy",9053433,IT,Municipality,Active
9205174,Frascati,"Frascati,Lazio,Italy",9053431,IT,Municipality,Active
9205175,Vidor,"Vidor,Veneto,Italy",9053442,IT,Municipality,Active
9205176,Novara di Sicilia,"Novara di Sicilia,Sicily,Italy",9053438,IT,Municipality,Active
9205177,San Casciano dei Bagni,"San Casciano dei Bagni,Tuscany,Italy",9053440,IT,Municipality,Active
9205178,Magliano di Tenna,"Magliano di Tenna,Marche,Italy",9053434,IT,Municipality,Active
9205179,Cuvio,"Cuvio,Lombardy,Italy",9053433,IT,Municipality,Active
9205180,Giurdignano,"Giurdignano,Apulia,Italy",9053425,IT,Municipality,Active
9205181,Civitanova Marche,"Civitanova Marche,Marche,Italy",9053434,IT,Municipality,Active
9205182,Castelnuovo Scrivia,"Castelnuovo Scrivia,Piedmont,Italy",9053436,IT,Municipality,Active
9205183,Fenis,"Fenis,Aosta Valley,Italy",9053424,IT,Municipality,Active
9205184,Castiglione Tinella,"Castiglione Tinella,Piedmont,Italy",9053436,IT,Municipality,Active
9205185,Bagni di Lucca,"Bagni di Lucca,Tuscany,Italy",9053440,IT,Municipality,Active
9205186,Gonnostramatza,"Gonnostramatza,Sardinia,Italy",9053437,IT,Municipality,Active
9205187,Armento,"Armento,Basilicata,Italy",9053426,IT,Municipality,Active
9205188,Golasecca,"Golasecca,Lombardy,Italy",9053433,IT,Municipality,Active
9205189,Sover,"Sover,Trentino-South Tyrol,Italy",9053439,IT,Municipality,Active
9205190,Borgo Val di Taro,"Borgo Val di Taro,Emilia-Romagna,Italy",9053429,IT,Municipality,Active
9205191,Zignago,"Zignago,Liguria,Italy",9053432,IT,Municipality,Active
9205192,Bogliasco,"Bogliasco,Liguria,Italy",9053432,IT,Municipality,Active
9205193,Casciana Terme Lari,"Casciana Terme Lari,Tuscany,Italy",9053440,IT,Municipality,Active
9205194,Riva del Po,"Riva del Po,Emilia-Romagna,Italy",9053429,IT,Municipality,Active
9205195,Milis,"Milis,Sardinia,Italy",9053437,IT,Municipality,Active
9205196,Rocca Pietore,"Rocca Pietore,Veneto,Italy",9053442,IT,Municipality,Active
9205197,Casale sul Sile,"Casale sul Sile,Veneto,Italy",9053442,IT,Municipality,Active
9205198,Menconico,"Menconico,Lombardy,Italy",9053433,IT,Municipality,Active
9205199,San Tammaro,"San Tammaro,Campania,Italy",9053428,IT,Municipality,Active
9205200,Mazara del Vallo,"Mazara del Vallo,Sicily,Italy",9053438,IT,Municipality,Active
9205201,Ceppo Morelli,"Ceppo Morelli,Piedmont,Italy",9053436,IT,Municipality,Active
9205202,Levice,"Levice,Piedmont,Italy",9053436,IT,Municipality,Active
9205203,Lettomanoppello,"Lettomanoppello,Abruzzo,Italy",9053423,IT,Municipality,Active
9205204,Larino,"Larino,Molise,Italy",9053435,IT,Municipality,Active
9205205,Longano,"Longano,Molise,Italy",9053435,IT,Municipality,Active
9205206,Predore,"Predore,Lombardy,Italy",9053433,IT,Municipality,Active
9205207,Dovera,"Dovera,Lombardy,Italy",9053433,IT,Municipality,Active
9205208,Mola di Bari,"Mola di Bari,Apulia,Italy",9053425,IT,Municipality,Active
9205209,San Leonardo,"San Leonardo,Friuli-Venezia Giulia,Italy",9053430,IT,Municipality,Active
9205210,Ferriere,"Ferriere,Emilia-Romagna,Italy",9053429,IT,Municipality,Active
9205211,San Bellino,"San Bellino,Veneto,Italy",9053442,IT,Municipality,Active
9205212,San Cassiano,"San Cassiano,Apulia,Italy",9053425,IT,Municipality,Active
9205213,Settimo San Pietro,"Settimo San Pietro,Sardinia,Italy",9053437,IT,Municipality,Active
9205214,Gassino Torinese,"Gassino Torinese,Piedmont,Italy",9053436,IT,Municipality,Active
9205215,Genivolta,"Genivolta,Lombardy,Italy",9053433,IT,Municipality,Active
9205216,Gemonio,"Gemonio,Lombardy,Italy",9053433,IT,Municipality,Active
9205217,Val Masino,"Val Masino,Lombardy,Italy",9053433,IT,Municipality,Active
9205218,Rovere Veronese,"Rovere Veronese,Veneto,Italy",9053442,IT,Municipality,Active
9205219,Carpiano,"Carpiano,Lombardy,Italy",9053433,IT,Municipality,Active
9205220,Ronco Biellese,"Ronco Biellese,Piedmont,Italy",9053436,IT,Municipality,Active
9205221,Acuto,"Acuto,Lazio,Italy",9053431,IT,Municipality,Active
9205222,Busca,"Busca,Piedmont,Italy",9053436,IT,Municipality,Active
9205223,Alagna Valsesia,"Alagna Valsesia,Piedmont,Italy",9053436,IT,Municipality,Active
9205224,Massafra,"Massafra,Apulia,Italy",9053425,IT,Municipality,Active
9205225,Santa Caterina Albanese,"Santa Caterina Albanese,Calabria,Italy",9053427,IT,Municipality,Active
9205226,Mercallo,"Mercallo,Lombardy,Italy",9053433,IT,Municipality,Active
9205227,Sant'Angelo a Fasanella,"Sant'Angelo a Fasanella,Campania,Italy",9053428,IT,Municipality,Active
9205228,Staletti,"Staletti,Calabria,Italy",9053427,IT,Municipality,Active
9205229,Casaletto Spartano,"Casaletto Spartano,Campania,Italy",9053428,IT,Municipality,Active
9205230,Mango,"Mango,Piedmont,Italy",9053436,IT,Municipality,Active
9205231,Castel Focognano,"Castel Focognano,Tuscany,Italy",9053440,IT,Municipality,Active
9205232,Borghi,"Borghi,Emilia-Romagna,Italy",9053429,IT,Municipality,Active
9205233,Fagnano Alto,"Fagnano Alto,Abruzzo,Italy",9053423,IT,Municipality,Active
9205234,Arcidosso,"Arcidosso,Tuscany,Italy",9053440,IT,Municipality,Active
9205235,Borgarello,"Borgarello,Lombardy,Italy",9053433,IT,Municipality,Active
9205236,Scansano,"Scansano,Tuscany,Italy",9053440,IT,Municipality,Active
9205237,Piansano,"Piansano,Lazio,Italy",9053431,IT,Municipality,Active
9205238,Ugento,"Ugento,Apulia,Italy",9053425,IT,Municipality,Active
9205239,San Costanzo,"San Costanzo,Marche,Italy",9053434,IT,Municipality,Active
9205240,Rocchetta Sant'Antonio,"Rocchetta Sant'Antonio,Apulia,Italy",9053425,IT,Municipality,Active
9205241,Ghedi,"Ghedi,Lombardy,Italy",9053433,IT,Municipality,Active
9205242,Maserada sul Piave,"Maserada sul Piave,Veneto,Italy",9053442,IT,Municipality,Active
9205243,Sarnano,"Sarnano,Marche,Italy",9053434,IT,Municipality,Active
9205244,Ranco,"Ranco,Lombardy,Italy",9053433,IT,Municipality,Active
9205245,Lona-Lases,"Lona-Lases,Trentino-South Tyrol,Italy",9053439,IT,Municipality,Active
9205246,Serramezzana,"Serramezzana,Campania,Italy",9053428,IT,Municipality,Active
9205247,Leni,"Leni,Sicily,Italy",9053438,IT,Municipality,Active
9205248,Novella,"Novella,Trentino-South Tyrol,Italy",9053439,IT,Municipality,Active
9205249,Montebello Ionico,"Montebello Ionico,Calabria,Italy",9053427,IT,Municipality,Active
9205250,Castelnovo ne' Monti,"Castelnovo ne' Monti,Emilia-Romagna,Italy",9053429,IT,Municipality,Active
9205251,Marcedusa,"Marcedusa,Calabria,Italy",9053427,IT,Municipality,Active
9205252,Trigolo,"Trigolo,Lombardy,Italy",9053433,IT,Municipality,Active
9205253,Sadali,"Sadali,Sardinia,Italy",9053437,IT,Municipality,Active
9205254,Pogno,"Pogno,Piedmont,Italy",9053436,IT,Municipality,Active
9205255,Rapolano Terme,"Rapolano Terme,Tuscany,Italy",9053440,IT,Municipality,Active
9205256,Rignano sull'Arno,"Rignano sull'Arno,Tuscany,Italy",9053440,IT,Municipality,Active
9205257,Cercola,"Cercola,Campania,Italy",9053428,IT,Municipality,Active
9205258,Ticineto,"Ticineto,Piedmont,Italy",9053436,IT,Municipality,Active
9205259,Vigolzone,"Vigolzone,Emilia-Romagna,Italy",9053429,IT,Municipality,Active
9205260,Val Brembilla,"Val Brembilla,Lombardy,Italy",9053433,IT,Municipality,Active
9205261,Trezzone,"Trezzone,Lombardy,Italy",9053433,IT,Municipality,Active
9205262,Castelfiorentino,"Castelfiorentino,Tuscany,Italy",9053440,IT,Municipality,Active
9205263,Pocenia,"Pocenia,Friuli-Venezia Giulia,Italy",9053430,IT,Municipality,Active
9205264,Siculiana,"Siculiana,Sicily,Italy",9053438,IT,Municipality,Active
9205265,Cerveteri,"Cerveteri,Lazio,Italy",9053431,IT,Municipality,Active
9205266,Cavaglietto,"Cavaglietto,Piedmont,Italy",9053436,IT,Municipality,Active
9205267,Montebello di Bertona,"Montebello di Bertona,Abruzzo,Italy",9053423,IT,Municipality,Active
9205268,Casalmoro,"Casalmoro,Lombardy,Italy",9053433,IT,Municipality,Active
9205269,Camporosso,"Camporosso,Liguria,Italy",9053432,IT,Municipality,Active
9205270,Carpineto Romano,"Carpineto Romano,Lazio,Italy",9053431,IT,Municipality,Active
9205271,Credaro,"Credaro,Lombardy,Italy",9053433,IT,Municipality,Active
9205272,Castelnuovo di Conza,"Castelnuovo di Conza,Campania,Italy",9053428,IT,Municipality,Active
9205273,Pietracamela,"Pietracamela,Abruzzo,Italy",9053423,IT,Municipality,Active
9205274,Gardone Riviera,"Gardone Riviera,Lombardy,Italy",9053433,IT,Municipality,Active
9205275,Perlo,"Perlo,Piedmont,Italy",9053436,IT,Municipality,Active
9205276,Fisciano,"Fisciano,Campania,Italy",9053428,IT,Municipality,Active
9205277,Ameno,"Ameno,Piedmont,Italy",9053436,IT,Municipality,Active
9205278,Pratola Serra,"Pratola Serra,Campania,Italy",9053428,IT,Municipality,Active
9205279,Cittadella,"Cittadella,Veneto,Italy",9053442,IT,Municipality,Active
9205280,Pianello del Lario,"Pianello del Lario,Lombardy,Italy",9053433,IT,Municipality,Active
9205281,Montegallo,"Montegallo,Marche,Italy",9053434,IT,Municipality,Active
9205282,Caporciano,"Caporciano,Abruzzo,Italy",9053423,IT,Municipality,Active
9205283,Bronzolo,"Bronzolo,Trentino-South Tyrol,Italy",9053439,IT,Municipality,Active
9205284,Torre del Greco,"Torre del Greco,Campania,Italy",9053428,IT,Municipality,Active
9205285,Castiglion Fibocchi,"Castiglion Fibocchi,Tuscany,Italy",9053440,IT,Municipality,Active
9205286,Accadia,"Accadia,Apulia,Italy",9053425,IT,Municipality,Active
9205287,Santa Lucia del Mela,"Santa Lucia del Mela,Sicily,Italy",9053438,IT,Municipality,Active
9205288,Vallada Agordina,"Vallada Agordina,Veneto,Italy",9053442,IT,Municipality,Active
9205289,Sestola,"Sestola,Emilia-Romagna,Italy",9053429,IT,Municipality,Active
9205290,Follonica,"Follonica,Tuscany,Italy",9053440,IT,Municipality,Active
9205291,Pietrapertosa,"Pietrapertosa,Basilicata,Italy",9053426,IT,Municipality,Active
9205292,Serramonacesca,"Serramonacesca,Abruzzo,Italy",9053423,IT,Municipality,Active
9205293,Jolanda di Savoia,"Jolanda di Savoia,Emilia-Romagna,Italy",9053429,IT,Municipality,Active
9205294,Buronzo,"Buronzo,Piedmont,Italy",9053436,IT,Municipality,Active
9205295,Villa Santo Stefano,"Villa Santo Stefano,Lazio,Italy",9053431,IT,Municipality,Active
9205296,Fiscaglia,"Fiscaglia,Emilia-Romagna,Italy",9053429,IT,Municipality,Active
9205297,Uscio,"Uscio,Liguria,Italy",9053432,IT,Municipality,Active
9205298,Acquaformosa,"Acquaformosa,Calabria,Italy",9053427,IT,Municipality,Active
9205299,Inverno e Monteleone,"Inverno e Monteleone,Lombardy,Italy",9053433,IT,Municipality,Active
9205300,San Nicola Arcella,"San Nicola Arcella,Calabria,Italy",9053427,IT,Municipality,Active
9205301,Ponte Nizza,"Ponte Nizza,Lombardy,Italy",9053433,IT,Municipality,Active
9205302,Prarolo,"Prarolo,Piedmont,Italy",9053436,IT,Municipality,Active
9205303,Cergnago,"Cergnago,Lombardy,Italy",9053433,IT,Municipality,Active
9205304,Pont-Saint-Martin,"Pont-Saint-Martin,Aosta Valley,Italy",9053424,IT,Municipality,Active
9205305,Sant'Agapito,"Sant'Agapito,Molise,Italy",9053435,IT,Municipality,Active
9205306,Montasola,"Montasola,Lazio,Italy",9053431,IT,Municipality,Active
9205307,Limbiate,"Limbiate,Lombardy,Italy",9053433,IT,Municipality,Active
9205308,Serravalle Scrivia,"Serravalle Scrivia,Piedmont,Italy",9053436,IT,Municipality,Active
9205309,Ripacandida,"Ripacandida,Basilicata,Italy",9053426,IT,Municipality,Active
9205310,Santa Giuletta,"Santa Giuletta,Lombardy,Italy",9053433,IT,Municipality,Active
9205311,Saviano,"Saviano,Campania,Italy",9053428,IT,Municipality,Active
9205312,Cis,"Cis,Trentino-South Tyrol,Italy",9053439,IT,Municipality,Active
9205313,Costacciaro,"Costacciaro,Umbria,Italy",9053441,IT,Municipality,Active
9205314,Dolce,"Dolce,Veneto,Italy",9053442,IT,Municipality,Active
9205315,San Lorenzo Nuovo,"San Lorenzo Nuovo,Lazio,Italy",9053431,IT,Municipality,Active
9205316,Sale,"Sale,Piedmont,Italy",9053436,IT,Municipality,Active
9205317,Setteville,"Setteville,Veneto,Italy",9053442,IT,Municipality,Active
9205318,Panni,"Panni,Apulia,Italy",9053425,IT,Municipality,Active
9205319,Cerisano,"Cerisano,Calabria,Italy",9053427,IT,Municipality,Active
9205320,Cassino,"Cassino,Lazio,Italy",9053431,IT,Municipality,Active
9205321,Aviano,"Aviano,Friuli-Venezia Giulia,Italy",9053430,IT,Municipality,Active
9205322,Monteriggioni,"Monteriggioni,Tuscany,Italy",9053440,IT,Municipality,Active
9205323,Villanova Monteleone,"Villanova Monteleone,Sardinia,Italy",9053437,IT,Municipality,Active
9205324,Cellara,"Cellara,Calabria,Italy",9053427,IT,Municipality,Active
9205325,Vilminore di Scalve,"Vilminore di Scalve,Lombardy,Italy",9053433,IT,Municipality,Active
9205326,Castri di Lecce,"Castri di Lecce,Apulia,Italy",9053425,IT,Municipality,Active
9205327,Torri di Quartesolo,"Torri di Quartesolo,Veneto,Italy",9053442,IT,Municipality,Active
9205328,Guardavalle,"Guardavalle,Calabria,Italy",9053427,IT,Municipality,Active
9205329,Monte San Giacomo,"Monte San Giacomo,Campania,Italy",9053428,IT,Municipality,Active
9205330,Soave,"Soave,Veneto,Italy",9053442,IT,Municipality,Active
9205331,Azeglio,"Azeglio,Piedmont,Italy",9053436,IT,Municipality,Active
9205332,Pertusio,"Pertusio,Piedmont,Italy",9053436,IT,Municipality,Active
9205333,Palagianello,"Palagianello,Apulia,Italy",9053425,IT,Municipality,Active
9205334,Bosco Chiesanuova,"Bosco Chiesanuova,Veneto,Italy",9053442,IT,Municipality,Active
9205335,San Dorligo della Valle,"San Dorligo della Valle,Friuli-Venezia Giulia,Italy",9053430,IT,Municipality,Active
9205336,Alleghe,"Alleghe,Veneto,Italy",9053442,IT,Municipality,Active
9205337,Ozzano Monferrato,"Ozzano Monferrato,Piedmont,Italy",9053436,IT,Municipality,Active
9205338,Monte di Malo,"Monte di Malo,Veneto,Italy",9053442,IT,Municipality,Active
9205339,Pernumia,"Pernumia,Veneto,Italy",9053442,IT,Municipality,Active
9205340,Sesta Godano,"Sesta Godano,Liguria,Italy",9053432,IT,Municipality,Active
9205341,Varmo,"Varmo,Friuli-Venezia Giulia,Italy",9053430,IT,Municipality,Active
9205342,Cocquio-Trevisago,"Cocquio-Trevisago,Lombardy,Italy",9053433,IT,Municipality,Active
9205343,Poggio Mirteto,"Poggio Mirteto,Lazio,Italy",9053431,IT,Municipality,Active
9205344,Turano Lodigiano,"Turano Lodigiano,Lombardy,Italy",9053433,IT,Municipality,Active
9205345,Palazzo Canavese,"Palazzo Canavese,Piedmont,Italy",9053436,IT,Municipality,Active
9205346,Capriva del Friuli,"Capriva del Friuli,Friuli-Venezia Giulia,Italy",9053430,IT,Municipality,Active
9205347,Romana,"Romana,Sardinia,Italy",9053437,IT,Municipality,Active
9205348,Cuglieri,"Cuglieri,Sardinia,Italy",9053437,IT,Municipality,Active
9205349,Briatico,"Briatico,Calabria,Italy",9053427,IT,Municipality,Active
9205350,Coniolo,"Coniolo,Piedmont,Italy",9053436,IT,Municipality,Active
9205351,Buglio in Monte,"Buglio in Monte,Lombardy,Italy",9053433,IT,Municipality,Active
9205352,Pantelleria,"Pantelleria,Sicily,Italy",9053438,IT,Municipality,Active
9205353,Policoro,"Policoro,Basilicata,Italy",9053426,IT,Municipality,Active
9205354,Velo d'Astico,"Velo d'Astico,Veneto,Italy",9053442,IT,Municipality,Active
9205355,Antrodoco,"Antrodoco,Lazio,Italy",9053431,IT,Municipality,Active
9205356,Silvano d'Orba,"Silvano d'Orba,Piedmont,Italy",9053436,IT,Municipality,Active
9205357,San Martino del Lago,"San Martino del Lago,Lombardy,Italy",9053433,IT,Municipality,Active
9205358,Valderice,"Valderice,Sicily,Italy",9053438,IT,Municipality,Active
9205359,Monte Cerignone,"Monte Cerignone,Marche,Italy",9053434,IT,Municipality,Active
9205360,Caltignaga,"Caltignaga,Piedmont,Italy",9053436,IT,Municipality,Active
9205361,Rodello,"Rodello,Piedmont,Italy",9053436,IT,Municipality,Active
9205362,Modugno,"Modugno,Apulia,Italy",9053425,IT,Municipality,Active
9205363,Osasco,"Osasco,Piedmont,Italy",9053436,IT,Municipality,Active
9205364,Rubiera,"Rubiera,Emilia-Romagna,Italy",9053429,IT,Municipality,Active
9205365,Ferrara di Monte Baldo,"Ferrara di Monte Baldo,Veneto,Italy",9053442,IT,Municipality,Active
9205366,Calcinate,"Calcinate,Lombardy,Italy",9053433,IT,Municipality,Active
9205367,Bardonecchia,"Bardonecchia,Piedmont,Italy",9053436,IT,Municipality,Active
9205368,Montecchio Emilia,"Montecchio Emilia,Emilia-Romagna,Italy",9053429,IT,Municipality,Active
9205369,Serina,"Serina,Lombardy,Italy",9053433,IT,Municipality,Active
9205370,Botticino,"Botticino,Lombardy,Italy",9053433,IT,Municipality,Active
9205371,Niederdorf,"Niederdorf,Trentino-South Tyrol,Italy",9053439,IT,Municipality,Active
9205372,Tolentino,"Tolentino,Marche,Italy",9053434,IT,Municipality,Active
9205373,Ginestra degli Schiavoni,"Ginestra degli Schiavoni,Campania,Italy",9053428,IT,Municipality,Active
9205374,Bisuschio,"Bisuschio,Lombardy,Italy",9053433,IT,Municipality,Active
9205375,Boves,"Boves,Piedmont,Italy",9053436,IT,Municipality,Active
9205376,Gaiola,"Gaiola,Piedmont,Italy",9053436,IT,Municipality,Active
9205377,Monticello d'Alba,"Monticello d'Alba,Piedmont,Italy",9053436,IT,Municipality,Active
9205378,Favignana,"Favignana,Sicily,Italy",9053438,IT,Municipality,Active
9205379,Monastero Bormida,"Monastero Bormida,Piedmont,Italy",9053436,IT,Municipality,Active
9205380,Farindola,"Farindola,Abruzzo,Italy",9053423,IT,Municipality,Active
9205381,Santa Caterina dello Ionio,"Santa Caterina dello Ionio,Calabria,Italy",9053427,IT,Municipality,Active
9205382,Forio,"Forio,Campania,Italy",9053428,IT,Municipality,Active
9205383,Montalenghe,"Montalenghe,Piedmont,Italy",9053436,IT,Municipality,Active
9205384,Calascio,"Calascio,Abruzzo,Italy",9053423,IT,Municipality,Active
9205385,Galtelli,"Galtelli,Sardinia,Italy",9053437,IT,Municipality,Active
9205386,Vische,"Vische,Piedmont,Italy",9053436,IT,Municipality,Active
9205387,Spinetoli,"Spinetoli,Marche,Italy",9053434,IT,Municipality,Active
9205388,Buonvicino,"Buonvicino,Calabria,Italy",9053427,IT,Municipality,Active
9205389,Conversano,"Conversano,Apulia,Italy",9053425,IT,Municipality,Active
9205390,Palma di Montechiaro,"Palma di Montechiaro,Sicily,Italy",9053438,IT,Municipality,Active
9205391,Auer,"Auer,Trentino-South Tyrol,Italy",9053439,IT,Municipality,Active
9205392,Costa di Mezzate,"Costa di Mezzate,Lombardy,Italy",9053433,IT,Municipality,Active
9205393,Lapio,"Lapio,Campania,Italy",9053428,IT,Municipality,Active
9205394,Fara in Sabina,"Fara in Sabina,Lazio,Italy",9053431,IT,Municipality,Active
9205395,Valmadrera,"Valmadrera,Lombardy,Italy",9053433,IT,Municipality,Active
9205396,Grottolella,"Grottolella,Campania,Italy",9053428,IT,Municipality,Active
9205397,Montecarlo,"Montecarlo,Tuscany,Italy",9053440,IT,Municipality,Active
9205398,Fratta Todina,"Fratta Todina,Umbria,Italy",9053441,IT,Municipality,Active
9205399,Casier,"Casier,Veneto,Italy",9053442,IT,Municipality,Active
9205400,Varenna,"Varenna,Lombardy,Italy",9053433,IT,Municipality,Active
9205401,Caldiero,"Caldiero,Veneto,Italy",9053442,IT,Municipality,Active
9205402,Montemale di Cuneo,"Montemale di Cuneo,Piedmont,Italy",9053436,IT,Municipality,Active
9205403,Maddaloni,"Maddaloni,Campania,Italy",9053428,IT,Municipality,Active
9205404,Canale,"Canale,Piedmont,Italy",9053436,IT,Municipality,Active
9205405,Talla,"Talla,Tuscany,Italy",9053440,IT,Municipality,Active
9205406,Castelnuovo della Daunia,"Castelnuovo della Daunia,Apulia,Italy",9053425,IT,Municipality,Active
9205407,Bugnara,"Bugnara,Abruzzo,Italy",9053423,IT,Municipality,Active
9205408,Collobiano,"Collobiano,Piedmont,Italy",9053436,IT,Municipality,Active
9205409,San Giovanni Suergiu,"San Giovanni Suergiu,Sardinia,Italy",9053437,IT,Municipality,Active
9205410,Desulo,"Desulo,Sardinia,Italy",9053437,IT,Municipality,Active
9205411,Prato,"Prato,Tuscany,Italy",9053440,IT,Municipality,Active
9205412,Ali,"Ali,Sicily,Italy",9053438,IT,Municipality,Active
9205413,Berbenno,"Berbenno,Lombardy,Italy",9053433,IT,Municipality,Active
9205414,Simala,"Simala,Sardinia,Italy",9053437,IT,Municipality,Active
9205415,Cavargna,"Cavargna,Lombardy,Italy",9053433,IT,Municipality,Active
9205416,Casalnoceto,"Casalnoceto,Piedmont,Italy",9053436,IT,Municipality,Active
9205417,San Salvatore Telesino,"San Salvatore Telesino,Campania,Italy",9053428,IT,Municipality,Active
9205418,Torricella Peligna,"Torricella Peligna,Abruzzo,Italy",9053423,IT,Municipality,Active
9205419,Murisengo,"Murisengo,Piedmont,Italy",9053436,IT,Municipality,Active
9205420,Rialto,"Rialto,Liguria,Italy",9053432,IT,Municipality,Active
9205421,Dernice,"Dernice,Piedmont,Italy",9053436,IT,Municipality,Active
9205422,Garaguso,"Garaguso,Basilicata,Italy",9053426,IT,Municipality,Active
9205423,San Pietro in Cariano,"San Pietro in Cariano,Veneto,Italy",9053442,IT,Municipality,Active
9205424,San Paolo di Jesi,"San Paolo di Jesi,Marche,Italy",9053434,IT,Municipality,Active
9205425,Palmas Arborea,"Palmas Arborea,Sardinia,Italy",9053437,IT,Municipality,Active
9205426,Castrofilippo,"Castrofilippo,Sicily,Italy",9053438,IT,Municipality,Active
9205427,Gandino,"Gandino,Lombardy,Italy",9053433,IT,Municipality,Active
9205428,Remanzacco,"Remanzacco,Friuli-Venezia Giulia,Italy",9053430,IT,Municipality,Active
9205429,Casalanguida,"Casalanguida,Abruzzo,Italy",9053423,IT,Municipality,Active
9205430,Monteverde,"Monteverde,Campania,Italy",9053428,IT,Municipality,Active
9205431,Roccamontepiano,"Roccamontepiano,Abruzzo,Italy",9053423,IT,Municipality,Active
9205432,Sant'Urbano,"Sant'Urbano,Veneto,Italy",9053442,IT,Municipality,Active
9205433,Lubriano,"Lubriano,Lazio,Italy",9053431,IT,Municipality,Active
9205434,Dogliola,"Dogliola,Abruzzo,Italy",9053423,IT,Municipality,Active
9205435,Floresta,"Floresta,Sicily,Italy",9053438,IT,Municipality,Active
9205436,Pagno,"Pagno,Piedmont,Italy",9053436,IT,Municipality,Active
9205437,Montefiore Conca,"Montefiore Conca,Emilia-Romagna,Italy",9053429,IT,Municipality,Active
9205438,Marcellinara,"Marcellinara,Calabria,Italy",9053427,IT,Municipality,Active
9205439,Casal Cermelli,"Casal Cermelli,Piedmont,Italy",9053436,IT,Municipality,Active
9205440,Cotignola,"Cotignola,Emilia-Romagna,Italy",9053429,IT,Municipality,Active
9205441,Segrate,"Segrate,Lombardy,Italy",9053433,IT,Municipality,Active
9205442,Castel Campagnano,"Castel Campagnano,Campania,Italy",9053428,IT,Municipality,Active
9205443,Laurein,"Laurein,Trentino-South Tyrol,Italy",9053439,IT,Municipality,Active
9205444,Paroldo,"Paroldo,Piedmont,Italy",9053436,IT,Municipality,Active
9205445,Maglione,"Maglione,Piedmont,Italy",9053436,IT,Municipality,Active
9205446,Gambasca,"Gambasca,Piedmont,Italy",9053436,IT,Municipality,Active
9205447,Cavallino,"Cavallino,Apulia,Italy",9053425,IT,Municipality,Active
9205448,Fobello,"Fobello,Piedmont,Italy",9053436,IT,Municipality,Active
9205449,Salerano sul Lambro,"Salerano sul Lambro,Lombardy,Italy",9053433,IT,Municipality,Active
9205450,Marcignago,"Marcignago,Lombardy,Italy",9053433,IT,Municipality,Active
9205451,Poggio Picenze,"Poggio Picenze,Abruzzo,Italy",9053423,IT,Municipality,Active
9205452,Badia,"Badia,Trentino-South Tyrol,Italy",9053439,IT,Municipality,Active
9205453,Pieve di Soligo,"Pieve di Soligo,Veneto,Italy",9053442,IT,Municipality,Active
9205454,Levone,"Levone,Piedmont,Italy",9053436,IT,Municipality,Active
9205455,Grosio,"Grosio,Lombardy,Italy",9053433,IT,Municipality,Active
9205456,Chiaromonte,"Chiaromonte,Basilicata,Italy",9053426,IT,Municipality,Active
9205457,Comignago,"Comignago,Piedmont,Italy",9053436,IT,Municipality,Active
9205458,Uzzano,"Uzzano,Tuscany,Italy",9053440,IT,Municipality,Active
9205459,Cadoneghe,"Cadoneghe,Veneto,Italy",9053442,IT,Municipality,Active
9205460,Zagarolo,"Zagarolo,Lazio,Italy",9053431,IT,Municipality,Active
9205461,Leffe,"Leffe,Lombardy,Italy",9053433,IT,Municipality,Active
9205462,Solero,"Solero,Piedmont,Italy",9053436,IT,Municipality,Active
9205463,Cornegliano Laudense,"Cornegliano Laudense,Lombardy,Italy",9053433,IT,Municipality,Active
9205464,Montaldo di Mondovi,"Montaldo di Mondovi,Piedmont,Italy",9053436,IT,Municipality,Active
9205465,Buonalbergo,"Buonalbergo,Campania,Italy",9053428,IT,Municipality,Active
9205466,Teti,"Teti,Sardinia,Italy",9053437,IT,Municipality,Active
9205467,Mottalciata,"Mottalciata,Piedmont,Italy",9053436,IT,Municipality,Active
9205468,Piazzatorre,"Piazzatorre,Lombardy,Italy",9053433,IT,Municipality,Active
9205469,Soiano del Lago,"Soiano del Lago,Lombardy,Italy",9053433,IT,Municipality,Active
9205470,Cellere,"Cellere,Lazio,Italy",9053431,IT,Municipality,Active
9205471,Monterubbiano,"Monterubbiano,Marche,Italy",9053434,IT,Municipality,Active
9205472,Poli,"Poli,Lazio,Italy",9053431,IT,Municipality,Active
9205473,Pomarance,"Pomarance,Tuscany,Italy",9053440,IT,Municipality,Active
9205474,Quadri,"Quadri,Abruzzo,Italy",9053423,IT,Municipality,Active
9205475,San Lorenzo,"San Lorenzo,Calabria,Italy",9053427,IT,Municipality,Active
9205476,Moiola,"Moiola,Piedmont,Italy",9053436,IT,Municipality,Active
9205477,Selci,"Selci,Lazio,Italy",9053431,IT,Municipality,Active
9205478,Lisciano Niccone,"Lisciano Niccone,Umbria,Italy",9053441,IT,Municipality,Active
9205479,Force,"Force,Marche,Italy",9053434,IT,Municipality,Active
9205480,Ovindoli,"Ovindoli,Abruzzo,Italy",9053423,IT,Municipality,Active
9205481,Azzanello,"Azzanello,Lombardy,Italy",9053433,IT,Municipality,Active
9205482,Mandela,"Mandela,Lazio,Italy",9053431,IT,Municipality,Active
9205483,Capriata d'Orba,"Capriata d'Orba,Piedmont,Italy",9053436,IT,Municipality,Active
9205484,Uggiano la Chiesa,"Uggiano la Chiesa,Apulia,Italy",9053425,IT,Municipality,Active
9205485,San Benedetto Po,"San Benedetto Po,Lombardy,Italy",9053433,IT,Municipality,Active
9205486,Saponara,"Saponara,Sicily,Italy",9053438,IT,Municipality,Active
9205487,Castelli Calepio,"Castelli Calepio,Lombardy,Italy",9053433,IT,Municipality,Active
9205488,Casalnuovo Monterotaro,"Casalnuovo Monterotaro,Apulia,Italy",9053425,IT,Municipality,Active
9205489,Pramollo,"Pramollo,Piedmont,Italy",9053436,IT,Municipality,Active
9205490,Cologne,"Cologne,Lombardy,Italy",9053433,IT,Municipality,Active
9205491,Balmuccia,"Balmuccia,Piedmont,Italy",9053436,IT,Municipality,Active
9205492,Revigliasco d'Asti,"Revigliasco d'Asti,Piedmont,Italy",9053436,IT,Municipality,Active
9205493,Ploaghe,"Ploaghe,Sardinia,Italy",9053437,IT,Municipality,Active
9205494,San Gregorio Matese,"San Gregorio Matese,Campania,Italy",9053428,IT,Municipality,Active
9205495,Mirto,"Mirto,Sicily,Italy",9053438,IT,Municipality,Active
9205496,Cotronei,"Cotronei,Calabria,Italy",9053427,IT,Municipality,Active
9205497,Latisana,"Latisana,Friuli-Venezia Giulia,Italy",9053430,IT,Municipality,Active
9205498,Porpetto,"Porpetto,Friuli-Venezia Giulia,Italy",9053430,IT,Municipality,Active
9205499,San Marco in Lamis,"San Marco in Lamis,Apulia,Italy",9053425,IT,Municipality,Active
9205500,Arba,"Arba,Friuli-Venezia Giulia,Italy",9053430,IT,Municipality,Active
9205501,Bressana Bottarone,"Bressana Bottarone,Lombardy,Italy",9053433,IT,Municipality,Active
9205502,Ciampino,"Ciampino,Lazio,Italy",9053431,IT,Municipality,Active
9205503,San Giovanni Bianco,"San Giovanni Bianco,Lombardy,Italy",9053433,IT,Municipality,Active
9205504,Rivamonte Agordino,"Rivamonte Agordino,Veneto,Italy",9053442,IT,Municipality,Active
9205505,Rotzo,"Rotzo,Veneto,Italy",9053442,IT,Municipality,Active
9205506,Trecastagni,"Trecastagni,Sicily,Italy",9053438,IT,Municipality,Active
9205507,Rhemes-Saint-Georges,"Rhemes-Saint-Georges,Aosta Valley,Italy",9053424,IT,Municipality,Active
9205508,Pacentro,"Pacentro,Abruzzo,Italy",9053423,IT,Municipality,Active
9205509,Armo,"Armo,Liguria,Italy",9053432,IT,Municipality,Active
9205510,Mesero,"Mesero,Lombardy,Italy",9053433,IT,Municipality,Active
9205511,Albonese,"Albonese,Lombardy,Italy",9053433,IT,Municipality,Active
9205512,Cesinali,"Cesinali,Campania,Italy",9053428,IT,Municipality,Active
9205513,Vieste,"Vieste,Apulia,Italy",9053425,IT,Municipality,Active
9205514,Sini,"Sini,Sardinia,Italy",9053437,IT,Municipality,Active
9205515,Costa Vescovato,"Costa Vescovato,Piedmont,Italy",9053436,IT,Municipality,Active
9205516,Roccamena,"Roccamena,Sicily,Italy",9053438,IT,Municipality,Active
9205517,Calco,"Calco,Lombardy,Italy",9053433,IT,Municipality,Active
9205518,Vestenanova,"Vestenanova,Veneto,Italy",9053442,IT,Municipality,Active
9205519,Corneliano d'Alba,"Corneliano d'Alba,Piedmont,Italy",9053436,IT,Municipality,Active
9205520,Nole,"Nole,Piedmont,Italy",9053436,IT,Municipality,Active
9205521,Milzano,"Milzano,Lombardy,Italy",9053433,IT,Municipality,Active
9205522,San Marcello,"San Marcello,Marche,Italy",9053434,IT,Municipality,Active
9205523,Bollengo,"Bollengo,Piedmont,Italy",9053436,IT,Municipality,Active
9205524,Termoli,"Termoli,Molise,Italy",9053435,IT,Municipality,Active
9205525,Brugine,"Brugine,Veneto,Italy",9053442,IT,Municipality,Active
9205526,Sedrina,"Sedrina,Lombardy,Italy",9053433,IT,Municipality,Active
9205527,Manerba del Garda,"Manerba del Garda,Lombardy,Italy",9053433,IT,Municipality,Active
9205528,Gropello Cairoli,"Gropello Cairoli,Lombardy,Italy",9053433,IT,Municipality,Active
9205529,Cadrezzate con Osmate,"Cadrezzate con Osmate,Lombardy,Italy",9053433,IT,Municipality,Active
9205530,Paisco Loveno,"Paisco Loveno,Lombardy,Italy",9053433,IT,Municipality,Active
9205531,Pescolanciano,"Pescolanciano,Molise,Italy",9053435,IT,Municipality,Active
9205532,Lizzano in Belvedere,"Lizzano in Belvedere,Emilia-Romagna,Italy",9053429,IT,Municipality,Active
9205533,Rocchetta di Vara,"Rocchetta di Vara,Liguria,Italy",9053432,IT,Municipality,Active
9205534,Varsi,"Varsi,Emilia-Romagna,Italy",9053429,IT,Municipality,Active
9205535,Brembio,"Brembio,Lombardy,Italy",9053433,IT,Municipality,Active
9205536,Villa Basilica,"Villa Basilica,Tuscany,Italy",9053440,IT,Municipality,Active
9205537,Spresiano,"Spresiano,Veneto,Italy",9053442,IT,Municipality,Active
9205538,Marino,"Marino,Lazio,Italy",9053431,IT,Municipality,Active
9205539,Santa Luce,"Santa Luce,Tuscany,Italy",9053440,IT,Municipality,Active
9205540,Pieve Ligure,"Pieve Ligure,Liguria,Italy",9053432,IT,Municipality,Active
9205541,Piuro,"Piuro,Lombardy,Italy",9053433,IT,Municipality,Active
9205542,Pontirolo Nuovo,"Pontirolo Nuovo,Lombardy,Italy",9053433,IT,Municipality,Active
9205543,Scicli,"Scicli,Sicily,Italy",9053438,IT,Municipality,Active
9205544,Mompeo,"Mompeo,Lazio,Italy",9053431,IT,Municipality,Active
9205545,Nus,"Nus,Aosta Valley,Italy",9053424,IT,Municipality,Active
9205546,Sgurgola,"Sgurgola,Lazio,Italy",9053431,IT,Municipality,Active
9205547,Villata,"Villata,Piedmont,Italy",9053436,IT,Municipality,Active
9205548,Filottrano,"Filottrano,Marche,Italy",9053434,IT,Municipality,Active
9205549,Fontecchio,"Fontecchio,Abruzzo,Italy",9053423,IT,Municipality,Active
9205550,Aymavilles,"Aymavilles,Aosta Valley,Italy",9053424,IT,Municipality,Active
9205551,Arre,"Arre,Veneto,Italy",9053442,IT,Municipality,Active
9205552,Santadi,"Santadi,Sardinia,Italy",9053437,IT,Municipality,Active
9205553,Civezzano,"Civezzano,Trentino-South Tyrol,Italy",9053439,IT,Municipality,Active
9205554,Zafferana Etnea,"Zafferana Etnea,Sicily,Italy",9053438,IT,Municipality,Active
9205555,Villa del Conte,"Villa del Conte,Veneto,Italy",9053442,IT,Municipality,Active
9205556,Sovramonte,"Sovramonte,Veneto,Italy",9053442,IT,Municipality,Active
9205557,Castana,"Castana,Lombardy,Italy",9053433,IT,Municipality,Active
9205558,Trissino,"Trissino,Veneto,Italy",9053442,IT,Municipality,Active
9205559,Muhlwald,"Muhlwald,Trentino-South Tyrol,Italy",9053439,IT,Municipality,Active
9205560,Cormons,"Cormons,Friuli-Venezia Giulia,Italy",9053430,IT,Municipality,Active
9205561,Novi Velia,"Novi Velia,Campania,Italy",9053428,IT,Municipality,Active
9205562,Turania,"Turania,Lazio,Italy",9053431,IT,Municipality,Active
9205563,San Vincenzo Valle Roveto,"San Vincenzo Valle Roveto,Abruzzo,Italy",9053423,IT,Municipality,Active
9205564,Feroleto Antico,"Feroleto Antico,Calabria,Italy",9053427,IT,Municipality,Active
9205565,Domus de Maria,"Domus de Maria,Sardinia,Italy",9053437,IT,Municipality,Active
9205566,Collinas,"Collinas,Sardinia,Italy",9053437,IT,Municipality,Active
9205567,Chiusa Sclafani,"Chiusa Sclafani,Sicily,Italy",9053438,IT,Municipality,Active
9205568,Faggiano,"Faggiano,Apulia,Italy",9053425,IT,Municipality,Active
9205569,Fragneto Monforte,"Fragneto Monforte,Campania,Italy",9053428,IT,Municipality,Active
9205570,Siziano,"Siziano,Lombardy,Italy",9053433,IT,Municipality,Active
9205571,Cavaso del Tomba,"Cavaso del Tomba,Veneto,Italy",9053442,IT,Municipality,Active
9205572,Francavilla Fontana,"Francavilla Fontana,Apulia,Italy",9053425,IT,Municipality,Active
9205573,Pieve a Nievole,"Pieve a Nievole,Tuscany,Italy",9053440,IT,Municipality,Active
9205574,Scillato,"Scillato,Sicily,Italy",9053438,IT,Municipality,Active
9205575,Suzzara,"Suzzara,Lombardy,Italy",9053433,IT,Municipality,Active
9205576,Ventimiglia,"Ventimiglia,Liguria,Italy",9053432,IT,Municipality,Active
9205577,Pietranico,"Pietranico,Abruzzo,Italy",9053423,IT,Municipality,Active
9205578,Bornasco,"Bornasco,Lombardy,Italy",9053433,IT,Municipality,Active
9205579,Pescosansonesco,"Pescosansonesco,Abruzzo,Italy",9053423,IT,Municipality,Active
9205580,Sigillo,"Sigillo,Umbria,Italy",9053441,IT,Municipality,Active
9205581,Agnana Calabra,"Agnana Calabra,Calabria,Italy",9053427,IT,Municipality,Active
9205582,Calopezzati,"Calopezzati,Calabria,Italy",9053427,IT,Municipality,Active
9205583,Druento,"Druento,Piedmont,Italy",9053436,IT,Municipality,Active
9205584,Oliveto Lario,"Oliveto Lario,Lombardy,Italy",9053433,IT,Municipality,Active
9205585,Serle,"Serle,Lombardy,Italy",9053433,IT,Municipality,Active
9205586,Rezzago,"Rezzago,Lombardy,Italy",9053433,IT,Municipality,Active
9205587,Anzola dell'Emilia,"Anzola dell'Emilia,Emilia-Romagna,Italy",9053429,IT,Municipality,Active
9205588,San Gemini,"San Gemini,Umbria,Italy",9053441,IT,Municipality,Active
9205589,Ossona,"Ossona,Lombardy,Italy",9053433,IT,Municipality,Active
9205590,Cappella de' Picenardi,"Cappella de' Picenardi,Lombardy,Italy",9053433,IT,Municipality,Active
9205591,Pove del Grappa,"Pove del Grappa,Veneto,Italy",9053442,IT,Municipality,Active
9205592,Alonte,"Alonte,Veneto,Italy",9053442,IT,Municipality,Active
9205593,Piobesi d'Alba,"Piobesi d'Alba,Piedmont,Italy",9053436,IT,Municipality,Active
9205594,Binetto,"Binetto,Apulia,Italy",9053425,IT,Municipality,Active
9205595,Monte Sant'Angelo,"Monte Sant'Angelo,Apulia,Italy",9053425,IT,Municipality,Active
9205596,Formazza,"Formazza,Piedmont,Italy",9053436,IT,Municipality,Active
9205597,Balsorano,"Balsorano,Abruzzo,Italy",9053423,IT,Municipality,Active
9205598,Cerreto Sannita,"Cerreto Sannita,Campania,Italy",9053428,IT,Municipality,Active
9205599,Stazzema,"Stazzema,Tuscany,Italy",9053440,IT,Municipality,Active
9205600,Arcore,"Arcore,Lombardy,Italy",9053433,IT,Municipality,Active
9205601,Pietrasanta,"Pietrasanta,Tuscany,Italy",9053440,IT,Municipality,Active
9205602,Galzignano Terme,"Galzignano Terme,Veneto,Italy",9053442,IT,Municipality,Active
9205603,Roncegno Terme,"Roncegno Terme,Trentino-South Tyrol,Italy",9053439,IT,Municipality,Active
9205604,Gambassi Terme,"Gambassi Terme,Tuscany,Italy",9053440,IT,Municipality,Active
9205605,Castelfranco Piandisco,"Castelfranco Piandisco,Tuscany,Italy",9053440,IT,Municipality,Active
9205606,Borgo a Mozzano,"Borgo a Mozzano,Tuscany,Italy",9053440,IT,Municipality,Active
9205607,Villa d'Ogna,"Villa d'Ogna,Lombardy,Italy",9053433,IT,Municipality,Active
9205608,Castel Morrone,"Castel Morrone,Campania,Italy",9053428,IT,Municipality,Active
9205609,Cencenighe Agordino,"Cencenighe Agordino,Veneto,Italy",9053442,IT,Municipality,Active
9205610,Gornate-Olona,"Gornate-Olona,Lombardy,Italy",9053433,IT,Municipality,Active
9205611,Livraga,"Livraga,Lombardy,Italy",9053433,IT,Municipality,Active
9205612,Candelo,"Candelo,Piedmont,Italy",9053436,IT,Municipality,Active
9205613,Guagnano,"Guagnano,Apulia,Italy",9053425,IT,Municipality,Active
9205614,Ariccia,"Ariccia,Lazio,Italy",9053431,IT,Municipality,Active
9205615,Valbrevenna,"Valbrevenna,Liguria,Italy",9053432,IT,Municipality,Active
9205616,Sant'Orsola Terme,"Sant'Orsola Terme,Trentino-South Tyrol,Italy",9053439,IT,Municipality,Active
9205617,Santa Croce del Sannio,"Santa Croce del Sannio,Campania,Italy",9053428,IT,Municipality,Active
9205618,Mottafollone,"Mottafollone,Calabria,Italy",9053427,IT,Municipality,Active
9205619,Monte Vidon Corrado,"Monte Vidon Corrado,Marche,Italy",9053434,IT,Municipality,Active
9205620,Galliate,"Galliate,Piedmont,Italy",9053436,IT,Municipality,Active
9205621,Caneva,"Caneva,Friuli-Venezia Giulia,Italy",9053430,IT,Municipality,Active
9205622,Almenno San Salvatore,"Almenno San Salvatore,Lombardy,Italy",9053433,IT,Municipality,Active
9205623,Ardore,"Ardore,Calabria,Italy",9053427,IT,Municipality,Active
9205624,Morbegno,"Morbegno,Lombardy,Italy",9053433,IT,Municipality,Active
9205625,Civo,"Civo,Lombardy,Italy",9053433,IT,Municipality,Active
9205626,Monterosso Grana,"Monterosso Grana,Piedmont,Italy",9053436,IT,Municipality,Active
9205627,Treviso,"Treviso,Veneto,Italy",9053442,IT,Municipality,Active
9205628,Eppan an der Weinstrasse,"Eppan an der Weinstrasse,Trentino-South Tyrol,Italy",9053439,IT,Municipality,Active
9205629,Osio Sotto,"Osio Sotto,Lombardy,Italy",9053433,IT,Municipality,Active
9205630,Brondello,"Brondello,Piedmont,Italy",9053436,IT,Municipality,Active
9205631,Castiglione delle Stiviere,"Castiglione delle Stiviere,Lombardy,Italy",9053433,IT,Municipality,Active
9205632,Palmiano,"Palmiano,Marche,Italy",9053434,IT,Municipality,Active
9205633,Villadossola,"Villadossola,Piedmont,Italy",9053436,IT,Municipality,Active
9205634,Ribordone,"Ribordone,Piedmont,Italy",9053436,IT,Municipality,Active
9205635,Montagna in Valtellina,"Montagna in Valtellina,Lombardy,Italy",9053433,IT,Municipality,Active
9205636,Provaglio d'Iseo,"Provaglio d'Iseo,Lombardy,Italy",9053433,IT,Municipality,Active
9205637,Golfo Aranci,"Golfo Aranci,Sardinia,Italy",9053437,IT,Municipality,Active
9205638,Villanova d'Ardenghi,"Villanova d'Ardenghi,Lombardy,Italy",9053433,IT,Municipality,Active
9205639,Castelnuovo Calcea,"Castelnuovo Calcea,Piedmont,Italy",9053436,IT,Municipality,Active
9205640,Prignano Cilento,"Prignano Cilento,Campania,Italy",9053428,IT,Municipality,Active
9205641,Badalucco,"Badalucco,Liguria,Italy",9053432,IT,Municipality,Active
9205642,Monteiasi,"Monteiasi,Apulia,Italy",9053425,IT,Municipality,Active
9205643,Brusaporto,"Brusaporto,Lombardy,Italy",9053433,IT,Municipality,Active
9205644,Caltavuturo,"Caltavuturo,Sicily,Italy",9053438,IT,Municipality,Active
9205645,Sennori,"Sennori,Sardinia,Italy",9053437,IT,Municipality,Active
9205646,Pontinvrea,"Pontinvrea,Liguria,Italy",9053432,IT,Municipality,Active
9205647,Vigliano Biellese,"Vigliano Biellese,Piedmont,Italy",9053436,IT,Municipality,Active
9205648,Ripalta Cremasca,"Ripalta Cremasca,Lombardy,Italy",9053433,IT,Municipality,Active
9205649,Liberi,"Liberi,Campania,Italy",9053428,IT,Municipality,Active
9205650,Cintano,"Cintano,Piedmont,Italy",9053436,IT,Municipality,Active
9205651,Cesana Brianza,"Cesana Brianza,Lombardy,Italy",9053433,IT,Municipality,Active
9205652,Roletto,"Roletto,Piedmont,Italy",9053436,IT,Municipality,Active
9205653,Redavalle,"Redavalle,Lombardy,Italy",9053433,IT,Municipality,Active
9205654,Neviano,"Neviano,Apulia,Italy",9053425,IT,Municipality,Active
9205655,Santa Flavia,"Santa Flavia,Sicily,Italy",9053438,IT,Municipality,Active
9205656,Santo Stefano d'Aveto,"Santo Stefano d'Aveto,Liguria,Italy",9053432,IT,Municipality,Active
9205657,Carapelle Calvisio,"Carapelle Calvisio,Abruzzo,Italy",9053423,IT,Municipality,Active
9205658,Dogna,"Dogna,Friuli-Venezia Giulia,Italy",9053430,IT,Municipality,Active
9205659,Blufi,"Blufi,Sicily,Italy",9053438,IT,Municipality,Active
9205660,Neive,"Neive,Piedmont,Italy",9053436,IT,Municipality,Active
9205661,Solarolo Rainerio,"Solarolo Rainerio,Lombardy,Italy",9053433,IT,Municipality,Active
9205662,San Carlo Canavese,"San Carlo Canavese,Piedmont,Italy",9053436,IT,Municipality,Active
9205663,Cervere,"Cervere,Piedmont,Italy",9053436,IT,Municipality,Active
9205664,San Sebastiano Curone,"San Sebastiano Curone,Piedmont,Italy",9053436,IT,Municipality,Active
9205665,Ronca,"Ronca,Veneto,Italy",9053442,IT,Municipality,Active
9205666,Belvedere di Spinello,"Belvedere di Spinello,Calabria,Italy",9053427,IT,Municipality,Active
9205667,Alcara li Fusi,"Alcara li Fusi,Sicily,Italy",9053438,IT,Municipality,Active
9205668,Vauda Canavese,"Vauda Canavese,Piedmont,Italy",9053436,IT,Municipality,Active
9205669,Sogliano Cavour,"Sogliano Cavour,Apulia,Italy",9053425,IT,Municipality,Active
9205670,Alice Bel Colle,"Alice Bel Colle,Piedmont,Italy",9053436,IT,Municipality,Active
9205671,Trani,"Trani,Apulia,Italy",9053425,IT,Municipality,Active
9205672,Rogolo,"Rogolo,Lombardy,Italy",9053433,IT,Municipality,Active
9205673,Chiusi della Verna,"Chiusi della Verna,Tuscany,Italy",9053440,IT,Municipality,Active
9205674,Pecetto Torinese,"Pecetto Torinese,Piedmont,Italy",9053436,IT,Municipality,Active
9205675,San Giorgio Monferrato,"San Giorgio Monferrato,Piedmont,Italy",9053436,IT,Municipality,Active
9205676,Pietrarubbia,"Pietrarubbia,Marche,Italy",9053434,IT,Municipality,Active
9205677,Burago di Molgora,"Burago di Molgora,Lombardy,Italy",9053433,IT,Municipality,Active
9205678,Vittuone,"Vittuone,Lombardy,Italy",9053433,IT,Municipality,Active
9205679,Bagnara di Romagna,"Bagnara di Romagna,Emilia-Romagna,Italy",9053429,IT,Municipality,Active
9205680,Longobardi,"Longobardi,Calabria,Italy",9053427,IT,Municipality,Active
9205681,Linarolo,"Linarolo,Lombardy,Italy",9053433,IT,Municipality,Active
9205682,Songavazzo,"Songavazzo,Lombardy,Italy",9053433,IT,Municipality,Active
9205683,Manduria,"Manduria,Apulia,Italy",9053425,IT,Municipality,Active
9205684,Acerno,"Acerno,Campania,Italy",9053428,IT,Municipality,Active
9205685,Vertova,"Vertova,Lombardy,Italy",9053433,IT,Municipality,Active
9205686,Narbolia,"Narbolia,Sardinia,Italy",9053437,IT,Municipality,Active
9205687,Fiastra,"Fiastra,Marche,Italy",9053434,IT,Municipality,Active
9205688,Villaspeciosa,"Villaspeciosa,Sardinia,Italy",9053437,IT,Municipality,Active
9205689,Candidoni,"Candidoni,Calabria,Italy",9053427,IT,Municipality,Active
9205690,Castelvetere sul Calore,"Castelvetere sul Calore,Campania,Italy",9053428,IT,Municipality,Active
9205691,Benna,"Benna,Piedmont,Italy",9053436,IT,Municipality,Active
9205692,Sgonico,"Sgonico,Friuli-Venezia Giulia,Italy",9053430,IT,Municipality,Active
9205693,Gualdo,"Gualdo,Marche,Italy",9053434,IT,Municipality,Active
9205694,Tenno,"Tenno,Trentino-South Tyrol,Italy",9053439,IT,Municipality,Active
9205695,Pettenasco,"Pettenasco,Piedmont,Italy",9053436,IT,Municipality,Active
9205696,Stornara,"Stornara,Apulia,Italy",9053425,IT,Municipality,Active
9205697,Gorga,"Gorga,Lazio,Italy",9053431,IT,Municipality,Active
9205698,Scopello,"Scopello,Piedmont,Italy",9053436,IT,Municipality,Active
9205699,Cipressa,"Cipressa,Liguria,Italy",9053432,IT,Municipality,Active
9205700,Battaglia Terme,"Battaglia Terme,Veneto,Italy",9053442,IT,Municipality,Active
9205701,Piana degli Albanesi,"Piana degli Albanesi,Sicily,Italy",9053438,IT,Municipality,Active
9205702,Canossa,"Canossa,Emilia-Romagna,Italy",9053429,IT,Municipality,Active
9205703,Cerreto d'Esi,"Cerreto d'Esi,Marche,Italy",9053434,IT,Municipality,Active
9205704,Erchie,"Erchie,Apulia,Italy",9053425,IT,Municipality,Active
9205705,Lugo,"Lugo,Emilia-Romagna,Italy",9053429,IT,Municipality,Active
9205706,Jenne,"Jenne,Lazio,Italy",9053431,IT,Municipality,Active
9205707,Castello Tesino,"Castello Tesino,Trentino-South Tyrol,Italy",9053439,IT,Municipality,Active
9205708,Calliano,"Calliano,Trentino-South Tyrol,Italy",9053439,IT,Municipality,Active
9205709,Santena,"Santena,Piedmont,Italy",9053436,IT,Municipality,Active
9205710,Lavello,"Lavello,Basilicata,Italy",9053426,IT,Municipality,Active
9205711,Bellusco,"Bellusco,Lombardy,Italy",9053433,IT,Municipality,Active
9205712,Castello Cabiaglio,"Castello Cabiaglio,Lombardy,Italy",9053433,IT,Municipality,Active
9205713,Nizza di Sicilia,"Nizza di Sicilia,Sicily,Italy",9053438,IT,Municipality,Active
9205714,Vignola,"Vignola,Emilia-Romagna,Italy",9053429,IT,Municipality,Active
9205715,Puglianello,"Puglianello,Campania,Italy",9053428,IT,Municipality,Active
9205716,Lunano,"Lunano,Marche,Italy",9053434,IT,Municipality,Active
9205717,Montenero di Bisaccia,"Montenero di Bisaccia,Molise,Italy",9053435,IT,Municipality,Active
9205718,Tavazzano con Villavesco,"Tavazzano con Villavesco,Lombardy,Italy",9053433,IT,Municipality,Active
9205719,Riolunato,"Riolunato,Emilia-Romagna,Italy",9053429,IT,Municipality,Active
9205720,Castelfranco di Sotto,"Castelfranco di Sotto,Tuscany,Italy",9053440,IT,Municipality,Active
9205721,Gagliole,"Gagliole,Marche,Italy",9053434,IT,Municipality,Active
9205722,Grammichele,"Grammichele,Sicily,Italy",9053438,IT,Municipality,Active
9205723,Bossolasco,"Bossolasco,Piedmont,Italy",9053436,IT,Municipality,Active
9205724,Trentinara,"Trentinara,Campania,Italy",9053428,IT,Municipality,Active
9205725,Corleto Perticara,"Corleto Perticara,Basilicata,Italy",9053426,IT,Municipality,Active
9205726,Castellana Sicula,"Castellana Sicula,Sicily,Italy",9053438,IT,Municipality,Active
9205727,Sorga,"Sorga,Veneto,Italy",9053442,IT,Municipality,Active
9205728,Rudiano,"Rudiano,Lombardy,Italy",9053433,IT,Municipality,Active
9205729,Treiso,"Treiso,Piedmont,Italy",9053436,IT,Municipality,Active
9205730,Malalbergo,"Malalbergo,Emilia-Romagna,Italy",9053429,IT,Municipality,Active
9205731,Buscemi,"Buscemi,Sicily,Italy",9053438,IT,Municipality,Active
9205732,Rocca Canterano,"Rocca Canterano,Lazio,Italy",9053431,IT,Municipality,Active
9205733,San Pietro in Lama,"San Pietro in Lama,Apulia,Italy",9053425,IT,Municipality,Active
9205734,Bogogno,"Bogogno,Piedmont,Italy",9053436,IT,Municipality,Active
9205735,Bobbio,"Bobbio,Emilia-Romagna,Italy",9053429,IT,Municipality,Active
9205736,Ripatransone,"Ripatransone,Marche,Italy",9053434,IT,Municipality,Active
9205737,Madruzzo,"Madruzzo,Trentino-South Tyrol,Italy",9053439,IT,Municipality,Active
9205738,Mendicino,"Mendicino,Calabria,Italy",9053427,IT,Municipality,Active
9205739,Gravere,"Gravere,Piedmont,Italy",9053436,IT,Municipality,Active
9205740,Miglianico,"Miglianico,Abruzzo,Italy",9053423,IT,Municipality,Active
9205741,San Gregorio da Sassola,"San Gregorio da Sassola,Lazio,Italy",9053431,IT,Municipality,Active
9205742,Agerola,"Agerola,Campania,Italy",9053428,IT,Municipality,Active
9205743,Ischitella,"Ischitella,Apulia,Italy",9053425,IT,Municipality,Active
9205744,Trivento,"Trivento,Molise,Italy",9053435,IT,Municipality,Active
9205745,Campodimele,"Campodimele,Lazio,Italy",9053431,IT,Municipality,Active
9205746,Gazzo Veronese,"Gazzo Veronese,Veneto,Italy",9053442,IT,Municipality,Active
9205747,Bisenti,"Bisenti,Abruzzo,Italy",9053423,IT,Municipality,Active
9205748,Carrega Ligure,"Carrega Ligure,Piedmont,Italy",9053436,IT,Municipality,Active
9205749,Valle dell'Angelo,"Valle dell'Angelo,Campania,Italy",9053428,IT,Municipality,Active
9205750,Gais,"Gais,Trentino-South Tyrol,Italy",9053439,IT,Municipality,Active
9205751,Fermo,"Fermo,Marche,Italy",9053434,IT,Municipality,Active
9205752,Falciano del Massico,"Falciano del Massico,Campania,Italy",9053428,IT,Municipality,Active
9205753,Contrada,"Contrada,Campania,Italy",9053428,IT,Municipality,Active
9205754,Ponzano Veneto,"Ponzano Veneto,Veneto,Italy",9053442,IT,Municipality,Active
9205755,Mombello di Torino,"Mombello di Torino,Piedmont,Italy",9053436,IT,Municipality,Active
9205756,Bra,"Bra,Piedmont,Italy",9053436,IT,Municipality,Active
9205757,Borgiallo,"Borgiallo,Piedmont,Italy",9053436,IT,Municipality,Active
9205758,Cocullo,"Cocullo,Abruzzo,Italy",9053423,IT,Municipality,Active
9205759,Pessano con Bornago,"Pessano con Bornago,Lombardy,Italy",9053433,IT,Municipality,Active
9205760,Caccuri,"Caccuri,Calabria,Italy",9053427,IT,Municipality,Active
9205761,San Marco d'Alunzio,"San Marco d'Alunzio,Sicily,Italy",9053438,IT,Municipality,Active
9205762,Balme,"Balme,Piedmont,Italy",9053436,IT,Municipality,Active
9205763,Ferentillo,"Ferentillo,Umbria,Italy",9053441,IT,Municipality,Active
9205764,Marano Principato,"Marano Principato,Calabria,Italy",9053427,IT,Municipality,Active
9205765,Montecorvino Rovella,"Montecorvino Rovella,Campania,Italy",9053428,IT,Municipality,Active
9205766,Sant'Angelo del Pesco,"Sant'Angelo del Pesco,Molise,Italy",9053435,IT,Municipality,Active
9205767,Samatzai,"Samatzai,Sardinia,Italy",9053437,IT,Municipality,Active
9205768,Sagliano Micca,"Sagliano Micca,Piedmont,Italy",9053436,IT,Municipality,Active
9205769,Stradella,"Stradella,Lombardy,Italy",9053433,IT,Municipality,Active
9205770,Mapello,"Mapello,Lombardy,Italy",9053433,IT,Municipality,Active
9205771,Pianezze,"Pianezze,Veneto,Italy",9053442,IT,Municipality,Active
9205772,Magisano,"Magisano,Calabria,Italy",9053427,IT,Municipality,Active
9205773,Rossano Veneto,"Rossano Veneto,Veneto,Italy",9053442,IT,Municipality,Active
9205774,Cernobbio,"Cernobbio,Lombardy,Italy",9053433,IT,Municipality,Active
9205775,Sassano,"Sassano,Campania,Italy",9053428,IT,Municipality,Active
9205776,Chiaravalle,"Chiaravalle,Marche,Italy",9053434,IT,Municipality,Active
9205777,Varedo,"Varedo,Lombardy,Italy",9053433,IT,Municipality,Active
9205778,Settimo Torinese,"Settimo Torinese,Piedmont,Italy",9053436,IT,Municipality,Active
9205779,Bomba,"Bomba,Abruzzo,Italy",9053423,IT,Municipality,Active
9205780,Castelliri,"Castelliri,Lazio,Italy",9053431,IT,Municipality,Active
9205781,Moimacco,"Moimacco,Friuli-Venezia Giulia,Italy",9053430,IT,Municipality,Active
9205782,Cuasso al Monte,"Cuasso al Monte,Lombardy,Italy",9053433,IT,Municipality,Active
9205783,Siligo,"Siligo,Sardinia,Italy",9053437,IT,Municipality,Active
9205784,Ceriale,"Ceriale,Liguria,Italy",9053432,IT,Municipality,Active
9205785,Montefalco,"Montefalco,Umbria,Italy",9053441,IT,Municipality,Active
9205786,Dasa,"Dasa,Calabria,Italy",9053427,IT,Municipality,Active
9205787,Isernia,"Isernia,Molise,Italy",9053435,IT,Municipality,Active
9205788,Merana,"Merana,Piedmont,Italy",9053436,IT,Municipality,Active
9205789,Piacenza d'Adige,"Piacenza d'Adige,Veneto,Italy",9053442,IT,Municipality,Active
9205790,Peia,"Peia,Lombardy,Italy",9053433,IT,Municipality,Active
9205791,Casatenovo,"Casatenovo,Lombardy,Italy",9053433,IT,Municipality,Active
9205792,Torre Boldone,"Torre Boldone,Lombardy,Italy",9053433,IT,Municipality,Active
9205793,Volpedo,"Volpedo,Piedmont,Italy",9053436,IT,Municipality,Active
9205794,San Maurizio Canavese,"San Maurizio Canavese,Piedmont,Italy",9053436,IT,Municipality,Active
9205795,Tricerro,"Tricerro,Piedmont,Italy",9053436,IT,Municipality,Active
9205796,Sillavengo,"Sillavengo,Piedmont,Italy",9053436,IT,Municipality,Active
9205797,Settimo Milanese,"Settimo Milanese,Lombardy,Italy",9053433,IT,Municipality,Active
9205798,Maretto,"Maretto,Piedmont,Italy",9053436,IT,Municipality,Active
9205799,Rodigo,"Rodigo,Lombardy,Italy",9053433,IT,Municipality,Active
9205800,Custonaci,"Custonaci,Sicily,Italy",9053438,IT,Municipality,Active
9205801,Laino Castello,"Laino Castello,Calabria,Italy",9053427,IT,Municipality,Active
9205802,Terni,"Terni,Umbria,Italy",9053441,IT,Municipality,Active
9205803,Piove di Sacco,"Piove di Sacco,Veneto,Italy",9053442,IT,Municipality,Active
9205804,Palaia,"Palaia,Tuscany,Italy",9053440,IT,Municipality,Active
9205805,Levico Terme,"Levico Terme,Trentino-South Tyrol,Italy",9053439,IT,Municipality,Active
9205806,Lonate Ceppino,"Lonate Ceppino,Lombardy,Italy",9053433,IT,Municipality,Active
9205807,Selva,"Selva,Trentino-South Tyrol,Italy",9053439,IT,Municipality,Active
9205808,Busto Garolfo,"Busto Garolfo,Lombardy,Italy",9053433,IT,Municipality,Active
9205809,Soleminis,"Soleminis,Sardinia,Italy",9053437,IT,Municipality,Active
9205810,Morro d'Alba,"Morro d'Alba,Marche,Italy",9053434,IT,Municipality,Active
9205811,Gonnosno,"Gonnosno,Sardinia,Italy",9053437,IT,Municipality,Active
9205812,Priocca,"Priocca,Piedmont,Italy",9053436,IT,Municipality,Active
9205813,Codogne,"Codogne,Veneto,Italy",9053442,IT,Municipality,Active
9205814,Cornalba,"Cornalba,Lombardy,Italy",9053433,IT,Municipality,Active
9205815,Oggebbio,"Oggebbio,Piedmont,Italy",9053436,IT,Municipality,Active
9205816,Benetutti,"Benetutti,Sardinia,Italy",9053437,IT,Municipality,Active
9205817,Casalvieri,"Casalvieri,Lazio,Italy",9053431,IT,Municipality,Active
9205818,Ranzanico,"Ranzanico,Lombardy,Italy",9053433,IT,Municipality,Active
9205819,Affi,"Affi,Veneto,Italy",9053442,IT,Municipality,Active
9205820,Cividate Camuno,"Cividate Camuno,Lombardy,Italy",9053433,IT,Municipality,Active
9205821,La Morra,"La Morra,Piedmont,Italy",9053436,IT,Municipality,Active
9205822,Talmassons,"Talmassons,Friuli-Venezia Giulia,Italy",9053430,IT,Municipality,Active
9205823,Buttrio,"Buttrio,Friuli-Venezia Giulia,Italy",9053430,IT,Municipality,Active
9205824,Vinadio,"Vinadio,Piedmont,Italy",9053436,IT,Municipality,Active
9205825,Monacilioni,"Monacilioni,Molise,Italy",9053435,IT,Municipality,Active
9205826,Masate,"Masate,Lombardy,Italy",9053433,IT,Municipality,Active
9205827,Santa Caterina Villarmosa,"Santa Caterina Villarmosa,Sicily,Italy",9053438,IT,Municipality,Active
9205828,Duronia,"Duronia,Molise,Italy",9053435,IT,Municipality,Active
9205829,Sovico,"Sovico,Lombardy,Italy",9053433,IT,Municipality,Active
9205830,Mese,"Mese,Lombardy,Italy",9053433,IT,Municipality,Active
9205831,Dronero,"Dronero,Piedmont,Italy",9053436,IT,Municipality,Active
9205832,Toceno,"Toceno,Piedmont,Italy",9053436,IT,Municipality,Active
9205833,Verolanuova,"Verolanuova,Lombardy,Italy",9053433,IT,Municipality,Active
9205834,Granarolo dell'Emilia,"Granarolo dell'Emilia,Emilia-Romagna,Italy",9053429,IT,Municipality,Active
9205835,Cimadolmo,"Cimadolmo,Veneto,Italy",9053442,IT,Municipality,Active
9205836,Grottazzolina,"Grottazzolina,Marche,Italy",9053434,IT,Municipality,Active
9205837,Nazzano,"Nazzano,Lazio,Italy",9053431,IT,Municipality,Active
9205838,Porcia,"Porcia,Friuli-Venezia Giulia,Italy",9053430,IT,Municipality,Active
9205839,Conegliano,"Conegliano,Veneto,Italy",9053442,IT,Municipality,Active
9205840,Ortezzano,"Ortezzano,Marche,Italy",9053434,IT,Municipality,Active
9205841,San Vito dei Normanni,"San Vito dei Normanni,Apulia,Italy",9053425,IT,Municipality,Active
9205842,Campertogno,"Campertogno,Piedmont,Italy",9053436,IT,Municipality,Active
9205843,Tregnago,"Tregnago,Veneto,Italy",9053442,IT,Municipality,Active
9205844,Morimondo,"Morimondo,Lombardy,Italy",9053433,IT,Municipality,Active
9205845,Pauli Arbarei,"Pauli Arbarei,Sardinia,Italy",9053437,IT,Municipality,Active
9205846,Gudo Visconti,"Gudo Visconti,Lombardy,Italy",9053433,IT,Municipality,Active
9205847,Paganico Sabino,"Paganico Sabino,Lazio,Italy",9053431,IT,Municipality,Active
9205848,Maclodio,"Maclodio,Lombardy,Italy",9053433,IT,Municipality,Active
9205849,San Fele,"San Fele,Basilicata,Italy",9053426,IT,Municipality,Active
9205850,Rodengo-Saiano,"Rodengo-Saiano,Lombardy,Italy",9053433,IT,Municipality,Active
9205851,Cuccaro Vetere,"Cuccaro Vetere,Campania,Italy",9053428,IT,Municipality,Active
9205852,Seborga,"Seborga,Liguria,Italy",9053432,IT,Municipality,Active
9205853,Saviore dell'Adamello,"Saviore dell'Adamello,Lombardy,Italy",9053433,IT,Municipality,Active
9205854,Orsago,"Orsago,Veneto,Italy",9053442,IT,Municipality,Active
9205855,Rivignano Teor,"Rivignano Teor,Friuli-Venezia Giulia,Italy",9053430,IT,Municipality,Active
9205856,Taurasi,"Taurasi,Campania,Italy",9053428,IT,Municipality,Active
9205857,Casali del Manco,"Casali del Manco,Calabria,Italy",9053427,IT,Municipality,Active
9205858,Trivigno,"Trivigno,Basilicata,Italy",9053426,IT,Municipality,Active
9205859,Macugnaga,"Macugnaga,Piedmont,Italy",9053436,IT,Municipality,Active
9205860,Masera,"Masera,Piedmont,Italy",9053436,IT,Municipality,Active
9205861,Gonnosfanadiga,"Gonnosfanadiga,Sardinia,Italy",9053437,IT,Municipality,Active
9205862,Roccabruna,"Roccabruna,Piedmont,Italy",9053436,IT,Municipality,Active
9205863,Torre Beretti e Castellaro,"Torre Beretti e Castellaro,Lombardy,Italy",9053433,IT,Municipality,Active
9205864,Castel San Giovanni,"Castel San Giovanni,Emilia-Romagna,Italy",9053429,IT,Municipality,Active
9205865,Cantalupo nel Sannio,"Cantalupo nel Sannio,Molise,Italy",9053435,IT,Municipality,Active
9205866,Milazzo,"Milazzo,Sicily,Italy",9053438,IT,Municipality,Active
9205867,San Lorenzo Bellizzi,"San Lorenzo Bellizzi,Calabria,Italy",9053427,IT,Municipality,Active
9205868,Santa Maria la Carita,"Santa Maria la Carita,Campania,Italy",9053428,IT,Municipality,Active
9205869,Arqua Polesine,"Arqua Polesine,Veneto,Italy",9053442,IT,Municipality,Active
9205870,Villa di Tirano,"Villa di Tirano,Lombardy,Italy",9053433,IT,Municipality,Active
9205871,Nesso,"Nesso,Lombardy,Italy",9053433,IT,Municipality,Active
9205872,Scarmagno,"Scarmagno,Piedmont,Italy",9053436,IT,Municipality,Active
9205873,Incisa Scapaccino,"Incisa Scapaccino,Piedmont,Italy",9053436,IT,Municipality,Active
9205874,San Germano Chisone,"San Germano Chisone,Piedmont,Italy",9053436,IT,Municipality,Active
9205875,Montalto delle Marche,"Montalto delle Marche,Marche,Italy",9053434,IT,Municipality,Active
9205876,Montedoro,"Montedoro,Sicily,Italy",9053438,IT,Municipality,Active
9205877,Salcito,"Salcito,Molise,Italy",9053435,IT,Municipality,Active
9205878,San Mauro Pascoli,"San Mauro Pascoli,Emilia-Romagna,Italy",9053429,IT,Municipality,Active
9205879,Noviglio,"Noviglio,Lombardy,Italy",9053433,IT,Municipality,Active
9205880,Fossano,"Fossano,Piedmont,Italy",9053436,IT,Municipality,Active
9205881,Monte Roberto,"Monte Roberto,Marche,Italy",9053434,IT,Municipality,Active
9205882,Oppido Lucano,"Oppido Lucano,Basilicata,Italy",9053426,IT,Municipality,Active
9205883,Ampezzo,"Ampezzo,Friuli-Venezia Giulia,Italy",9053430,IT,Municipality,Active
9205884,Zola Predosa,"Zola Predosa,Emilia-Romagna,Italy",9053429,IT,Municipality,Active
9205885,Castel Madama,"Castel Madama,Lazio,Italy",9053431,IT,Municipality,Active
9205886,San Procopio,"San Procopio,Calabria,Italy",9053427,IT,Municipality,Active
9205887,Manziana,"Manziana,Lazio,Italy",9053431,IT,Municipality,Active
9205888,Valenza,"Valenza,Piedmont,Italy",9053436,IT,Municipality,Active
9205889,Rivara,"Rivara,Piedmont,Italy",9053436,IT,Municipality,Active
9205890,Pesaro,"Pesaro,Marche,Italy",9053434,IT,Municipality,Active
9205891,Castiglion Fiorentino,"Castiglion Fiorentino,Tuscany,Italy",9053440,IT,Municipality,Active
9205892,Sannicola,"Sannicola,Apulia,Italy",9053425,IT,Municipality,Active
9205893,Cottanello,"Cottanello,Lazio,Italy",9053431,IT,Municipality,Active
9205894,Cascina,"Cascina,Tuscany,Italy",9053440,IT,Municipality,Active
9205895,Montefino,"Montefino,Abruzzo,Italy",9053423,IT,Municipality,Active
9205896,Pistoia,"Pistoia,Tuscany,Italy",9053440,IT,Municipality,Active
9205897,Arese,"Arese,Lombardy,Italy",9053433,IT,Municipality,Active
9205898,Peglio,"Peglio,Marche,Italy",9053434,IT,Municipality,Active
9205899,Sant'Agata Fossili,"Sant'Agata Fossili,Piedmont,Italy",9053436,IT,Municipality,Active
9205900,Sinnai,"Sinnai,Sardinia,Italy",9053437,IT,Municipality,Active
9205901,Mulazzo,"Mulazzo,Tuscany,Italy",9053440,IT,Municipality,Active
9205902,Bruneck,"Bruneck,Trentino-South Tyrol,Italy",9053439,IT,Municipality,Active
9205903,Fierozzo,"Fierozzo,Trentino-South Tyrol,Italy",9053439,IT,Municipality,Active
9205904,Corbola,"Corbola,Veneto,Italy",9053442,IT,Municipality,Active
9205905,Picinisco,"Picinisco,Lazio,Italy",9053431,IT,Municipality,Active
9205906,Campiglione-Fenile,"Campiglione-Fenile,Piedmont,Italy",9053436,IT,Municipality,Active
9205907,San Lorenzo in Campo,"San Lorenzo in Campo,Marche,Italy",9053434,IT,Municipality,Active
9205908,Piazza al Serchio,"Piazza al Serchio,Tuscany,Italy",9053440,IT,Municipality,Active
9205909,Gallio,"Gallio,Veneto,Italy",9053442,IT,Municipality,Active
9205910,Longare,"Longare,Veneto,Italy",9053442,IT,Municipality,Active
9205911,Casale Litta,"Casale Litta,Lombardy,Italy",9053433,IT,Municipality,Active
9205912,Civezza,"Civezza,Liguria,Italy",9053432,IT,Municipality,Active
9205913,Pontestura,"Pontestura,Piedmont,Italy",9053436,IT,Municipality,Active
9205914,Monte Santa Maria Tiberina,"Monte Santa Maria Tiberina,Umbria,Italy",9053441,IT,Municipality,Active
9205915,Ortucchio,"Ortucchio,Abruzzo,Italy",9053423,IT,Municipality,Active
9205916,Carugo,"Carugo,Lombardy,Italy",9053433,IT,Municipality,Active
9205917,Orgosolo,"Orgosolo,Sardinia,Italy",9053437,IT,Municipality,Active
9205918,Valfurva,"Valfurva,Lombardy,Italy",9053433,IT,Municipality,Active
9205919,Soleto,"Soleto,Apulia,Italy",9053425,IT,Municipality,Active
9205920,Villachiara,"Villachiara,Lombardy,Italy",9053433,IT,Municipality,Active
9205921,Carinaro,"Carinaro,Campania,Italy",9053428,IT,Municipality,Active
9205922,Garbagnate Milanese,"Garbagnate Milanese,Lombardy,Italy",9053433,IT,Municipality,Active
9205923,Smerillo,"Smerillo,Marche,Italy",9053434,IT,Municipality,Active
9205924,Borghetto di Vara,"Borghetto di Vara,Liguria,Italy",9053432,IT,Municipality,Active
9205925,Olevano sul Tusciano,"Olevano sul Tusciano,Campania,Italy",9053428,IT,Municipality,Active
9205926,Tramonti di Sopra,"Tramonti di Sopra,Friuli-Venezia Giulia,Italy",9053430,IT,Municipality,Active
9205927,Lucinasco,"Lucinasco,Liguria,Italy",9053432,IT,Municipality,Active
9205928,Pastrengo,"Pastrengo,Veneto,Italy",9053442,IT,Municipality,Active
9205929,Africo,"Africo,Calabria,Italy",9053427,IT,Municipality,Active
9205930,Calamonaci,"Calamonaci,Sicily,Italy",9053438,IT,Municipality,Active
9205931,Carini,"Carini,Sicily,Italy",9053438,IT,Municipality,Active
9205932,Alghero,"Alghero,Sardinia,Italy",9053437,IT,Municipality,Active
9205933,Letojanni,"Letojanni,Sicily,Italy",9053438,IT,Municipality,Active
9205934,Capitignano,"Capitignano,Abruzzo,Italy",9053423,IT,Municipality,Active
9205935,Cessapalombo,"Cessapalombo,Marche,Italy",9053434,IT,Municipality,Active
9205936,Fluminimaggiore,"Fluminimaggiore,Sardinia,Italy",9053437,IT,Municipality,Active
9205937,Avella,"Avella,Campania,Italy",9053428,IT,Municipality,Active
9205938,San Gennaro Vesuviano,"San Gennaro Vesuviano,Campania,Italy",9053428,IT,Municipality,Active
9205939,Carru,"Carru,Piedmont,Italy",9053436,IT,Municipality,Active
9205940,Magenta,"Magenta,Lombardy,Italy",9053433,IT,Municipality,Active
9205941,Moos in Passeier,"Moos in Passeier,Trentino-South Tyrol,Italy",9053439,IT,Municipality,Active
9205942,Lugo di Vicenza,"Lugo di Vicenza,Veneto,Italy",9053442,IT,Municipality,Active
9205943,Rosignano Marittimo,"Rosignano Marittimo,Tuscany,Italy",9053440,IT,Municipality,Active
9205944,Cinzano,"Cinzano,Piedmont,Italy",9053436,IT,Municipality,Active
9205945,Alpette,"Alpette,Piedmont,Italy",9053436,IT,Municipality,Active
9205946,Piazzola sul Brenta,"Piazzola sul Brenta,Veneto,Italy",9053442,IT,Municipality,Active
9205947,Quarna Sotto,"Quarna Sotto,Piedmont,Italy",9053436,IT,Municipality,Active
9205948,Casciago,"Casciago,Lombardy,Italy",9053433,IT,Municipality,Active
9205949,Villa Santa Lucia degli Abruzzi,"Villa Santa Lucia degli Abruzzi,Abruzzo,Italy",9053423,IT,Municipality,Active
9205950,Roncade,"Roncade,Veneto,Italy",9053442,IT,Municipality,Active
9205951,Nuxis,"Nuxis,Sardinia,Italy",9053437,IT,Municipality,Active
9205952,Savelli,"Savelli,Calabria,Italy",9053427,IT,Municipality,Active
9205953,Sorianello,"Sorianello,Calabria,Italy",9053427,IT,Municipality,Active
9205954,Castellinaldo,"Castellinaldo,Piedmont,Italy",9053436,IT,Municipality,Active
9205955,Riese Pio X,"Riese Pio X,Veneto,Italy",9053442,IT,Municipality,Active
9205956,Cassano d'Adda,"Cassano d'Adda,Lombardy,Italy",9053433,IT,Municipality,Active
9205957,Civita,"Civita,Calabria,Italy",9053427,IT,Municipality,Active
9205958,Cattolica Eraclea,"Cattolica Eraclea,Sicily,Italy",9053438,IT,Municipality,Active
9205959,Foiano della Chiana,"Foiano della Chiana,Tuscany,Italy",9053440,IT,Municipality,Active
9205960,Fenestrelle,"Fenestrelle,Piedmont,Italy",9053436,IT,Municipality,Active
9205961,Canonica d'Adda,"Canonica d'Adda,Lombardy,Italy",9053433,IT,Municipality,Active
9205962,Vallo Torinese,"Vallo Torinese,Piedmont,Italy",9053436,IT,Municipality,Active
9205963,Cerea,"Cerea,Veneto,Italy",9053442,IT,Municipality,Active
9205964,Trevi,"Trevi,Umbria,Italy",9053441,IT,Municipality,Active
9205965,Calangianus,"Calangianus,Sardinia,Italy",9053437,IT,Municipality,Active
9205966,Refrancore,"Refrancore,Piedmont,Italy",9053436,IT,Municipality,Active
9205967,Ortona dei Marsi,"Ortona dei Marsi,Abruzzo,Italy",9053423,IT,Municipality,Active
9205968,Pessinetto,"Pessinetto,Piedmont,Italy",9053436,IT,Municipality,Active
9205969,Santa Giusta,"Santa Giusta,Sardinia,Italy",9053437,IT,Municipality,Active
9205970,Pigra,"Pigra,Lombardy,Italy",9053433,IT,Municipality,Active
9205971,Ovada,"Ovada,Piedmont,Italy",9053436,IT,Municipality,Active
9205972,Marmirolo,"Marmirolo,Lombardy,Italy",9053433,IT,Municipality,Active
9205973,Zagarise,"Zagarise,Calabria,Italy",9053427,IT,Municipality,Active
9205974,Scanzorosciate,"Scanzorosciate,Lombardy,Italy",9053433,IT,Municipality,Active
9205975,Ternate,"Ternate,Lombardy,Italy",9053433,IT,Municipality,Active
9205976,Scandolara Ripa d'Oglio,"Scandolara Ripa d'Oglio,Lombardy,Italy",9053433,IT,Municipality,Active
9205977,Gravedona ed Uniti,"Gravedona ed Uniti,Lombardy,Italy",9053433,IT,Municipality,Active
9205978,Lignana,"Lignana,Piedmont,Italy",9053436,IT,Municipality,Active
9205979,Roccaforte del Greco,"Roccaforte del Greco,Calabria,Italy",9053427,IT,Municipality,Active
9205980,Solbiate Arno,"Solbiate Arno,Lombardy,Italy",9053433,IT,Municipality,Active
9205981,Padenghe sul Garda,"Padenghe sul Garda,Lombardy,Italy",9053433,IT,Municipality,Active
9205982,Ledro,"Ledro,Trentino-South Tyrol,Italy",9053439,IT,Municipality,Active
9205983,Mossa,"Mossa,Friuli-Venezia Giulia,Italy",9053430,IT,Municipality,Active
9205984,Truccazzano,"Truccazzano,Lombardy,Italy",9053433,IT,Municipality,Active
9205985,Cossignano,"Cossignano,Marche,Italy",9053434,IT,Municipality,Active
9205986,Castagnole delle Lanze,"Castagnole delle Lanze,Piedmont,Italy",9053436,IT,Municipality,Active
9205987,Santa Maria a Vico,"Santa Maria a Vico,Campania,Italy",9053428,IT,Municipality,Active
9205988,Codevigo,"Codevigo,Veneto,Italy",9053442,IT,Municipality,Active
9205989,Livo,"Livo,Trentino-South Tyrol,Italy",9053439,IT,Municipality,Active
9205990,Monte Compatri,"Monte Compatri,Lazio,Italy",9053431,IT,Municipality,Active
9205991,Aieta,"Aieta,Calabria,Italy",9053427,IT,Municipality,Active
9205992,Mendatica,"Mendatica,Liguria,Italy",9053432,IT,Municipality,Active
9205993,Stigliano,"Stigliano,Basilicata,Italy",9053426,IT,Municipality,Active
9205994,Acerenza,"Acerenza,Basilicata,Italy",9053426,IT,Municipality,Active
9205995,Bracca,"Bracca,Lombardy,Italy",9053433,IT,Municipality,Active
9205996,Oviglio,"Oviglio,Piedmont,Italy",9053436,IT,Municipality,Active
9205997,Lerici,"Lerici,Liguria,Italy",9053432,IT,Municipality,Active
9205998,Bedollo,"Bedollo,Trentino-South Tyrol,Italy",9053439,IT,Municipality,Active
9205999,Castello di Cisterna,"Castello di Cisterna,Campania,Italy",9053428,IT,Municipality,Active
9206000,Cessaniti,"Cessaniti,Calabria,Italy",9053427,IT,Municipality,Active
9206001,Valfabbrica,"Valfabbrica,Umbria,Italy",9053441,IT,Municipality,Active
9206002,Marano di Valpolicella,"Marano di Valpolicella,Veneto,Italy",9053442,IT,Municipality,Active
9206003,Pieve San Giacomo,"Pieve San Giacomo,Lombardy,Italy",9053433,IT,Municipality,Active
9206004,Casanova Lonati,"Casanova Lonati,Lombardy,Italy",9053433,IT,Municipality,Active
9206005,Adrano,"Adrano,Sicily,Italy",9053438,IT,Municipality,Active
9206006,Santa Venerina,"Santa Venerina,Sicily,Italy",9053438,IT,Municipality,Active
9206007,Calenzano,"Calenzano,Tuscany,Italy",9053440,IT,Municipality,Active
9206008,Caccamo,"Caccamo,Sicily,Italy",9053438,IT,Municipality,Active
9206009,Ville di Fiemme,"Ville di Fiemme,Trentino-South Tyrol,Italy",9053439,IT,Municipality,Active
9206010,Bleggio Superiore,"Bleggio Superiore,Trentino-South Tyrol,Italy",9053439,IT,Municipality,Active
9206011,Malo,"Malo,Veneto,Italy",9053442,IT,Municipality,Active
9206012,Borgo San Siro,"Borgo San Siro,Lombardy,Italy",9053433,IT,Municipality,Active
9206013,Casalvecchio di Puglia,"Casalvecchio di Puglia,Apulia,Italy",9053425,IT,Municipality,Active
9206014,Frattamaggiore,"Frattamaggiore,Campania,Italy",9053428,IT,Municipality,Active
9206015,Villamiroglio,"Villamiroglio,Piedmont,Italy",9053436,IT,Municipality,Active
9206016,Triuggio,"Triuggio,Lombardy,Italy",9053433,IT,Municipality,Active
9206017,Lusen,"Lusen,Trentino-South Tyrol,Italy",9053439,IT,Municipality,Active
9206018,Verbicaro,"Verbicaro,Calabria,Italy",9053427,IT,Municipality,Active
9206019,Sauze di Cesana,"Sauze di Cesana,Piedmont,Italy",9053436,IT,Municipality,Active
9206020,Santa Maria di Sala,"Santa Maria di Sala,Veneto,Italy",9053442,IT,Municipality,Active
9206021,Agnosine,"Agnosine,Lombardy,Italy",9053433,IT,Municipality,Active
9206022,Porto Tolle,"Porto Tolle,Veneto,Italy",9053442,IT,Municipality,Active
9206023,Vailate,"Vailate,Lombardy,Italy",9053433,IT,Municipality,Active
9206024,Vignone,"Vignone,Piedmont,Italy",9053436,IT,Municipality,Active
9206025,Poggio San Marcello,"Poggio San Marcello,Marche,Italy",9053434,IT,Municipality,Active
9206026,Sedilo,"Sedilo,Sardinia,Italy",9053437,IT,Municipality,Active
9206027,Luzzara,"Luzzara,Emilia-Romagna,Italy",9053429,IT,Municipality,Active
9206028,Seregno,"Seregno,Lombardy,Italy",9053433,IT,Municipality,Active
9206029,Albagiara,"Albagiara,Sardinia,Italy",9053437,IT,Municipality,Active
9206030,La Cassa,"La Cassa,Piedmont,Italy",9053436,IT,Municipality,Active
9206031,Sangano,"Sangano,Piedmont,Italy",9053436,IT,Municipality,Active
9206032,Santa Vittoria in Matenano,"Santa Vittoria in Matenano,Marche,Italy",9053434,IT,Municipality,Active
9206033,Impruneta,"Impruneta,Tuscany,Italy",9053440,IT,Municipality,Active
9206034,Anagni,"Anagni,Lazio,Italy",9053431,IT,Municipality,Active
9206035,Naturns,"Naturns,Trentino-South Tyrol,Italy",9053439,IT,Municipality,Active
9206036,Vezza d'Alba,"Vezza d'Alba,Piedmont,Italy",9053436,IT,Municipality,Active
9206037,Campiglia dei Berici,"Campiglia dei Berici,Veneto,Italy",9053442,IT,Municipality,Active
9206038,Castelvenere,"Castelvenere,Campania,Italy",9053428,IT,Municipality,Active
9206039,Montemilone,"Montemilone,Basilicata,Italy",9053426,IT,Municipality,Active
9206040,Brinzio,"Brinzio,Lombardy,Italy",9053433,IT,Municipality,Active
9206041,Ucria,"Ucria,Sicily,Italy",9053438,IT,Municipality,Active
9206042,Pabillonis,"Pabillonis,Sardinia,Italy",9053437,IT,Municipality,Active
9206043,Izano,"Izano,Lombardy,Italy",9053433,IT,Municipality,Active
9206044,Casnate con Bernate,"Casnate con Bernate,Lombardy,Italy",9053433,IT,Municipality,Active
9206045,Gossolengo,"Gossolengo,Emilia-Romagna,Italy",9053429,IT,Municipality,Active
9206046,Roccella Ionica,"Roccella Ionica,Calabria,Italy",9053427,IT,Municipality,Active
9206047,Issime,"Issime,Aosta Valley,Italy",9053424,IT,Municipality,Active
9206048,Albera Ligure,"Albera Ligure,Piedmont,Italy",9053436,IT,Municipality,Active
9206049,San Vendemiano,"San Vendemiano,Veneto,Italy",9053442,IT,Municipality,Active
9206050,Glurns,"Glurns,Trentino-South Tyrol,Italy",9053439,IT,Municipality,Active
9206051,Dragoni,"Dragoni,Campania,Italy",9053428,IT,Municipality,Active
9206052,Mascalucia,"Mascalucia,Sicily,Italy",9053438,IT,Municipality,Active
9206053,Goni,"Goni,Sardinia,Italy",9053437,IT,Municipality,Active
9206054,Calizzano,"Calizzano,Liguria,Italy",9053432,IT,Municipality,Active
9206055,Castello di Annone,"Castello di Annone,Piedmont,Italy",9053436,IT,Municipality,Active
9206056,Colletorto,"Colletorto,Molise,Italy",9053435,IT,Municipality,Active
9206057,San Pancrazio Salentino,"San Pancrazio Salentino,Apulia,Italy",9053425,IT,Municipality,Active
9206058,Bassano in Teverina,"Bassano in Teverina,Lazio,Italy",9053431,IT,Municipality,Active
9206059,Rivarone,"Rivarone,Piedmont,Italy",9053436,IT,Municipality,Active
9206060,Mazzano,"Mazzano,Lombardy,Italy",9053433,IT,Municipality,Active
9206061,Santa Maria la Fossa,"Santa Maria la Fossa,Campania,Italy",9053428,IT,Municipality,Active
9206062,Orero,"Orero,Liguria,Italy",9053432,IT,Municipality,Active
9206063,Cascia,"Cascia,Umbria,Italy",9053441,IT,Municipality,Active
9206064,Guarda Veneta,"Guarda Veneta,Veneto,Italy",9053442,IT,Municipality,Active
9206065,San Maurizio d'Opaglio,"San Maurizio d'Opaglio,Piedmont,Italy",9053436,IT,Municipality,Active
9206066,Fresonara,"Fresonara,Piedmont,Italy",9053436,IT,Municipality,Active
9206067,Pieve di Cadore,"Pieve di Cadore,Veneto,Italy",9053442,IT,Municipality,Active
9206068,Rovello Porro,"Rovello Porro,Lombardy,Italy",9053433,IT,Municipality,Active
9206069,Saint-Nicolas,"Saint-Nicolas,Aosta Valley,Italy",9053424,IT,Municipality,Active
9206070,Rivolta d'Adda,"Rivolta d'Adda,Lombardy,Italy",9053433,IT,Municipality,Active
9206071,Carbonara di Nola,"Carbonara di Nola,Campania,Italy",9053428,IT,Municipality,Active
9206072,Cavenago d'Adda,"Cavenago d'Adda,Lombardy,Italy",9053433,IT,Municipality,Active
9206073,Montignoso,"Montignoso,Tuscany,Italy",9053440,IT,Municipality,Active
9206074,Langhirano,"Langhirano,Emilia-Romagna,Italy",9053429,IT,Municipality,Active
9206075,Forchia,"Forchia,Campania,Italy",9053428,IT,Municipality,Active
9206076,Castignano,"Castignano,Marche,Italy",9053434,IT,Municipality,Active
9206077,Galgagnano,"Galgagnano,Lombardy,Italy",9053433,IT,Municipality,Active
9206078,Monte Castello di Vibio,"Monte Castello di Vibio,Umbria,Italy",9053441,IT,Municipality,Active
9206079,Varese,"Varese,Lombardy,Italy",9053433,IT,Municipality,Active
9206080,Tenna,"Tenna,Trentino-South Tyrol,Italy",9053439,IT,Municipality,Active
9206081,Canzano,"Canzano,Abruzzo,Italy",9053423,IT,Municipality,Active
9206082,Orosei,"Orosei,Sardinia,Italy",9053437,IT,Municipality,Active
9206083,Centola,"Centola,Campania,Italy",9053428,IT,Municipality,Active
9206084,Castelbottaccio,"Castelbottaccio,Molise,Italy",9053435,IT,Municipality,Active
9206085,Belvedere Ostrense,"Belvedere Ostrense,Marche,Italy",9053434,IT,Municipality,Active
9206086,San Daniele Po,"San Daniele Po,Lombardy,Italy",9053433,IT,Municipality,Active
9206087,Cambiasca,"Cambiasca,Piedmont,Italy",9053436,IT,Municipality,Active
9206088,Rocchetta Palafea,"Rocchetta Palafea,Piedmont,Italy",9053436,IT,Municipality,Active
9206089,Sorbolo Mezzani,"Sorbolo Mezzani,Emilia-Romagna,Italy",9053429,IT,Municipality,Active
9206090,Labico,"Labico,Lazio,Italy",9053431,IT,Municipality,Active
9206091,Bardello con Malgesso e Bregano,"Bardello con Malgesso e Bregano,Lombardy,Italy",9053433,IT,Municipality,Active
9206092,Treglio,"Treglio,Abruzzo,Italy",9053423,IT,Municipality,Active
9206093,Tavernole sul Mella,"Tavernole sul Mella,Lombardy,Italy",9053433,IT,Municipality,Active
9206094,Valmontone,"Valmontone,Lazio,Italy",9053431,IT,Municipality,Active
9206095,Mussomeli,"Mussomeli,Sicily,Italy",9053438,IT,Municipality,Active
9206096,Santa Maria di Licodia,"Santa Maria di Licodia,Sicily,Italy",9053438,IT,Municipality,Active
9206097,Acquaviva d'Isernia,"Acquaviva d'Isernia,Molise,Italy",9053435,IT,Municipality,Active
9206098,San Chirico Nuovo,"San Chirico Nuovo,Basilicata,Italy",9053426,IT,Municipality,Active
9206099,Vintl,"Vintl,Trentino-South Tyrol,Italy",9053439,IT,Municipality,Active
9206100,Citta di Castello,"Citta di Castello,Umbria,Italy",9053441,IT,Municipality,Active
9206101,Osilo,"Osilo,Sardinia,Italy",9053437,IT,Municipality,Active
9206102,Pontinia,"Pontinia,Lazio,Italy",9053431,IT,Municipality,Active
9206103,Buja,"Buja,Friuli-Venezia Giulia,Italy",9053430,IT,Municipality,Active
9206104,Alberona,"Alberona,Apulia,Italy",9053425,IT,Municipality,Active
9206105,Besenzone,"Besenzone,Emilia-Romagna,Italy",9053429,IT,Municipality,Active
9206106,Borgo d'Ale,"Borgo d'Ale,Piedmont,Italy",9053436,IT,Municipality,Active
9206107,Vallecrosia,"Vallecrosia,Liguria,Italy",9053432,IT,Municipality,Active
9206108,Guardea,"Guardea,Umbria,Italy",9053441,IT,Municipality,Active
9206109,Mozzate,"Mozzate,Lombardy,Italy",9053433,IT,Municipality,Active
9206110,Traona,"Traona,Lombardy,Italy",9053433,IT,Municipality,Active
9206111,Maltignano,"Maltignano,Marche,Italy",9053434,IT,Municipality,Active
9206112,Musile di Piave,"Musile di Piave,Veneto,Italy",9053442,IT,Municipality,Active
9206113,Mazzarino,"Mazzarino,Sicily,Italy",9053438,IT,Municipality,Active
9206114,Anzola d'Ossola,"Anzola d'Ossola,Piedmont,Italy",9053436,IT,Municipality,Active
9206115,Monzuno,"Monzuno,Emilia-Romagna,Italy",9053429,IT,Municipality,Active
9206116,Simbario,"Simbario,Calabria,Italy",9053427,IT,Municipality,Active
9206117,Gallo Matese,"Gallo Matese,Campania,Italy",9053428,IT,Municipality,Active
9206118,Aviatico,"Aviatico,Lombardy,Italy",9053433,IT,Municipality,Active
9206119,Senerchia,"Senerchia,Campania,Italy",9053428,IT,Municipality,Active
9206120,Citta della Pieve,"Citta della Pieve,Umbria,Italy",9053441,IT,Municipality,Active
9206121,Padria,"Padria,Sardinia,Italy",9053437,IT,Municipality,Active
9206122,Realmonte,"Realmonte,Sicily,Italy",9053438,IT,Municipality,Active
9206123,Conselice,"Conselice,Emilia-Romagna,Italy",9053429,IT,Municipality,Active
9206124,Fornelli,"Fornelli,Molise,Italy",9053435,IT,Municipality,Active
9206125,Campotosto,"Campotosto,Abruzzo,Italy",9053423,IT,Municipality,Active
9206126,Solesino,"Solesino,Veneto,Italy",9053442,IT,Municipality,Active
9206127,Monteforte d'Alpone,"Monteforte d'Alpone,Veneto,Italy",9053442,IT,Municipality,Active
9206128,Scarperia e San Piero,"Scarperia e San Piero,Tuscany,Italy",9053440,IT,Municipality,Active
9206129,Castel San Lorenzo,"Castel San Lorenzo,Campania,Italy",9053428,IT,Municipality,Active
9206130,Volla,"Volla,Campania,Italy",9053428,IT,Municipality,Active
9206131,Sarre,"Sarre,Aosta Valley,Italy",9053424,IT,Municipality,Active
9206132,Madone,"Madone,Lombardy,Italy",9053433,IT,Municipality,Active
9206133,Bozzolo,"Bozzolo,Lombardy,Italy",9053433,IT,Municipality,Active
9206134,Mura,"Mura,Lombardy,Italy",9053433,IT,Municipality,Active
9206135,Freienfeld,"Freienfeld,Trentino-South Tyrol,Italy",9053439,IT,Municipality,Active
9206136,Castelletto Uzzone,"Castelletto Uzzone,Piedmont,Italy",9053436,IT,Municipality,Active
9206137,Varano de' Melegari,"Varano de' Melegari,Emilia-Romagna,Italy",9053429,IT,Municipality,Active
9206138,Buggiano,"Buggiano,Tuscany,Italy",9053440,IT,Municipality,Active
9206139,Altino,"Altino,Abruzzo,Italy",9053423,IT,Municipality,Active
9206140,Baldissero Canavese,"Baldissero Canavese,Piedmont,Italy",9053436,IT,Municipality,Active
9206141,Lauro,"Lauro,Campania,Italy",9053428,IT,Municipality,Active
9206142,Calusco d'Adda,"Calusco d'Adda,Lombardy,Italy",9053433,IT,Municipality,Active
9206143,Malnate,"Malnate,Lombardy,Italy",9053433,IT,Municipality,Active
9206144,Orsara Bormida,"Orsara Bormida,Piedmont,Italy",9053436,IT,Municipality,Active
9206145,Ton,"Ton,Trentino-South Tyrol,Italy",9053439,IT,Municipality,Active
9206146,Barzago,"Barzago,Lombardy,Italy",9053433,IT,Municipality,Active
9206147,Taibon Agordino,"Taibon Agordino,Veneto,Italy",9053442,IT,Municipality,Active
9206148,Terre del Reno,"Terre del Reno,Emilia-Romagna,Italy",9053429,IT,Municipality,Active
9206149,Malvagna,"Malvagna,Sicily,Italy",9053438,IT,Municipality,Active
9206150,Bitti,"Bitti,Sardinia,Italy",9053437,IT,Municipality,Active
9206151,Furci Siculo,"Furci Siculo,Sicily,Italy",9053438,IT,Municipality,Active
9206152,Craco,"Craco,Basilicata,Italy",9053426,IT,Municipality,Active
9206153,San Benedetto Belbo,"San Benedetto Belbo,Piedmont,Italy",9053436,IT,Municipality,Active
9206154,Martinsicuro,"Martinsicuro,Abruzzo,Italy",9053423,IT,Municipality,Active
9206155,Fagagna,"Fagagna,Friuli-Venezia Giulia,Italy",9053430,IT,Municipality,Active
9206156,Picciano,"Picciano,Abruzzo,Italy",9053423,IT,Municipality,Active
9206157,Palma Campania,"Palma Campania,Campania,Italy",9053428,IT,Municipality,Active
9206158,Vigone,"Vigone,Piedmont,Italy",9053436,IT,Municipality,Active
9206159,Tizzano Val Parma,"Tizzano Val Parma,Emilia-Romagna,Italy",9053429,IT,Municipality,Active
9206160,Cellio con Breia,"Cellio con Breia,Piedmont,Italy",9053436,IT,Municipality,Active
9206161,Amandola,"Amandola,Marche,Italy",9053434,IT,Municipality,Active
9206162,Orbassano,"Orbassano,Piedmont,Italy",9053436,IT,Municipality,Active
9206163,Belfiore,"Belfiore,Veneto,Italy",9053442,IT,Municipality,Active
9206164,Ceggia,"Ceggia,Veneto,Italy",9053442,IT,Municipality,Active
9206165,Torre di Santa Maria,"Torre di Santa Maria,Lombardy,Italy",9053433,IT,Municipality,Active
9206166,Oleggio Castello,"Oleggio Castello,Piedmont,Italy",9053436,IT,Municipality,Active
9206167,Santa Marinella,"Santa Marinella,Lazio,Italy",9053431,IT,Municipality,Active
9206168,Borgomanero,"Borgomanero,Piedmont,Italy",9053436,IT,Municipality,Active
9206169,Campo nell'Elba,"Campo nell'Elba,Tuscany,Italy",9053440,IT,Municipality,Active
9206170,Gavoi,"Gavoi,Sardinia,Italy",9053437,IT,Municipality,Active
9206171,Ponza,"Ponza,Lazio,Italy",9053431,IT,Municipality,Active
9206172,St. Martin in Passeier,"St. Martin in Passeier,Trentino-South Tyrol,Italy",9053439,IT,Municipality,Active
9206173,Roncello,"Roncello,Lombardy,Italy",9053433,IT,Municipality,Active
9206174,Falvaterra,"Falvaterra,Lazio,Italy",9053431,IT,Municipality,Active
9206175,Mantua,"Mantua,Lombardy,Italy",9053433,IT,Municipality,Active
9206176,Calderara di Reno,"Calderara di Reno,Emilia-Romagna,Italy",9053429,IT,Municipality,Active
9206177,Marciana,"Marciana,Tuscany,Italy",9053440,IT,Municipality,Active
9206178,Nocciano,"Nocciano,Abruzzo,Italy",9053423,IT,Municipality,Active
9206179,Nibbiola,"Nibbiola,Piedmont,Italy",9053436,IT,Municipality,Active
9206180,Montescudaio,"Montescudaio,Tuscany,Italy",9053440,IT,Municipality,Active
9206181,Diano Marina,"Diano Marina,Liguria,Italy",9053432,IT,Municipality,Active
9206182,Seulo,"Seulo,Sardinia,Italy",9053437,IT,Municipality,Active
9206183,Gagliano Castelferrato,"Gagliano Castelferrato,Sicily,Italy",9053438,IT,Municipality,Active
9206184,Parrano,"Parrano,Umbria,Italy",9053441,IT,Municipality,Active
9206185,Pasturo,"Pasturo,Lombardy,Italy",9053433,IT,Municipality,Active
9206186,Tremiti Islands,"Tremiti Islands,Apulia,Italy",9053425,IT,Municipality,Active
9206187,San Biagio della Cima,"San Biagio della Cima,Liguria,Italy",9053432,IT,Municipality,Active
9206188,Pallagorio,"Pallagorio,Calabria,Italy",9053427,IT,Municipality,Active
9206189,Catanzaro,"Catanzaro,Calabria,Italy",9053427,IT,Municipality,Active
9206190,Armungia,"Armungia,Sardinia,Italy",9053437,IT,Municipality,Active
9206191,Treppo Ligosullo,"Treppo Ligosullo,Friuli-Venezia Giulia,Italy",9053430,IT,Municipality,Active
9206192,Paullo,"Paullo,Lombardy,Italy",9053433,IT,Municipality,Active
9206193,Mezzenile,"Mezzenile,Piedmont,Italy",9053436,IT,Municipality,Active
9206194,Tremezzina,"Tremezzina,Lombardy,Italy",9053433,IT,Municipality,Active
9206195,Dualchi,"Dualchi,Sardinia,Italy",9053437,IT,Municipality,Active
9206196,Bivongi,"Bivongi,Calabria,Italy",9053427,IT,Municipality,Active
9206197,Ercolano,"Ercolano,Campania,Italy",9053428,IT,Municipality,Active
9206198,Sporminore,"Sporminore,Trentino-South Tyrol,Italy",9053439,IT,Municipality,Active
9206199,Rocca Priora,"Rocca Priora,Lazio,Italy",9053431,IT,Municipality,Active
9206200,Bracigliano,"Bracigliano,Campania,Italy",9053428,IT,Municipality,Active
9206201,Courmayeur,"Courmayeur,Aosta Valley,Italy",9053424,IT,Municipality,Active
9206202,Conzano,"Conzano,Piedmont,Italy",9053436,IT,Municipality,Active
9206203,Sant'Agata Feltria,"Sant'Agata Feltria,Emilia-Romagna,Italy",9053429,IT,Municipality,Active
9206204,Fresagrandinaria,"Fresagrandinaria,Abruzzo,Italy",9053423,IT,Municipality,Active
9206205,Marcetelli,"Marcetelli,Lazio,Italy",9053431,IT,Municipality,Active
9206206,Prali,"Prali,Piedmont,Italy",9053436,IT,Municipality,Active
9206207,Fiamignano,"Fiamignano,Lazio,Italy",9053431,IT,Municipality,Active
9206208,San Bartolomeo in Galdo,"San Bartolomeo in Galdo,Campania,Italy",9053428,IT,Municipality,Active
9206209,Casoria,"Casoria,Campania,Italy",9053428,IT,Municipality,Active
9206210,Terruggia,"Terruggia,Piedmont,Italy",9053436,IT,Municipality,Active
9206211,Molazzana,"Molazzana,Tuscany,Italy",9053440,IT,Municipality,Active
9206212,Prata Camportaccio,"Prata Camportaccio,Lombardy,Italy",9053433,IT,Municipality,Active
9206213,Villa Literno,"Villa Literno,Campania,Italy",9053428,IT,Municipality,Active
9206214,Roddino,"Roddino,Piedmont,Italy",9053436,IT,Municipality,Active
9206215,Formello,"Formello,Lazio,Italy",9053431,IT,Municipality,Active
9206216,Cerignale,"Cerignale,Emilia-Romagna,Italy",9053429,IT,Municipality,Active
9206217,Arsie,"Arsie,Veneto,Italy",9053442,IT,Municipality,Active
9206218,Occimiano,"Occimiano,Piedmont,Italy",9053436,IT,Municipality,Active
9206219,Maruggio,"Maruggio,Apulia,Italy",9053425,IT,Municipality,Active
9206220,Ardesio,"Ardesio,Lombardy,Italy",9053433,IT,Municipality,Active
9206221,Palazzolo Vercellese,"Palazzolo Vercellese,Piedmont,Italy",9053436,IT,Municipality,Active
9206222,San Nicola da Crissa,"San Nicola da Crissa,Calabria,Italy",9053427,IT,Municipality,Active
9206223,Moncalieri,"Moncalieri,Piedmont,Italy",9053436,IT,Municipality,Active
9206224,Mongiardino Ligure,"Mongiardino Ligure,Piedmont,Italy",9053436,IT,Municipality,Active
9206225,Paratico,"Paratico,Lombardy,Italy",9053433,IT,Municipality,Active
9206226,Besano,"Besano,Lombardy,Italy",9053433,IT,Municipality,Active
9206227,Cavareno,"Cavareno,Trentino-South Tyrol,Italy",9053439,IT,Municipality,Active
9206228,San Zenone degli Ezzelini,"San Zenone degli Ezzelini,Veneto,Italy",9053442,IT,Municipality,Active
9206229,Volpara,"Volpara,Lombardy,Italy",9053433,IT,Municipality,Active
9206230,Cassina Rizzardi,"Cassina Rizzardi,Lombardy,Italy",9053433,IT,Municipality,Active
9206231,Mezzane di Sotto,"Mezzane di Sotto,Veneto,Italy",9053442,IT,Municipality,Active
9206232,Robassomero,"Robassomero,Piedmont,Italy",9053436,IT,Municipality,Active
9206233,Guardia Piemontese,"Guardia Piemontese,Calabria,Italy",9053427,IT,Municipality,Active
9206234,Poggio Rusco,"Poggio Rusco,Lombardy,Italy",9053433,IT,Municipality,Active
9206235,Lurago Marinone,"Lurago Marinone,Lombardy,Italy",9053433,IT,Municipality,Active
9206236,Lecce,"Lecce,Apulia,Italy",9053425,IT,Municipality,Active
9206237,Monteu Roero,"Monteu Roero,Piedmont,Italy",9053436,IT,Municipality,Active
9206238,Mozzanica,"Mozzanica,Lombardy,Italy",9053433,IT,Municipality,Active
9206239,San Felice Circeo,"San Felice Circeo,Lazio,Italy",9053431,IT,Municipality,Active
9206240,Monteodorisio,"Monteodorisio,Abruzzo,Italy",9053423,IT,Municipality,Active
9206241,Predosa,"Predosa,Piedmont,Italy",9053436,IT,Municipality,Active
9206242,Campo di Giove,"Campo di Giove,Abruzzo,Italy",9053423,IT,Municipality,Active
9206243,Luino,"Luino,Lombardy,Italy",9053433,IT,Municipality,Active
9206244,Penango,"Penango,Piedmont,Italy",9053436,IT,Municipality,Active
9206245,Pertica Alta,"Pertica Alta,Lombardy,Italy",9053433,IT,Municipality,Active
9206246,Cadorago,"Cadorago,Lombardy,Italy",9053433,IT,Municipality,Active
9206247,Plesio,"Plesio,Lombardy,Italy",9053433,IT,Municipality,Active
9206248,Vercelli,"Vercelli,Piedmont,Italy",9053436,IT,Municipality,Active
9206249,Casalzuigno,"Casalzuigno,Lombardy,Italy",9053433,IT,Municipality,Active
9206250,Ferrera Erbognone,"Ferrera Erbognone,Lombardy,Italy",9053433,IT,Municipality,Active
9206251,Priverno,"Priverno,Lazio,Italy",9053431,IT,Municipality,Active
9206252,Caraffa del Bianco,"Caraffa del Bianco,Calabria,Italy",9053427,IT,Municipality,Active
9206253,Spessa,"Spessa,Lombardy,Italy",9053433,IT,Municipality,Active
9206254,Sessano del Molise,"Sessano del Molise,Molise,Italy",9053435,IT,Municipality,Active
9206255,Selva di Progno,"Selva di Progno,Veneto,Italy",9053442,IT,Municipality,Active
9206256,Forgaria nel Friuli,"Forgaria nel Friuli,Friuli-Venezia Giulia,Italy",9053430,IT,Municipality,Active
9206257,San Ferdinando di Puglia,"San Ferdinando di Puglia,Apulia,Italy",9053425,IT,Municipality,Active
9206258,Borca di Cadore,"Borca di Cadore,Veneto,Italy",9053442,IT,Municipality,Active
9206259,Bianze,"Bianze,Piedmont,Italy",9053436,IT,Municipality,Active
9206260,Soraga di Fassa,"Soraga di Fassa,Trentino-South Tyrol,Italy",9053439,IT,Municipality,Active
9206261,Cagliari,"Cagliari,Sardinia,Italy",9053437,IT,Municipality,Active
9206262,Ospedaletto d'Alpinolo,"Ospedaletto d'Alpinolo,Campania,Italy",9053428,IT,Municipality,Active
9206263,Sant'Egidio del Monte Albino,"Sant'Egidio del Monte Albino,Campania,Italy",9053428,IT,Municipality,Active
9206264,Sessame,"Sessame,Piedmont,Italy",9053436,IT,Municipality,Active
9206265,Sirtori,"Sirtori,Lombardy,Italy",9053433,IT,Municipality,Active
9206266,Montefalcone di Val Fortore,"Montefalcone di Val Fortore,Campania,Italy",9053428,IT,Municipality,Active
9206267,Lusiglie,"Lusiglie,Piedmont,Italy",9053436,IT,Municipality,Active
9206268,Piancastagnaio,"Piancastagnaio,Tuscany,Italy",9053440,IT,Municipality,Active
9206269,Rome,"Rome,Lazio,Italy",9053431,IT,Municipality,Active
9206270,Parona,"Parona,Lombardy,Italy",9053433,IT,Municipality,Active
9206271,Rhemes-Notre-Dame,"Rhemes-Notre-Dame,Aosta Valley,Italy",9053424,IT,Municipality,Active
9206272,Sospirolo,"Sospirolo,Veneto,Italy",9053442,IT,Municipality,Active
9206273,Malvito,"Malvito,Calabria,Italy",9053427,IT,Municipality,Active
9206274,Padru,"Padru,Sardinia,Italy",9053437,IT,Municipality,Active
9206275,Monterosi,"Monterosi,Lazio,Italy",9053431,IT,Municipality,Active
9206276,Spineto Scrivia,"Spineto Scrivia,Piedmont,Italy",9053436,IT,Municipality,Active
9206277,Fontanellato,"Fontanellato,Emilia-Romagna,Italy",9053429,IT,Municipality,Active
9206278,Santa Maria del Molise,"Santa Maria del Molise,Molise,Italy",9053435,IT,Municipality,Active
9206279,Sexten,"Sexten,Trentino-South Tyrol,Italy",9053439,IT,Municipality,Active
9206280,Latronico,"Latronico,Basilicata,Italy",9053426,IT,Municipality,Active
9206281,Presicce-Acquarica,"Presicce-Acquarica,Apulia,Italy",9053425,IT,Municipality,Active
9206282,Macerata Campania,"Macerata Campania,Campania,Italy",9053428,IT,Municipality,Active
9206283,Stilfs,"Stilfs,Trentino-South Tyrol,Italy",9053439,IT,Municipality,Active
9206284,Lentella,"Lentella,Abruzzo,Italy",9053423,IT,Municipality,Active
9206285,Fontechiari,"Fontechiari,Lazio,Italy",9053431,IT,Municipality,Active
9206286,Francavilla in Sinni,"Francavilla in Sinni,Basilicata,Italy",9053426,IT,Municipality,Active
9206287,Gaiarine,"Gaiarine,Veneto,Italy",9053442,IT,Municipality,Active
9206288,Montaldeo,"Montaldeo,Piedmont,Italy",9053436,IT,Municipality,Active
9206289,Rotella,"Rotella,Marche,Italy",9053434,IT,Municipality,Active
9206290,Lurano,"Lurano,Lombardy,Italy",9053433,IT,Municipality,Active
9206291,Dinami,"Dinami,Calabria,Italy",9053427,IT,Municipality,Active
9206292,Vo',"Vo',Veneto,Italy",9053442,IT,Municipality,Active
9206293,San Secondo di Pinerolo,"San Secondo di Pinerolo,Piedmont,Italy",9053436,IT,Municipality,Active
9206294,Grumello Cremonese ed Uniti,"Grumello Cremonese ed Uniti,Lombardy,Italy",9053433,IT,Municipality,Active
9206295,Armeno,"Armeno,Piedmont,Italy",9053436,IT,Municipality,Active
9206296,Ocre,"Ocre,Abruzzo,Italy",9053423,IT,Municipality,Active
9206297,Altissimo,"Altissimo,Veneto,Italy",9053442,IT,Municipality,Active
9206298,San Colombano Certenoli,"San Colombano Certenoli,Liguria,Italy",9053432,IT,Municipality,Active
9206299,Valmozzola,"Valmozzola,Emilia-Romagna,Italy",9053429,IT,Municipality,Active
9206300,Pieve Albignola,"Pieve Albignola,Lombardy,Italy",9053433,IT,Municipality,Active
9206301,Dolo,"Dolo,Veneto,Italy",9053442,IT,Municipality,Active
9206302,Mercatino Conca,"Mercatino Conca,Marche,Italy",9053434,IT,Municipality,Active
9206303,Ripe San Ginesio,"Ripe San Ginesio,Marche,Italy",9053434,IT,Municipality,Active
9206304,Segusino,"Segusino,Veneto,Italy",9053442,IT,Municipality,Active
9206305,Andali,"Andali,Calabria,Italy",9053427,IT,Municipality,Active
9206306,Comacchio,"Comacchio,Emilia-Romagna,Italy",9053429,IT,Municipality,Active
9206307,Magliano Vetere,"Magliano Vetere,Campania,Italy",9053428,IT,Municipality,Active
9206308,Grottaminarda,"Grottaminarda,Campania,Italy",9053428,IT,Municipality,Active
9206309,Favara,"Favara,Sicily,Italy",9053438,IT,Municipality,Active
9206310,Montemignaio,"Montemignaio,Tuscany,Italy",9053440,IT,Municipality,Active
9206311,Varazze,"Varazze,Liguria,Italy",9053432,IT,Municipality,Active
9206312,Marano Lagunare,"Marano Lagunare,Friuli-Venezia Giulia,Italy",9053430,IT,Municipality,Active
9206313,Scandolara Ravara,"Scandolara Ravara,Lombardy,Italy",9053433,IT,Municipality,Active
9206314,Stresa,"Stresa,Piedmont,Italy",9053436,IT,Municipality,Active
9206315,Riposto,"Riposto,Sicily,Italy",9053438,IT,Municipality,Active
9206316,Monticelli d'Ongina,"Monticelli d'Ongina,Emilia-Romagna,Italy",9053429,IT,Municipality,Active
9206317,Figline Vegliaturo,"Figline Vegliaturo,Calabria,Italy",9053427,IT,Municipality,Active
9206318,Pojana Maggiore,"Pojana Maggiore,Veneto,Italy",9053442,IT,Municipality,Active
9206319,Palestrina,"Palestrina,Lazio,Italy",9053431,IT,Municipality,Active
9206320,Laurito,"Laurito,Campania,Italy",9053428,IT,Municipality,Active
9206321,Roscigno,"Roscigno,Campania,Italy",9053428,IT,Municipality,Active
9206322,Fraine,"Fraine,Abruzzo,Italy",9053423,IT,Municipality,Active
9206323,Capodrise,"Capodrise,Campania,Italy",9053428,IT,Municipality,Active
9206324,Palu del Fersina,"Palu del Fersina,Trentino-South Tyrol,Italy",9053439,IT,Municipality,Active
9206325,Poviglio,"Poviglio,Emilia-Romagna,Italy",9053429,IT,Municipality,Active
9206326,Fiano Romano,"Fiano Romano,Lazio,Italy",9053431,IT,Municipality,Active
9206327,Canneto Pavese,"Canneto Pavese,Lombardy,Italy",9053433,IT,Municipality,Active
9206328,Castelletto Merli,"Castelletto Merli,Piedmont,Italy",9053436,IT,Municipality,Active
9206329,Roe Volciano,"Roe Volciano,Lombardy,Italy",9053433,IT,Municipality,Active
9206330,Peio,"Peio,Trentino-South Tyrol,Italy",9053439,IT,Municipality,Active
9206331,Brignano Gera d'Adda,"Brignano Gera d'Adda,Lombardy,Italy",9053433,IT,Municipality,Active
9206332,San Giorgio di Nogaro,"San Giorgio di Nogaro,Friuli-Venezia Giulia,Italy",9053430,IT,Municipality,Active
9206333,Borgocarbonara,"Borgocarbonara,Lombardy,Italy",9053433,IT,Municipality,Active
9206334,Castellino del Biferno,"Castellino del Biferno,Molise,Italy",9053435,IT,Municipality,Active
9206335,Viticuso,"Viticuso,Lazio,Italy",9053431,IT,Municipality,Active
9206336,Pievepelago,"Pievepelago,Emilia-Romagna,Italy",9053429,IT,Municipality,Active
9206337,Montecilfone,"Montecilfone,Molise,Italy",9053435,IT,Municipality,Active
9206338,Vibonati,"Vibonati,Campania,Italy",9053428,IT,Municipality,Active
9206339,Mede,"Mede,Lombardy,Italy",9053433,IT,Municipality,Active
9206340,Salizzole,"Salizzole,Veneto,Italy",9053442,IT,Municipality,Active
9206341,Camerata Cornello,"Camerata Cornello,Lombardy,Italy",9053433,IT,Municipality,Active
9206342,Cordenons,"Cordenons,Friuli-Venezia Giulia,Italy",9053430,IT,Municipality,Active
9206343,Amaro,"Amaro,Friuli-Venezia Giulia,Italy",9053430,IT,Municipality,Active
9206344,Monopoli,"Monopoli,Apulia,Italy",9053425,IT,Municipality,Active
9206345,Borgoricco,"Borgoricco,Veneto,Italy",9053442,IT,Municipality,Active
9206346,Melzo,"Melzo,Lombardy,Italy",9053433,IT,Municipality,Active
9206347,Follo,"Follo,Liguria,Italy",9053432,IT,Municipality,Active
9206348,Porto Recanati,"Porto Recanati,Marche,Italy",9053434,IT,Municipality,Active
9206349,Montegrino Valtravaglia,"Montegrino Valtravaglia,Lombardy,Italy",9053433,IT,Municipality,Active
9206350,Marina di Gioiosa Ionica,"Marina di Gioiosa Ionica,Calabria,Italy",9053427,IT,Municipality,Active
9206351,Langosco,"Langosco,Lombardy,Italy",9053433,IT,Municipality,Active
9206352,Scurzolengo,"Scurzolengo,Piedmont,Italy",9053436,IT,Municipality,Active
9206353,Saint-Denis,"Saint-Denis,Aosta Valley,Italy",9053424,IT,Municipality,Active
9206354,Mandello del Lario,"Mandello del Lario,Lombardy,Italy",9053433,IT,Municipality,Active
9206355,Schiavi di Abruzzo,"Schiavi di Abruzzo,Abruzzo,Italy",9053423,IT,Municipality,Active
9206356,Ponte San Pietro,"Ponte San Pietro,Lombardy,Italy",9053433,IT,Municipality,Active
9206357,Seravezza,"Seravezza,Tuscany,Italy",9053440,IT,Municipality,Active
9206358,Camposanto,"Camposanto,Emilia-Romagna,Italy",9053429,IT,Municipality,Active
9206359,Busto Arsizio,"Busto Arsizio,Lombardy,Italy",9053433,IT,Municipality,Active
9206360,San Martin de Tor,"San Martin de Tor,Trentino-South Tyrol,Italy",9053439,IT,Municipality,Active
9206361,Vedelago,"Vedelago,Veneto,Italy",9053442,IT,Municipality,Active
9206362,Pietrelcina,"Pietrelcina,Campania,Italy",9053428,IT,Municipality,Active
9206363,Villafranca Tirrena,"Villafranca Tirrena,Sicily,Italy",9053438,IT,Municipality,Active
9206364,Vignate,"Vignate,Lombardy,Italy",9053433,IT,Municipality,Active
9206365,Bonemerse,"Bonemerse,Lombardy,Italy",9053433,IT,Municipality,Active
9206366,Battifollo,"Battifollo,Piedmont,Italy",9053436,IT,Municipality,Active
9206367,Rocca Massima,"Rocca Massima,Lazio,Italy",9053431,IT,Municipality,Active
9206368,Provaglio Val Sabbia,"Provaglio Val Sabbia,Lombardy,Italy",9053433,IT,Municipality,Active
9206369,Galluccio,"Galluccio,Campania,Italy",9053428,IT,Municipality,Active
9206370,Cerro Veronese,"Cerro Veronese,Veneto,Italy",9053442,IT,Municipality,Active
9206371,Sant'Alessio con Vialone,"Sant'Alessio con Vialone,Lombardy,Italy",9053433,IT,Municipality,Active
9206372,Retorbido,"Retorbido,Lombardy,Italy",9053433,IT,Municipality,Active
9206373,Cetara,"Cetara,Campania,Italy",9053428,IT,Municipality,Active
9206374,Carapelle,"Carapelle,Apulia,Italy",9053425,IT,Municipality,Active
9206375,Saltrio,"Saltrio,Lombardy,Italy",9053433,IT,Municipality,Active
9206376,Morano Calabro,"Morano Calabro,Calabria,Italy",9053427,IT,Municipality,Active
9206377,Fiesso Umbertiano,"Fiesso Umbertiano,Veneto,Italy",9053442,IT,Municipality,Active
9206378,Petralia Soprana,"Petralia Soprana,Sicily,Italy",9053438,IT,Municipality,Active
9206379,Longarone,"Longarone,Veneto,Italy",9053442,IT,Municipality,Active
9206380,Castel d'Aiano,"Castel d'Aiano,Emilia-Romagna,Italy",9053429,IT,Municipality,Active
9206381,Novello,"Novello,Piedmont,Italy",9053436,IT,Municipality,Active
9206382,Caprarola,"Caprarola,Lazio,Italy",9053431,IT,Municipality,Active
9206383,Gerola Alta,"Gerola Alta,Lombardy,Italy",9053433,IT,Municipality,Active
9206384,Pisciotta,"Pisciotta,Campania,Italy",9053428,IT,Municipality,Active
9206385,Natz-Schabs,"Natz-Schabs,Trentino-South Tyrol,Italy",9053439,IT,Municipality,Active
9206386,Briaglia,"Briaglia,Piedmont,Italy",9053436,IT,Municipality,Active
9206387,Serrone,"Serrone,Lazio,Italy",9053431,IT,Municipality,Active
9206388,Erula,"Erula,Sardinia,Italy",9053437,IT,Municipality,Active
9206389,Primaluna,"Primaluna,Lombardy,Italy",9053433,IT,Municipality,Active
9206390,Pontecorvo,"Pontecorvo,Lazio,Italy",9053431,IT,Municipality,Active
9206391,Lissone,"Lissone,Lombardy,Italy",9053433,IT,Municipality,Active
9206392,Zerfaliu,"Zerfaliu,Sardinia,Italy",9053437,IT,Municipality,Active
9206393,Pozzuoli,"Pozzuoli,Campania,Italy",9053428,IT,Municipality,Active
9206394,Ceneselli,"Ceneselli,Veneto,Italy",9053442,IT,Municipality,Active
9206395,Formigara,"Formigara,Lombardy,Italy",9053433,IT,Municipality,Active
9206396,Castropignano,"Castropignano,Molise,Italy",9053435,IT,Municipality,Active
9206397,Paciano,"Paciano,Umbria,Italy",9053441,IT,Municipality,Active
9206398,Bagnara Calabra,"Bagnara Calabra,Calabria,Italy",9053427,IT,Municipality,Active
9206399,Cortenuova,"Cortenuova,Lombardy,Italy",9053433,IT,Municipality,Active
9206400,Supersano,"Supersano,Apulia,Italy",9053425,IT,Municipality,Active
9206401,Isca sullo Ionio,"Isca sullo Ionio,Calabria,Italy",9053427,IT,Municipality,Active
9206402,Frabosa Soprana,"Frabosa Soprana,Piedmont,Italy",9053436,IT,Municipality,Active
9206403,Signa,"Signa,Tuscany,Italy",9053440,IT,Municipality,Active
9206404,Cecina,"Cecina,Tuscany,Italy",9053440,IT,Municipality,Active
9206405,Papasidero,"Papasidero,Calabria,Italy",9053427,IT,Municipality,Active
9206406,Sant'Angelo d'Alife,"Sant'Angelo d'Alife,Campania,Italy",9053428,IT,Municipality,Active
9206407,Gradoli,"Gradoli,Lazio,Italy",9053431,IT,Municipality,Active
9206408,Tavenna,"Tavenna,Molise,Italy",9053435,IT,Municipality,Active
9206409,Ciserano,"Ciserano,Lombardy,Italy",9053433,IT,Municipality,Active
9206410,Casorate Primo,"Casorate Primo,Lombardy,Italy",9053433,IT,Municipality,Active
9206411,Castelletto Molina,"Castelletto Molina,Piedmont,Italy",9053436,IT,Municipality,Active
9206412,Piedimulera,"Piedimulera,Piedmont,Italy",9053436,IT,Municipality,Active
9206413,Riano,"Riano,Lazio,Italy",9053431,IT,Municipality,Active
9206414,Asolo,"Asolo,Veneto,Italy",9053442,IT,Municipality,Active
9206415,Brienno,"Brienno,Lombardy,Italy",9053433,IT,Municipality,Active
9206416,Bessude,"Bessude,Sardinia,Italy",9053437,IT,Municipality,Active
9206417,Torrebelvicino,"Torrebelvicino,Veneto,Italy",9053442,IT,Municipality,Active
9206418,Mirabello Monferrato,"Mirabello Monferrato,Piedmont,Italy",9053436,IT,Municipality,Active
9206419,Luserna,"Luserna,Trentino-South Tyrol,Italy",9053439,IT,Municipality,Active
9206420,Castel San Vincenzo,"Castel San Vincenzo,Molise,Italy",9053435,IT,Municipality,Active
9206421,Tagliacozzo,"Tagliacozzo,Abruzzo,Italy",9053423,IT,Municipality,Active
9206422,Meduna di Livenza,"Meduna di Livenza,Veneto,Italy",9053442,IT,Municipality,Active
9206423,Castiglione d'Orcia,"Castiglione d'Orcia,Tuscany,Italy",9053440,IT,Municipality,Active
9206424,Santa Brigida,"Santa Brigida,Lombardy,Italy",9053433,IT,Municipality,Active
9206425,Bibbiena,"Bibbiena,Tuscany,Italy",9053440,IT,Municipality,Active
9206426,Flumeri,"Flumeri,Campania,Italy",9053428,IT,Municipality,Active
9206427,Fallo,"Fallo,Abruzzo,Italy",9053423,IT,Municipality,Active
9206428,Bovalino,"Bovalino,Calabria,Italy",9053427,IT,Municipality,Active
9206429,Rodi Milici,"Rodi Milici,Sicily,Italy",9053438,IT,Municipality,Active
9206430,Santa Maria Capua Vetere,"Santa Maria Capua Vetere,Campania,Italy",9053428,IT,Municipality,Active
9206431,Collegno,"Collegno,Piedmont,Italy",9053436,IT,Municipality,Active
9206432,Caselle Lurani,"Caselle Lurani,Lombardy,Italy",9053433,IT,Municipality,Active
9206433,Dervio,"Dervio,Lombardy,Italy",9053433,IT,Municipality,Active
9206434,Bortigiadas,"Bortigiadas,Sardinia,Italy",9053437,IT,Municipality,Active
9206435,Champdepraz,"Champdepraz,Aosta Valley,Italy",9053424,IT,Municipality,Active
9206436,Trezzano Rosa,"Trezzano Rosa,Lombardy,Italy",9053433,IT,Municipality,Active
9206437,Penna in Teverina,"Penna in Teverina,Umbria,Italy",9053441,IT,Municipality,Active
9206438,Borzonasca,"Borzonasca,Liguria,Italy",9053432,IT,Municipality,Active
9206439,Galbiate,"Galbiate,Lombardy,Italy",9053433,IT,Municipality,Active
9206440,Crotone,"Crotone,Calabria,Italy",9053427,IT,Municipality,Active
9206441,Vaie,"Vaie,Piedmont,Italy",9053436,IT,Municipality,Active
9206442,Bottidda,"Bottidda,Sardinia,Italy",9053437,IT,Municipality,Active
9206443,Catenanuova,"Catenanuova,Sicily,Italy",9053438,IT,Municipality,Active
9206444,Orsara di Puglia,"Orsara di Puglia,Apulia,Italy",9053425,IT,Municipality,Active
9206445,Mareo,"Mareo,Trentino-South Tyrol,Italy",9053439,IT,Municipality,Active
9206446,Bosconero,"Bosconero,Piedmont,Italy",9053436,IT,Municipality,Active
9206447,Cene,"Cene,Lombardy,Italy",9053433,IT,Municipality,Active
9206448,Anticoli Corrado,"Anticoli Corrado,Lazio,Italy",9053431,IT,Municipality,Active
9206449,Casteltermini,"Casteltermini,Sicily,Italy",9053438,IT,Municipality,Active
9206450,Millesimo,"Millesimo,Liguria,Italy",9053432,IT,Municipality,Active
9206451,Prizzi,"Prizzi,Sicily,Italy",9053438,IT,Municipality,Active
9206452,Senago,"Senago,Lombardy,Italy",9053433,IT,Municipality,Active
9206453,Mariano Comense,"Mariano Comense,Lombardy,Italy",9053433,IT,Municipality,Active
9206454,Valdidentro,"Valdidentro,Lombardy,Italy",9053433,IT,Municipality,Active
9206455,San Polo d'Enza,"San Polo d'Enza,Emilia-Romagna,Italy",9053429,IT,Municipality,Active
9206456,San Vito,"San Vito,Sardinia,Italy",9053437,IT,Municipality,Active
9206457,Usellus,"Usellus,Sardinia,Italy",9053437,IT,Municipality,Active
9206458,Lesegno,"Lesegno,Piedmont,Italy",9053436,IT,Municipality,Active
9206459,Rocca Santa Maria,"Rocca Santa Maria,Abruzzo,Italy",9053423,IT,Municipality,Active
9206460,Castagnito,"Castagnito,Piedmont,Italy",9053436,IT,Municipality,Active
9206461,Arsita,"Arsita,Abruzzo,Italy",9053423,IT,Municipality,Active
9206462,Giffoni Valle Piana,"Giffoni Valle Piana,Campania,Italy",9053428,IT,Municipality,Active
9206463,Camino,"Camino,Piedmont,Italy",9053436,IT,Municipality,Active
9206464,Greggio,"Greggio,Piedmont,Italy",9053436,IT,Municipality,Active
9206465,Torino di Sangro,"Torino di Sangro,Abruzzo,Italy",9053423,IT,Municipality,Active
9206466,Gerano,"Gerano,Lazio,Italy",9053431,IT,Municipality,Active
9206467,Candiana,"Candiana,Veneto,Italy",9053442,IT,Municipality,Active
9206468,Civitella Roveto,"Civitella Roveto,Abruzzo,Italy",9053423,IT,Municipality,Active
9206469,Fabrica di Roma,"Fabrica di Roma,Lazio,Italy",9053431,IT,Municipality,Active
9206470,Ponso,"Ponso,Veneto,Italy",9053442,IT,Municipality,Active
9206471,San Donato di Lecce,"San Donato di Lecce,Apulia,Italy",9053425,IT,Municipality,Active
9206472,Pontassieve,"Pontassieve,Tuscany,Italy",9053440,IT,Municipality,Active
9206473,Montecastello,"Montecastello,Piedmont,Italy",9053436,IT,Municipality,Active
9206474,Guardia Lombardi,"Guardia Lombardi,Campania,Italy",9053428,IT,Municipality,Active
9206475,Monte Porzio,"Monte Porzio,Marche,Italy",9053434,IT,Municipality,Active
9206476,Cividale del Friuli,"Cividale del Friuli,Friuli-Venezia Giulia,Italy",9053430,IT,Municipality,Active
9206477,Ameglia,"Ameglia,Liguria,Italy",9053432,IT,Municipality,Active
9206478,Frasso Telesino,"Frasso Telesino,Campania,Italy",9053428,IT,Municipality,Active
9206479,Castel Mella,"Castel Mella,Lombardy,Italy",9053433,IT,Municipality,Active
9206480,Stellanello,"Stellanello,Liguria,Italy",9053432,IT,Municipality,Active
9206481,Capriano del Colle,"Capriano del Colle,Lombardy,Italy",9053433,IT,Municipality,Active
9206482,Sarconi,"Sarconi,Basilicata,Italy",9053426,IT,Municipality,Active
9206483,Frazzano,"Frazzano,Sicily,Italy",9053438,IT,Municipality,Active
9206484,Jelsi,"Jelsi,Molise,Italy",9053435,IT,Municipality,Active
9206485,Baschi,"Baschi,Umbria,Italy",9053441,IT,Municipality,Active
9206486,Gangi,"Gangi,Sicily,Italy",9053438,IT,Municipality,Active
9206487,Capua,"Capua,Campania,Italy",9053428,IT,Municipality,Active
9206488,Pieve Fosciana,"Pieve Fosciana,Tuscany,Italy",9053440,IT,Municipality,Active
9206489,Narcao,"Narcao,Sardinia,Italy",9053437,IT,Municipality,Active
9206490,Massa,"Massa,Tuscany,Italy",9053440,IT,Municipality,Active
9206491,Castelsaraceno,"Castelsaraceno,Basilicata,Italy",9053426,IT,Municipality,Active
9206492,Roncadelle,"Roncadelle,Lombardy,Italy",9053433,IT,Municipality,Active
9206493,Trescore Balneario,"Trescore Balneario,Lombardy,Italy",9053433,IT,Municipality,Active
9206494,Pietraporzio,"Pietraporzio,Piedmont,Italy",9053436,IT,Municipality,Active
9206495,Costa di Rovigo,"Costa di Rovigo,Veneto,Italy",9053442,IT,Municipality,Active
9206496,Strona,"Strona,Piedmont,Italy",9053436,IT,Municipality,Active
9206497,Mogorella,"Mogorella,Sardinia,Italy",9053437,IT,Municipality,Active
9206498,Ormelle,"Ormelle,Veneto,Italy",9053442,IT,Municipality,Active
9206499,Ponti sul Mincio,"Ponti sul Mincio,Lombardy,Italy",9053433,IT,Municipality,Active
9206500,Zungri,"Zungri,Calabria,Italy",9053427,IT,Municipality,Active
9206501,Bee,"Bee,Piedmont,Italy",9053436,IT,Municipality,Active
9206502,Botricello,"Botricello,Calabria,Italy",9053427,IT,Municipality,Active
9206503,Cannobio,"Cannobio,Piedmont,Italy",9053436,IT,Municipality,Active
9206504,Rovasenda,"Rovasenda,Piedmont,Italy",9053436,IT,Municipality,Active
9206505,Roseto Capo Spulico,"Roseto Capo Spulico,Calabria,Italy",9053427,IT,Municipality,Active
9206506,Guarene,"Guarene,Piedmont,Italy",9053436,IT,Municipality,Active
9206507,Rezzo,"Rezzo,Liguria,Italy",9053432,IT,Municipality,Active
9206508,Gubbio,"Gubbio,Umbria,Italy",9053441,IT,Municipality,Active
9206509,Aliminusa,"Aliminusa,Sicily,Italy",9053438,IT,Municipality,Active
9206510,Villanova Biellese,"Villanova Biellese,Piedmont,Italy",9053436,IT,Municipality,Active
9206511,Montefalcone Appennino,"Montefalcone Appennino,Marche,Italy",9053434,IT,Municipality,Active
9206512,Sorradile,"Sorradile,Sardinia,Italy",9053437,IT,Municipality,Active
9206513,None,"None,Piedmont,Italy",9053436,IT,Municipality,Active
9206514,Corbetta,"Corbetta,Lombardy,Italy",9053433,IT,Municipality,Active
9206515,Provvidenti,"Provvidenti,Molise,Italy",9053435,IT,Municipality,Active
9206516,Rovere della Luna,"Rovere della Luna,Trentino-South Tyrol,Italy",9053439,IT,Municipality,Active
9206517,Anela,"Anela,Sardinia,Italy",9053437,IT,Municipality,Active
9206518,Dimaro,"Dimaro,Trentino-South Tyrol,Italy",9053439,IT,Municipality,Active
9206519,Paliano,"Paliano,Lazio,Italy",9053431,IT,Municipality,Active
9206520,Albano Laziale,"Albano Laziale,Lazio,Italy",9053431,IT,Municipality,Active
9206521,Baronissi,"Baronissi,Campania,Italy",9053428,IT,Municipality,Active
9206522,Canegrate,"Canegrate,Lombardy,Italy",9053433,IT,Municipality,Active
9206523,Limana,"Limana,Veneto,Italy",9053442,IT,Municipality,Active
9206524,Savignano sul Panaro,"Savignano sul Panaro,Emilia-Romagna,Italy",9053429,IT,Municipality,Active
9206525,Vercana,"Vercana,Lombardy,Italy",9053433,IT,Municipality,Active
9206526,Castellamonte,"Castellamonte,Piedmont,Italy",9053436,IT,Municipality,Active
9206527,Iglesias,"Iglesias,Sardinia,Italy",9053437,IT,Municipality,Active
9206528,Pomaro Monferrato,"Pomaro Monferrato,Piedmont,Italy",9053436,IT,Municipality,Active
9206529,Fabbriche di Vergemoli,"Fabbriche di Vergemoli,Tuscany,Italy",9053440,IT,Municipality,Active
9206530,Pero,"Pero,Lombardy,Italy",9053433,IT,Municipality,Active
9206531,Tronzano Lago Maggiore,"Tronzano Lago Maggiore,Lombardy,Italy",9053433,IT,Municipality,Active
9206532,Barbona,"Barbona,Veneto,Italy",9053442,IT,Municipality,Active
9206533,Maratea,"Maratea,Basilicata,Italy",9053426,IT,Municipality,Active
9206534,Cervia,"Cervia,Emilia-Romagna,Italy",9053429,IT,Municipality,Active
9206535,Villa Bartolomea,"Villa Bartolomea,Veneto,Italy",9053442,IT,Municipality,Active
9206536,Abano Terme,"Abano Terme,Veneto,Italy",9053442,IT,Municipality,Active
9206537,Buttigliera Alta,"Buttigliera Alta,Piedmont,Italy",9053436,IT,Municipality,Active
9206538,Claino con Osteno,"Claino con Osteno,Lombardy,Italy",9053433,IT,Municipality,Active
9206539,Bernalda,"Bernalda,Basilicata,Italy",9053426,IT,Municipality,Active
9206540,Sarnonico,"Sarnonico,Trentino-South Tyrol,Italy",9053439,IT,Municipality,Active
9206541,Pennadomo,"Pennadomo,Abruzzo,Italy",9053423,IT,Municipality,Active
9206542,Novaledo,"Novaledo,Trentino-South Tyrol,Italy",9053439,IT,Municipality,Active
9206543,Chiuro,"Chiuro,Lombardy,Italy",9053433,IT,Municipality,Active
9206544,Vermiglio,"Vermiglio,Trentino-South Tyrol,Italy",9053439,IT,Municipality,Active
9206545,Castel San Pietro Romano,"Castel San Pietro Romano,Lazio,Italy",9053431,IT,Municipality,Active
9206546,Nuvolera,"Nuvolera,Lombardy,Italy",9053433,IT,Municipality,Active
9206547,Torre Cajetani,"Torre Cajetani,Lazio,Italy",9053431,IT,Municipality,Active
9206548,Leini,"Leini,Piedmont,Italy",9053436,IT,Municipality,Active
9206549,Casorzo Monferrato,"Casorzo Monferrato,Piedmont,Italy",9053436,IT,Municipality,Active
9206550,Rosate,"Rosate,Lombardy,Italy",9053433,IT,Municipality,Active
9206551,San Stino di Livenza,"San Stino di Livenza,Veneto,Italy",9053442,IT,Municipality,Active
9206552,Trenzano,"Trenzano,Lombardy,Italy",9053433,IT,Municipality,Active
9206553,Cugnoli,"Cugnoli,Abruzzo,Italy",9053423,IT,Municipality,Active
9206554,Boccioleto,"Boccioleto,Piedmont,Italy",9053436,IT,Municipality,Active
9206555,Cornaredo,"Cornaredo,Lombardy,Italy",9053433,IT,Municipality,Active
9206556,Olang,"Olang,Trentino-South Tyrol,Italy",9053439,IT,Municipality,Active
9206557,Giba,"Giba,Sardinia,Italy",9053437,IT,Municipality,Active
9206558,Majano,"Majano,Friuli-Venezia Giulia,Italy",9053430,IT,Municipality,Active
9206559,Edolo,"Edolo,Lombardy,Italy",9053433,IT,Municipality,Active
9206560,Castellammare del Golfo,"Castellammare del Golfo,Sicily,Italy",9053438,IT,Municipality,Active
9206561,Turrivalignani,"Turrivalignani,Abruzzo,Italy",9053423,IT,Municipality,Active
9206562,Bevagna,"Bevagna,Umbria,Italy",9053441,IT,Municipality,Active
9206563,Sorgono,"Sorgono,Sardinia,Italy",9053437,IT,Municipality,Active
9206564,Terenzo,"Terenzo,Emilia-Romagna,Italy",9053429,IT,Municipality,Active
9206565,Stra,"Stra,Veneto,Italy",9053442,IT,Municipality,Active
9206566,Montegiorgio,"Montegiorgio,Marche,Italy",9053434,IT,Municipality,Active
9206567,Valdagno,"Valdagno,Veneto,Italy",9053442,IT,Municipality,Active
9206568,Grone,"Grone,Lombardy,Italy",9053433,IT,Municipality,Active
9206569,Albino,"Albino,Lombardy,Italy",9053433,IT,Municipality,Active
9206570,Malesco,"Malesco,Piedmont,Italy",9053436,IT,Municipality,Active
9206571,Furtei,"Furtei,Sardinia,Italy",9053437,IT,Municipality,Active
9206572,Anzi,"Anzi,Basilicata,Italy",9053426,IT,Municipality,Active
9206573,Oliveri,"Oliveri,Sicily,Italy",9053438,IT,Municipality,Active
9206574,Ospitale di Cadore,"Ospitale di Cadore,Veneto,Italy",9053442,IT,Municipality,Active
9206575,Graffignano,"Graffignano,Lazio,Italy",9053431,IT,Municipality,Active
9206576,Berzo Demo,"Berzo Demo,Lombardy,Italy",9053433,IT,Municipality,Active
9206577,Aglientu,"Aglientu,Sardinia,Italy",9053437,IT,Municipality,Active
9206578,Latiano,"Latiano,Apulia,Italy",9053425,IT,Municipality,Active
9206579,Rimini,"Rimini,Emilia-Romagna,Italy",9053429,IT,Municipality,Active
9206580,Noepoli,"Noepoli,Basilicata,Italy",9053426,IT,Municipality,Active
9206581,Spinoso,"Spinoso,Basilicata,Italy",9053426,IT,Municipality,Active
9206582,Arienzo,"Arienzo,Campania,Italy",9053428,IT,Municipality,Active
9206583,Mozzo,"Mozzo,Lombardy,Italy",9053433,IT,Municipality,Active
9206584,Istrana,"Istrana,Veneto,Italy",9053442,IT,Municipality,Active
9206585,Castelletto Monferrato,"Castelletto Monferrato,Piedmont,Italy",9053436,IT,Municipality,Active
9206586,Monastero di Vasco,"Monastero di Vasco,Piedmont,Italy",9053436,IT,Municipality,Active
9206587,Rogliano,"Rogliano,Calabria,Italy",9053427,IT,Municipality,Active
9206588,Varese Ligure,"Varese Ligure,Liguria,Italy",9053432,IT,Municipality,Active
9206589,Polino,"Polino,Umbria,Italy",9053441,IT,Municipality,Active
9206590,Circello,"Circello,Campania,Italy",9053428,IT,Municipality,Active
9206591,Calvizzano,"Calvizzano,Campania,Italy",9053428,IT,Municipality,Active
9206592,Bastia Umbra,"Bastia Umbra,Umbria,Italy",9053441,IT,Municipality,Active
9206593,Robilante,"Robilante,Piedmont,Italy",9053436,IT,Municipality,Active
9206594,Nuraminis,"Nuraminis,Sardinia,Italy",9053437,IT,Municipality,Active
9206595,Summonte,"Summonte,Campania,Italy",9053428,IT,Municipality,Active
9206596,Ramacca,"Ramacca,Sicily,Italy",9053438,IT,Municipality,Active
9206597,Nebbiuno,"Nebbiuno,Piedmont,Italy",9053436,IT,Municipality,Active
9206598,Novellara,"Novellara,Emilia-Romagna,Italy",9053429,IT,Municipality,Active
9206599,Centro Valle Intelvi,"Centro Valle Intelvi,Lombardy,Italy",9053433,IT,Municipality,Active
9206600,Lecco,"Lecco,Lombardy,Italy",9053433,IT,Municipality,Active
9206601,Ala dei Sardi,"Ala dei Sardi,Sardinia,Italy",9053437,IT,Municipality,Active
9206602,Morgano,"Morgano,Veneto,Italy",9053442,IT,Municipality,Active
9206603,Domicella,"Domicella,Campania,Italy",9053428,IT,Municipality,Active
9206604,Marano sul Panaro,"Marano sul Panaro,Emilia-Romagna,Italy",9053429,IT,Municipality,Active
9206605,Senna Lodigiana,"Senna Lodigiana,Lombardy,Italy",9053433,IT,Municipality,Active
9206606,Castello d'Agogna,"Castello d'Agogna,Lombardy,Italy",9053433,IT,Municipality,Active
9206607,Sauze d'Oulx,"Sauze d'Oulx,Piedmont,Italy",9053436,IT,Municipality,Active
9206608,Canosa di Puglia,"Canosa di Puglia,Apulia,Italy",9053425,IT,Municipality,Active
9206609,Moretta,"Moretta,Piedmont,Italy",9053436,IT,Municipality,Active
9206610,Urbana,"Urbana,Veneto,Italy",9053442,IT,Municipality,Active
9206611,Villar Perosa,"Villar Perosa,Piedmont,Italy",9053436,IT,Municipality,Active
9206612,Palazzo San Gervasio,"Palazzo San Gervasio,Basilicata,Italy",9053426,IT,Municipality,Active
9206613,Sant'Antimo,"Sant'Antimo,Campania,Italy",9053428,IT,Municipality,Active
9206614,Barbariga,"Barbariga,Lombardy,Italy",9053433,IT,Municipality,Active
9206615,Polia,"Polia,Calabria,Italy",9053427,IT,Municipality,Active
9206616,Castelpagano,"Castelpagano,Campania,Italy",9053428,IT,Municipality,Active
9206617,Golferenzo,"Golferenzo,Lombardy,Italy",9053433,IT,Municipality,Active
9206618,Castel del Rio,"Castel del Rio,Emilia-Romagna,Italy",9053429,IT,Municipality,Active
9206619,Lagosanto,"Lagosanto,Emilia-Romagna,Italy",9053429,IT,Municipality,Active
9206620,Orvinio,"Orvinio,Lazio,Italy",9053431,IT,Municipality,Active
9206621,Torano Castello,"Torano Castello,Calabria,Italy",9053427,IT,Municipality,Active
9206622,Vicalvi,"Vicalvi,Lazio,Italy",9053431,IT,Municipality,Active
9206623,Monte San Pietro,"Monte San Pietro,Emilia-Romagna,Italy",9053429,IT,Municipality,Active
9206624,Tortona,"Tortona,Piedmont,Italy",9053436,IT,Municipality,Active
9206625,Bioglio,"Bioglio,Piedmont,Italy",9053436,IT,Municipality,Active
9206626,Santomenna,"Santomenna,Campania,Italy",9053428,IT,Municipality,Active
9206627,Fossalta di Portogruaro,"Fossalta di Portogruaro,Veneto,Italy",9053442,IT,Municipality,Active
9206628,Cariati,"Cariati,Calabria,Italy",9053427,IT,Municipality,Active
9206629,Segariu,"Segariu,Sardinia,Italy",9053437,IT,Municipality,Active
9206630,Roviano,"Roviano,Lazio,Italy",9053431,IT,Municipality,Active
9206631,Telese Terme,"Telese Terme,Campania,Italy",9053428,IT,Municipality,Active
9206632,Caravonica,"Caravonica,Liguria,Italy",9053432,IT,Municipality,Active
9206633,Brezzo di Bedero,"Brezzo di Bedero,Lombardy,Italy",9053433,IT,Municipality,Active
9206634,Stazzano,"Stazzano,Piedmont,Italy",9053436,IT,Municipality,Active
9206635,Tromello,"Tromello,Lombardy,Italy",9053433,IT,Municipality,Active
9206636,Oltressenda Alta,"Oltressenda Alta,Lombardy,Italy",9053433,IT,Municipality,Active
9206637,San Cipriano Picentino,"San Cipriano Picentino,Campania,Italy",9053428,IT,Municipality,Active
9206638,Villasimius,"Villasimius,Sardinia,Italy",9053437,IT,Municipality,Active
9206639,Burgio,"Burgio,Sicily,Italy",9053438,IT,Municipality,Active
9206640,Salgareda,"Salgareda,Veneto,Italy",9053442,IT,Municipality,Active
9206641,Groscavallo,"Groscavallo,Piedmont,Italy",9053436,IT,Municipality,Active
9206642,Torella dei Lombardi,"Torella dei Lombardi,Campania,Italy",9053428,IT,Municipality,Active
9206643,Cambiano,"Cambiano,Piedmont,Italy",9053436,IT,Municipality,Active
9206644,Torremaggiore,"Torremaggiore,Apulia,Italy",9053425,IT,Municipality,Active
9206645,Petralia Sottana,"Petralia Sottana,Sicily,Italy",9053438,IT,Municipality,Active
9206646,Biella,"Biella,Piedmont,Italy",9053436,IT,Municipality,Active
9206647,Roghudi,"Roghudi,Calabria,Italy",9053427,IT,Municipality,Active
9206648,Laurino,"Laurino,Campania,Italy",9053428,IT,Municipality,Active
9206649,Lappano,"Lappano,Calabria,Italy",9053427,IT,Municipality,Active
9206650,Castelvetrano,"Castelvetrano,Sicily,Italy",9053438,IT,Municipality,Active
9206651,Termini Imerese,"Termini Imerese,Sicily,Italy",9053438,IT,Municipality,Active
9206652,Garzigliana,"Garzigliana,Piedmont,Italy",9053436,IT,Municipality,Active
9206653,Montedinove,"Montedinove,Marche,Italy",9053434,IT,Municipality,Active
9206654,Carate Brianza,"Carate Brianza,Lombardy,Italy",9053433,IT,Municipality,Active
9206655,Salaparuta,"Salaparuta,Sicily,Italy",9053438,IT,Municipality,Active
9206656,Prarostino,"Prarostino,Piedmont,Italy",9053436,IT,Municipality,Active
9206657,Sassoferrato,"Sassoferrato,Marche,Italy",9053434,IT,Municipality,Active
9206658,Fino Mornasco,"Fino Mornasco,Lombardy,Italy",9053433,IT,Municipality,Active
9206659,Petrosino,"Petrosino,Sicily,Italy",9053438,IT,Municipality,Active
9206660,Giaveno,"Giaveno,Piedmont,Italy",9053436,IT,Municipality,Active
9206661,Pezzana,"Pezzana,Piedmont,Italy",9053436,IT,Municipality,Active
9206662,Azzano San Paolo,"Azzano San Paolo,Lombardy,Italy",9053433,IT,Municipality,Active
9206663,Pescarolo ed Uniti,"Pescarolo ed Uniti,Lombardy,Italy",9053433,IT,Municipality,Active
9206664,Luco dei Marsi,"Luco dei Marsi,Abruzzo,Italy",9053423,IT,Municipality,Active
9206665,Concordia sulla Secchia,"Concordia sulla Secchia,Emilia-Romagna,Italy",9053429,IT,Municipality,Active
9206666,Caronno Pertusella,"Caronno Pertusella,Lombardy,Italy",9053433,IT,Municipality,Active
9206667,San Giovanni del Dosso,"San Giovanni del Dosso,Lombardy,Italy",9053433,IT,Municipality,Active
9206668,Faule,"Faule,Piedmont,Italy",9053436,IT,Municipality,Active
9206669,Villarbasse,"Villarbasse,Piedmont,Italy",9053436,IT,Municipality,Active
9206670,Morciano di Romagna,"Morciano di Romagna,Emilia-Romagna,Italy",9053429,IT,Municipality,Active
9206671,Roascio,"Roascio,Piedmont,Italy",9053436,IT,Municipality,Active
9206672,Artogne,"Artogne,Lombardy,Italy",9053433,IT,Municipality,Active
9206673,Masone,"Masone,Liguria,Italy",9053432,IT,Municipality,Active
9206674,Salza Irpina,"Salza Irpina,Campania,Italy",9053428,IT,Municipality,Active
9206675,Lombardore,"Lombardore,Piedmont,Italy",9053436,IT,Municipality,Active
9206676,Torri in Sabina,"Torri in Sabina,Lazio,Italy",9053431,IT,Municipality,Active
9206677,Escolca,"Escolca,Sardinia,Italy",9053437,IT,Municipality,Active
9206678,Acri,"Acri,Calabria,Italy",9053427,IT,Municipality,Active
9206679,Cava Manara,"Cava Manara,Lombardy,Italy",9053433,IT,Municipality,Active
9206680,Vitulano,"Vitulano,Campania,Italy",9053428,IT,Municipality,Active
9206681,Caronno Varesino,"Caronno Varesino,Lombardy,Italy",9053433,IT,Municipality,Active
9206682,Mori,"Mori,Trentino-South Tyrol,Italy",9053439,IT,Municipality,Active
9206683,Abetone Cutigliano,"Abetone Cutigliano,Tuscany,Italy",9053440,IT,Municipality,Active
9206684,Orzinuovi,"Orzinuovi,Lombardy,Italy",9053433,IT,Municipality,Active
9206685,Cusio,"Cusio,Lombardy,Italy",9053433,IT,Municipality,Active
9206686,Monte Argentario,"Monte Argentario,Tuscany,Italy",9053440,IT,Municipality,Active
9206687,Monteparano,"Monteparano,Apulia,Italy",9053425,IT,Municipality,Active
9206688,Commezzadura,"Commezzadura,Trentino-South Tyrol,Italy",9053439,IT,Municipality,Active
9206689,Pergine Valsugana,"Pergine Valsugana,Trentino-South Tyrol,Italy",9053439,IT,Municipality,Active
9206690,Campana,"Campana,Calabria,Italy",9053427,IT,Municipality,Active
9206691,Ricco del Golfo di Spezia,"Ricco del Golfo di Spezia,Liguria,Italy",9053432,IT,Municipality,Active
9206692,Collecorvino,"Collecorvino,Abruzzo,Italy",9053423,IT,Municipality,Active
9206693,San Pietro in Amantea,"San Pietro in Amantea,Calabria,Italy",9053427,IT,Municipality,Active
9206694,Valenzano,"Valenzano,Apulia,Italy",9053425,IT,Municipality,Active
9206695,Austis,"Austis,Sardinia,Italy",9053437,IT,Municipality,Active
9206696,Assemini,"Assemini,Sardinia,Italy",9053437,IT,Municipality,Active
9206697,San Cipriano d'Aversa,"San Cipriano d'Aversa,Campania,Italy",9053428,IT,Municipality,Active
9206698,Praia a Mare,"Praia a Mare,Calabria,Italy",9053427,IT,Municipality,Active
9206699,Roccamandolfi,"Roccamandolfi,Molise,Italy",9053435,IT,Municipality,Active
9206700,Como,"Como,Lombardy,Italy",9053433,IT,Municipality,Active
9206701,Villanovafranca,"Villanovafranca,Sardinia,Italy",9053437,IT,Municipality,Active
9206702,San Marcellino,"San Marcellino,Campania,Italy",9053428,IT,Municipality,Active
9206703,Quinto di Treviso,"Quinto di Treviso,Veneto,Italy",9053442,IT,Municipality,Active
9206704,Atripalda,"Atripalda,Campania,Italy",9053428,IT,Municipality,Active
9206705,Montaldo Bormida,"Montaldo Bormida,Piedmont,Italy",9053436,IT,Municipality,Active
9206706,Candida,"Candida,Campania,Italy",9053428,IT,Municipality,Active
9206707,Secugnago,"Secugnago,Lombardy,Italy",9053433,IT,Municipality,Active
9206708,Magnano in Riviera,"Magnano in Riviera,Friuli-Venezia Giulia,Italy",9053430,IT,Municipality,Active
9206709,Frontone,"Frontone,Marche,Italy",9053434,IT,Municipality,Active
9206710,Prazzo,"Prazzo,Piedmont,Italy",9053436,IT,Municipality,Active
9206711,Cavedine,"Cavedine,Trentino-South Tyrol,Italy",9053439,IT,Municipality,Active
9206712,Soresina,"Soresina,Lombardy,Italy",9053433,IT,Municipality,Active
9206713,Gandosso,"Gandosso,Lombardy,Italy",9053433,IT,Municipality,Active
9206714,Torre Orsaia,"Torre Orsaia,Campania,Italy",9053428,IT,Municipality,Active
9206715,Vistrorio,"Vistrorio,Piedmont,Italy",9053436,IT,Municipality,Active
9206716,Vastogirardi,"Vastogirardi,Molise,Italy",9053435,IT,Municipality,Active
9206717,Tremestieri Etneo,"Tremestieri Etneo,Sicily,Italy",9053438,IT,Municipality,Active
9206718,Cavour,"Cavour,Piedmont,Italy",9053436,IT,Municipality,Active
9206719,Alessandria del Carretto,"Alessandria del Carretto,Calabria,Italy",9053427,IT,Municipality,Active
9206720,Bagnaria Arsa,"Bagnaria Arsa,Friuli-Venezia Giulia,Italy",9053430,IT,Municipality,Active
9206721,Vione,"Vione,Lombardy,Italy",9053433,IT,Municipality,Active
9206722,Valeggio,"Valeggio,Lombardy,Italy",9053433,IT,Municipality,Active
9206723,Alife,"Alife,Campania,Italy",9053428,IT,Municipality,Active
9206724,Paterno,"Paterno,Basilicata,Italy",9053426,IT,Municipality,Active
9206725,Castel San Pietro Terme,"Castel San Pietro Terme,Emilia-Romagna,Italy",9053429,IT,Municipality,Active
9206726,San Luca,"San Luca,Calabria,Italy",9053427,IT,Municipality,Active
9206727,San Vito di Leguzzano,"San Vito di Leguzzano,Veneto,Italy",9053442,IT,Municipality,Active
9206728,Montagnana,"Montagnana,Veneto,Italy",9053442,IT,Municipality,Active
9206729,Quarna Sopra,"Quarna Sopra,Piedmont,Italy",9053436,IT,Municipality,Active
9206730,Fossato Serralta,"Fossato Serralta,Calabria,Italy",9053427,IT,Municipality,Active
9206731,Foggia,"Foggia,Apulia,Italy",9053425,IT,Municipality,Active
9206732,Ancona,"Ancona,Marche,Italy",9053434,IT,Municipality,Active
9206733,Avegno,"Avegno,Liguria,Italy",9053432,IT,Municipality,Active
9206734,Torrile,"Torrile,Emilia-Romagna,Italy",9053429,IT,Municipality,Active
9206735,Marigliano,"Marigliano,Campania,Italy",9053428,IT,Municipality,Active
9206736,Valle Cannobina,"Valle Cannobina,Piedmont,Italy",9053436,IT,Municipality,Active
9206737,Roccaverano,"Roccaverano,Piedmont,Italy",9053436,IT,Municipality,Active
9206738,Pedemonte,"Pedemonte,Veneto,Italy",9053442,IT,Municipality,Active
9206739,Cantiano,"Cantiano,Marche,Italy",9053434,IT,Municipality,Active
9206740,Gerenzago,"Gerenzago,Lombardy,Italy",9053433,IT,Municipality,Active
9206741,Robecco d'Oglio,"Robecco d'Oglio,Lombardy,Italy",9053433,IT,Municipality,Active
9206742,Roasio,"Roasio,Piedmont,Italy",9053436,IT,Municipality,Active
9206743,Larciano,"Larciano,Tuscany,Italy",9053440,IT,Municipality,Active
9206744,Albizzate,"Albizzate,Lombardy,Italy",9053433,IT,Municipality,Active
9206745,Reggio Calabria,"Reggio Calabria,Calabria,Italy",9053427,IT,Municipality,Active
9206746,Fossombrone,"Fossombrone,Marche,Italy",9053434,IT,Municipality,Active
9206747,Coassolo Torinese,"Coassolo Torinese,Piedmont,Italy",9053436,IT,Municipality,Active
9206748,Tito,"Tito,Basilicata,Italy",9053426,IT,Municipality,Active
9206749,Vadena,"Vadena,Trentino-South Tyrol,Italy",9053439,IT,Municipality,Active
9206750,Agugliano,"Agugliano,Marche,Italy",9053434,IT,Municipality,Active
9206751,Cassano Valcuvia,"Cassano Valcuvia,Lombardy,Italy",9053433,IT,Municipality,Active
9206752,Miglionico,"Miglionico,Basilicata,Italy",9053426,IT,Municipality,Active
9206753,Sant'Ambrogio di Valpolicella,"Sant'Ambrogio di Valpolicella,Veneto,Italy",9053442,IT,Municipality,Active
9206754,Montanaso Lombardo,"Montanaso Lombardo,Lombardy,Italy",9053433,IT,Municipality,Active
9206755,Rufina,"Rufina,Tuscany,Italy",9053440,IT,Municipality,Active
9206756,Torre Pallavicina,"Torre Pallavicina,Lombardy,Italy",9053433,IT,Municipality,Active
9206757,Percha,"Percha,Trentino-South Tyrol,Italy",9053439,IT,Municipality,Active
9206758,Cavazzo Carnico,"Cavazzo Carnico,Friuli-Venezia Giulia,Italy",9053430,IT,Municipality,Active
9206759,Orune,"Orune,Sardinia,Italy",9053437,IT,Municipality,Active
9206760,Loano,"Loano,Liguria,Italy",9053432,IT,Municipality,Active
9206761,Vaprio d'Adda,"Vaprio d'Adda,Lombardy,Italy",9053433,IT,Municipality,Active
9206762,Castiglione a Casauria,"Castiglione a Casauria,Abruzzo,Italy",9053423,IT,Municipality,Active
9206763,Valtorta,"Valtorta,Lombardy,Italy",9053433,IT,Municipality,Active
9206764,Santa Marina Salina,"Santa Marina Salina,Sicily,Italy",9053438,IT,Municipality,Active
9206765,Villa Celiera,"Villa Celiera,Abruzzo,Italy",9053423,IT,Municipality,Active
9206766,Cerenzia,"Cerenzia,Calabria,Italy",9053427,IT,Municipality,Active
9206767,Brossasco,"Brossasco,Piedmont,Italy",9053436,IT,Municipality,Active
9206768,Cossombrato,"Cossombrato,Piedmont,Italy",9053436,IT,Municipality,Active
9206769,Colli al Metauro,"Colli al Metauro,Marche,Italy",9053434,IT,Municipality,Active
9206770,Montese,"Montese,Emilia-Romagna,Italy",9053429,IT,Municipality,Active
9206771,Molise,"Molise,Molise,Italy",9053435,IT,Municipality,Active
9206772,Suardi,"Suardi,Lombardy,Italy",9053433,IT,Municipality,Active
9206773,Belmonte in Sabina,"Belmonte in Sabina,Lazio,Italy",9053431,IT,Municipality,Active
9206774,Moschiano,"Moschiano,Campania,Italy",9053428,IT,Municipality,Active
9206775,Torre d'Arese,"Torre d'Arese,Lombardy,Italy",9053433,IT,Municipality,Active
9206776,San Damiano Macra,"San Damiano Macra,Piedmont,Italy",9053436,IT,Municipality,Active
9206777,Brumano,"Brumano,Lombardy,Italy",9053433,IT,Municipality,Active
9206778,Bore,"Bore,Emilia-Romagna,Italy",9053429,IT,Municipality,Active
9206779,Francavilla Marittima,"Francavilla Marittima,Calabria,Italy",9053427,IT,Municipality,Active
9206780,San Leo,"San Leo,Emilia-Romagna,Italy",9053429,IT,Municipality,Active
9206781,Benestare,"Benestare,Calabria,Italy",9053427,IT,Municipality,Active
9206782,Soverzene,"Soverzene,Veneto,Italy",9053442,IT,Municipality,Active
9206783,Baucina,"Baucina,Sicily,Italy",9053438,IT,Municipality,Active
9206784,San Benigno Canavese,"San Benigno Canavese,Piedmont,Italy",9053436,IT,Municipality,Active
9206785,Caserta,"Caserta,Campania,Italy",9053428,IT,Municipality,Active
9206786,San Quirico d'Orcia,"San Quirico d'Orcia,Tuscany,Italy",9053440,IT,Municipality,Active
9206787,Filogaso,"Filogaso,Calabria,Italy",9053427,IT,Municipality,Active
9206788,Ponte di Piave,"Ponte di Piave,Veneto,Italy",9053442,IT,Municipality,Active
9206789,Telgate,"Telgate,Lombardy,Italy",9053433,IT,Municipality,Active
9206790,Gaggi,"Gaggi,Sicily,Italy",9053438,IT,Municipality,Active
9206791,Roccavivara,"Roccavivara,Molise,Italy",9053435,IT,Municipality,Active
9206792,Oriolo Romano,"Oriolo Romano,Lazio,Italy",9053431,IT,Municipality,Active
9206793,Castel d'Azzano,"Castel d'Azzano,Veneto,Italy",9053442,IT,Municipality,Active
9206794,San Fratello,"San Fratello,Sicily,Italy",9053438,IT,Municipality,Active
9206795,Sabbio Chiese,"Sabbio Chiese,Lombardy,Italy",9053433,IT,Municipality,Active
9206796,Salvirola,"Salvirola,Lombardy,Italy",9053433,IT,Municipality,Active
9206797,Bione,"Bione,Lombardy,Italy",9053433,IT,Municipality,Active
9206798,Capalbio,"Capalbio,Tuscany,Italy",9053440,IT,Municipality,Active
9206799,Cisano sul Neva,"Cisano sul Neva,Liguria,Italy",9053432,IT,Municipality,Active
9206800,Este,"Este,Veneto,Italy",9053442,IT,Municipality,Active
9206801,Aiello del Sabato,"Aiello del Sabato,Campania,Italy",9053428,IT,Municipality,Active
9206802,Caltrano,"Caltrano,Veneto,Italy",9053442,IT,Municipality,Active
9206803,Palomonte,"Palomonte,Campania,Italy",9053428,IT,Municipality,Active
9206804,Carnate,"Carnate,Lombardy,Italy",9053433,IT,Municipality,Active
9206805,Bruino,"Bruino,Piedmont,Italy",9053436,IT,Municipality,Active
9206806,Tufara,"Tufara,Molise,Italy",9053435,IT,Municipality,Active
9206807,Gignese,"Gignese,Piedmont,Italy",9053436,IT,Municipality,Active
9206808,Santorso,"Santorso,Veneto,Italy",9053442,IT,Municipality,Active
9206809,Farra d'Isonzo,"Farra d'Isonzo,Friuli-Venezia Giulia,Italy",9053430,IT,Municipality,Active
9206810,Bellino,"Bellino,Piedmont,Italy",9053436,IT,Municipality,Active
9206811,Santa Maria la Longa,"Santa Maria la Longa,Friuli-Venezia Giulia,Italy",9053430,IT,Municipality,Active
9206812,Licata,"Licata,Sicily,Italy",9053438,IT,Municipality,Active
9206813,Novoli,"Novoli,Apulia,Italy",9053425,IT,Municipality,Active
9206814,Castrovillari,"Castrovillari,Calabria,Italy",9053427,IT,Municipality,Active
9206815,Angolo Terme,"Angolo Terme,Lombardy,Italy",9053433,IT,Municipality,Active
9206816,Grosseto,"Grosseto,Tuscany,Italy",9053440,IT,Municipality,Active
9206817,Laurenzana,"Laurenzana,Basilicata,Italy",9053426,IT,Municipality,Active
9206818,Cerreto Guidi,"Cerreto Guidi,Tuscany,Italy",9053440,IT,Municipality,Active
9206819,Tufo,"Tufo,Campania,Italy",9053428,IT,Municipality,Active
9206820,Pomarolo,"Pomarolo,Trentino-South Tyrol,Italy",9053439,IT,Municipality,Active
9206821,Montevarchi,"Montevarchi,Tuscany,Italy",9053440,IT,Municipality,Active
9206822,Tricesimo,"Tricesimo,Friuli-Venezia Giulia,Italy",9053430,IT,Municipality,Active
9206823,Issiglio,"Issiglio,Piedmont,Italy",9053436,IT,Municipality,Active
9206824,Borgomezzavalle,"Borgomezzavalle,Piedmont,Italy",9053436,IT,Municipality,Active
9206825,Borgoratto Alessandrino,"Borgoratto Alessandrino,Piedmont,Italy",9053436,IT,Municipality,Active
9206826,Capriolo,"Capriolo,Lombardy,Italy",9053433,IT,Municipality,Active
9206827,Marliana,"Marliana,Tuscany,Italy",9053440,IT,Municipality,Active
9206828,San Cipirello,"San Cipirello,Sicily,Italy",9053438,IT,Municipality,Active
9206829,Bacoli,"Bacoli,Campania,Italy",9053428,IT,Municipality,Active
9206830,Gallicchio,"Gallicchio,Basilicata,Italy",9053426,IT,Municipality,Active
9206831,Copertino,"Copertino,Apulia,Italy",9053425,IT,Municipality,Active
9206832,Novafeltria,"Novafeltria,Emilia-Romagna,Italy",9053429,IT,Municipality,Active
9206833,Bagnolo San Vito,"Bagnolo San Vito,Lombardy,Italy",9053433,IT,Municipality,Active
9206834,Crucoli,"Crucoli,Calabria,Italy",9053427,IT,Municipality,Active
9206835,Costigliole Saluzzo,"Costigliole Saluzzo,Piedmont,Italy",9053436,IT,Municipality,Active
9206836,Barete,"Barete,Abruzzo,Italy",9053423,IT,Municipality,Active
9206837,Sossano,"Sossano,Veneto,Italy",9053442,IT,Municipality,Active
9206838,Ponzano Romano,"Ponzano Romano,Lazio,Italy",9053431,IT,Municipality,Active
9206839,Marzabotto,"Marzabotto,Emilia-Romagna,Italy",9053429,IT,Municipality,Active
9206840,Bagnoli Irpino,"Bagnoli Irpino,Campania,Italy",9053428,IT,Municipality,Active
9206841,Porto Ceresio,"Porto Ceresio,Lombardy,Italy",9053433,IT,Municipality,Active
9206842,Vallerano,"Vallerano,Lazio,Italy",9053431,IT,Municipality,Active
9206843,Montegabbione,"Montegabbione,Umbria,Italy",9053441,IT,Municipality,Active
9206844,Cirigliano,"Cirigliano,Basilicata,Italy",9053426,IT,Municipality,Active
9206845,Feroleto della Chiesa,"Feroleto della Chiesa,Calabria,Italy",9053427,IT,Municipality,Active
9206846,San Genesio ed Uniti,"San Genesio ed Uniti,Lombardy,Italy",9053433,IT,Municipality,Active
9206847,Venegono Inferiore,"Venegono Inferiore,Lombardy,Italy",9053433,IT,Municipality,Active
9206848,Bettona,"Bettona,Umbria,Italy",9053441,IT,Municipality,Active
9206849,Pozzolo Formigaro,"Pozzolo Formigaro,Piedmont,Italy",9053436,IT,Municipality,Active
9206850,Sandrigo,"Sandrigo,Veneto,Italy",9053442,IT,Municipality,Active
9206851,Caronia,"Caronia,Sicily,Italy",9053438,IT,Municipality,Active
9206852,Antrona Schieranco,"Antrona Schieranco,Piedmont,Italy",9053436,IT,Municipality,Active
9206853,Norcia,"Norcia,Umbria,Italy",9053441,IT,Municipality,Active
9206854,Casignana,"Casignana,Calabria,Italy",9053427,IT,Municipality,Active
9206855,Castelpetroso,"Castelpetroso,Molise,Italy",9053435,IT,Municipality,Active
9206856,Caprie,"Caprie,Piedmont,Italy",9053436,IT,Municipality,Active
9206857,Monte San Savino,"Monte San Savino,Tuscany,Italy",9053440,IT,Municipality,Active
9206858,Rocca Imperiale,"Rocca Imperiale,Calabria,Italy",9053427,IT,Municipality,Active
9206859,Miane,"Miane,Veneto,Italy",9053442,IT,Municipality,Active
9206860,Ollastra,"Ollastra,Sardinia,Italy",9053437,IT,Municipality,Active
9206861,Rocchetta Belbo,"Rocchetta Belbo,Piedmont,Italy",9053436,IT,Municipality,Active
9206862,Cavaglia,"Cavaglia,Piedmont,Italy",9053436,IT,Municipality,Active
9206863,Olivadi,"Olivadi,Calabria,Italy",9053427,IT,Municipality,Active
9206864,Moriago della Battaglia,"Moriago della Battaglia,Veneto,Italy",9053442,IT,Municipality,Active
9206865,Cortiglione,"Cortiglione,Piedmont,Italy",9053436,IT,Municipality,Active
9206866,Pornassio,"Pornassio,Liguria,Italy",9053432,IT,Municipality,Active
9206867,Savoca,"Savoca,Sicily,Italy",9053438,IT,Municipality,Active
9206868,Due Carrare,"Due Carrare,Veneto,Italy",9053442,IT,Municipality,Active
9206869,Erto e Casso,"Erto e Casso,Friuli-Venezia Giulia,Italy",9053430,IT,Municipality,Active
9206870,Avigliano Umbro,"Avigliano Umbro,Umbria,Italy",9053441,IT,Municipality,Active
9206871,Tora e Piccilli,"Tora e Piccilli,Campania,Italy",9053428,IT,Municipality,Active
9206872,Maiolati Spontini,"Maiolati Spontini,Marche,Italy",9053434,IT,Municipality,Active
9206873,Comeglians,"Comeglians,Friuli-Venezia Giulia,Italy",9053430,IT,Municipality,Active
9206874,Antegnate,"Antegnate,Lombardy,Italy",9053433,IT,Municipality,Active
9206875,Rionero in Vulture,"Rionero in Vulture,Basilicata,Italy",9053426,IT,Municipality,Active
9206876,Artegna,"Artegna,Friuli-Venezia Giulia,Italy",9053430,IT,Municipality,Active
9206877,Mallare,"Mallare,Liguria,Italy",9053432,IT,Municipality,Active
9206878,Grottaferrata,"Grottaferrata,Lazio,Italy",9053431,IT,Municipality,Active
9206879,Brugnato,"Brugnato,Liguria,Italy",9053432,IT,Municipality,Active
9206880,Porlezza,"Porlezza,Lombardy,Italy",9053433,IT,Municipality,Active
9206881,Trepuzzi,"Trepuzzi,Apulia,Italy",9053425,IT,Municipality,Active
9206882,Montecalvo in Foglia,"Montecalvo in Foglia,Marche,Italy",9053434,IT,Municipality,Active
9206883,San Pier d'Isonzo,"San Pier d'Isonzo,Friuli-Venezia Giulia,Italy",9053430,IT,Municipality,Active
9206884,Alice Castello,"Alice Castello,Piedmont,Italy",9053436,IT,Municipality,Active
9206885,Oricola,"Oricola,Abruzzo,Italy",9053423,IT,Municipality,Active
9206886,Monteprandone,"Monteprandone,Marche,Italy",9053434,IT,Municipality,Active
9206887,Vezzano sul Crostolo,"Vezzano sul Crostolo,Emilia-Romagna,Italy",9053429,IT,Municipality,Active
9206888,San Giuseppe Vesuviano,"San Giuseppe Vesuviano,Campania,Italy",9053428,IT,Municipality,Active
9206889,Albaretto della Torre,"Albaretto della Torre,Piedmont,Italy",9053436,IT,Municipality,Active
9206890,Auletta,"Auletta,Campania,Italy",9053428,IT,Municipality,Active
9206891,Casale Corte Cerro,"Casale Corte Cerro,Piedmont,Italy",9053436,IT,Municipality,Active
9206892,Giovo,"Giovo,Trentino-South Tyrol,Italy",9053439,IT,Municipality,Active
9206893,Vespolate,"Vespolate,Piedmont,Italy",9053436,IT,Municipality,Active
9206894,Grimacco,"Grimacco,Friuli-Venezia Giulia,Italy",9053430,IT,Municipality,Active
9206895,Aglie,"Aglie,Piedmont,Italy",9053436,IT,Municipality,Active
9206896,Entratico,"Entratico,Lombardy,Italy",9053433,IT,Municipality,Active
9206897,Motta Baluffi,"Motta Baluffi,Lombardy,Italy",9053433,IT,Municipality,Active
9206898,Civitella San Paolo,"Civitella San Paolo,Lazio,Italy",9053431,IT,Municipality,Active
9206899,Montone,"Montone,Umbria,Italy",9053441,IT,Municipality,Active
9206900,Maierato,"Maierato,Calabria,Italy",9053427,IT,Municipality,Active
9206901,Tione degli Abruzzi,"Tione degli Abruzzi,Abruzzo,Italy",9053423,IT,Municipality,Active
9206902,Cervara di Roma,"Cervara di Roma,Lazio,Italy",9053431,IT,Municipality,Active
9206903,Robecchetto con Induno,"Robecchetto con Induno,Lombardy,Italy",9053433,IT,Municipality,Active
9206904,Castronuovo di Sant'Andrea,"Castronuovo di Sant'Andrea,Basilicata,Italy",9053426,IT,Municipality,Active
9206905,Schivenoglia,"Schivenoglia,Lombardy,Italy",9053433,IT,Municipality,Active
9206906,Pietramelara,"Pietramelara,Campania,Italy",9053428,IT,Municipality,Active
9206907,Monforte San Giorgio,"Monforte San Giorgio,Sicily,Italy",9053438,IT,Municipality,Active
9206908,Civitella Alfedena,"Civitella Alfedena,Abruzzo,Italy",9053423,IT,Municipality,Active
9206909,Livigno,"Livigno,Lombardy,Italy",9053433,IT,Municipality,Active
9206910,Motta d'Affermo,"Motta d'Affermo,Sicily,Italy",9053438,IT,Municipality,Active
9206911,Villanova sull'Arda,"Villanova sull'Arda,Emilia-Romagna,Italy",9053429,IT,Municipality,Active
9206912,Nicotera,"Nicotera,Calabria,Italy",9053427,IT,Municipality,Active
9206913,Casanova Lerrone,"Casanova Lerrone,Liguria,Italy",9053432,IT,Municipality,Active
9206914,Castellucchio,"Castellucchio,Lombardy,Italy",9053433,IT,Municipality,Active
9206915,Gottolengo,"Gottolengo,Lombardy,Italy",9053433,IT,Municipality,Active
9206916,Valle di Cadore,"Valle di Cadore,Veneto,Italy",9053442,IT,Municipality,Active
9206917,Capracotta,"Capracotta,Molise,Italy",9053435,IT,Municipality,Active
9206918,Bolzano,"Bolzano,Trentino-South Tyrol,Italy",9053439,IT,Municipality,Active
9206919,Terragnolo,"Terragnolo,Trentino-South Tyrol,Italy",9053439,IT,Municipality,Active
9206920,Mazzano Romano,"Mazzano Romano,Lazio,Italy",9053431,IT,Municipality,Active
9206921,Castel San Giorgio,"Castel San Giorgio,Campania,Italy",9053428,IT,Municipality,Active
9206922,Andrate,"Andrate,Piedmont,Italy",9053436,IT,Municipality,Active
9206923,Modena,"Modena,Emilia-Romagna,Italy",9053429,IT,Municipality,Active
9206924,Drena,"Drena,Trentino-South Tyrol,Italy",9053439,IT,Municipality,Active
9206925,Noceto,"Noceto,Emilia-Romagna,Italy",9053429,IT,Municipality,Active
9206926,Torrice,"Torrice,Lazio,Italy",9053431,IT,Municipality,Active
9206927,Cattolica,"Cattolica,Emilia-Romagna,Italy",9053429,IT,Municipality,Active
9206928,Costermano sul Garda,"Costermano sul Garda,Veneto,Italy",9053442,IT,Municipality,Active
9206929,Carentino,"Carentino,Piedmont,Italy",9053436,IT,Municipality,Active
9206930,Valchiusa,"Valchiusa,Piedmont,Italy",9053436,IT,Municipality,Active
9206931,Montebelluna,"Montebelluna,Veneto,Italy",9053442,IT,Municipality,Active
9206932,Ulassai,"Ulassai,Sardinia,Italy",9053437,IT,Municipality,Active
9206933,Mugnano del Cardinale,"Mugnano del Cardinale,Campania,Italy",9053428,IT,Municipality,Active
9206934,Cinto Euganeo,"Cinto Euganeo,Veneto,Italy",9053442,IT,Municipality,Active
9206935,Jenesien,"Jenesien,Trentino-South Tyrol,Italy",9053439,IT,Municipality,Active
9206936,Busano,"Busano,Piedmont,Italy",9053436,IT,Municipality,Active
9206937,Laino Borgo,"Laino Borgo,Calabria,Italy",9053427,IT,Municipality,Active
9206938,Rapolla,"Rapolla,Basilicata,Italy",9053426,IT,Municipality,Active
9206939,Carosino,"Carosino,Apulia,Italy",9053425,IT,Municipality,Active
9206940,Cisterna di Latina,"Cisterna di Latina,Lazio,Italy",9053431,IT,Municipality,Active
9206941,Sant'Angelo in Pontano,"Sant'Angelo in Pontano,Marche,Italy",9053434,IT,Municipality,Active
9206942,Guardia Perticara,"Guardia Perticara,Basilicata,Italy",9053426,IT,Municipality,Active
9206943,Villa Lagarina,"Villa Lagarina,Trentino-South Tyrol,Italy",9053439,IT,Municipality,Active
9206944,Beinette,"Beinette,Piedmont,Italy",9053436,IT,Municipality,Active
9206945,Montoro,"Montoro,Campania,Italy",9053428,IT,Municipality,Active
9206946,Villanders,"Villanders,Trentino-South Tyrol,Italy",9053439,IT,Municipality,Active
9206947,Carate Urio,"Carate Urio,Lombardy,Italy",9053433,IT,Municipality,Active
9206948,Molinella,"Molinella,Emilia-Romagna,Italy",9053429,IT,Municipality,Active
9206949,Suno,"Suno,Piedmont,Italy",9053436,IT,Municipality,Active
9206950,Fai della Paganella,"Fai della Paganella,Trentino-South Tyrol,Italy",9053439,IT,Municipality,Active
9206951,Acquaviva Picena,"Acquaviva Picena,Marche,Italy",9053434,IT,Municipality,Active
9206952,San Martino Buon Albergo,"San Martino Buon Albergo,Veneto,Italy",9053442,IT,Municipality,Active
9206953,Prettau,"Prettau,Trentino-South Tyrol,Italy",9053439,IT,Municipality,Active
9206954,Cafasse,"Cafasse,Piedmont,Italy",9053436,IT,Municipality,Active
9206955,Ferrazzano,"Ferrazzano,Molise,Italy",9053435,IT,Municipality,Active
9206956,Aldeno,"Aldeno,Trentino-South Tyrol,Italy",9053439,IT,Municipality,Active
9206957,Rovegno,"Rovegno,Liguria,Italy",9053432,IT,Municipality,Active
9206958,Pietralunga,"Pietralunga,Umbria,Italy",9053441,IT,Municipality,Active
9206959,Palermo,"Palermo,Sicily,Italy",9053438,IT,Municipality,Active
9206960,Massimeno,"Massimeno,Trentino-South Tyrol,Italy",9053439,IT,Municipality,Active
9206961,Cusago,"Cusago,Lombardy,Italy",9053433,IT,Municipality,Active
9206962,Mansue,"Mansue,Veneto,Italy",9053442,IT,Municipality,Active
9207035,2023,"02023,Lazio,Italy",9053431,IT,Postal Code,Active
9207046,Dei Parchi - Cascina Gatti - Parpagliona,"Dei Parchi - Cascina Gatti - Parpagliona,Lombardy,Italy",9053433,IT,Neighborhood,Active
9207065,91017,"91017,Sicily,Italy",9053438,IT,Postal Code,Active
9207077,50065,"50065,Tuscany,Italy",9053440,IT,Postal Code,Active
9207079,45026,"45026,Veneto,Italy",9053442,IT,Postal Code,Active
9207086,67054,"67054,Abruzzo,Italy",9053423,IT,Postal Code,Active
9207104,3012,"03012,Lazio,Italy",9053431,IT,Postal Code,Active
9207116,Canegrate,"Canegrate,Canegrate,Lombardy,Italy",9053433,IT,City,Active
9207122,Circoscrizione 1,"Circoscrizione 1,Emilia-Romagna,Italy",9053429,IT,Neighborhood,Active
9207129,22030,"22030,Lombardy,Italy",9053433,IT,Postal Code,Active
9207137,80067,"80067,Campania,Italy",9053428,IT,Postal Code,Active
9207141,76016,"76016,Apulia,Italy",9053425,IT,Postal Code,Active
9207143,61025,"61025,Marche,Italy",9053434,IT,Postal Code,Active
9207153,50058,"50058,Tuscany,Italy",9053440,IT,Postal Code,Active
9207159,25087,"25087,Lombardy,Italy",9053433,IT,Postal Code,Active
9207166,20881,"20881,Lombardy,Italy",9053433,IT,Postal Code,Active
9207169,57016,"57016,Tuscany,Italy",9053440,IT,Postal Code,Active
9207187,59025,"59025,Tuscany,Italy",9053440,IT,Postal Code,Active
9207190,27050,"27050,Lombardy,Italy",9053433,IT,Postal Code,Active
9207231,3040,"03040,Lazio,Italy",9053431,IT,Postal Code,Active
9207248,12062,"12062,Piedmont,Italy",9053436,IT,Postal Code,Active
9207255,83024,"83024,Campania,Italy",9053428,IT,Postal Code,Active
9207275,43044,"43044,Emilia-Romagna,Italy",9053429,IT,Postal Code,Active
9207289,67038,"67038,Abruzzo,Italy",9053423,IT,Postal Code,Active
9207294,22079,"22079,Lombardy,Italy",9053433,IT,Postal Code,Active
9207309,36010,"36010,Veneto,Italy",9053442,IT,Postal Code,Active
9207312,53035,"53035,Tuscany,Italy",9053440,IT,Postal Code,Active
9207314,20876,"20876,Lombardy,Italy",9053433,IT,Postal Code,Active
9207330,20095,"20095,Lombardy,Italy",9053433,IT,Postal Code,Active
9207332,30037,"30037,Veneto,Italy",9053442,IT,Postal Code,Active
9207348,Saint Rita,"Saint Rita,Piedmont,Italy",9053436,IT,Neighborhood,Active
9207353,10052,"10052,Piedmont,Italy",9053436,IT,Postal Code,Active
9207362,30021,"30021,Veneto,Italy",9053442,IT,Postal Code,Active
9207366,66023,"66023,Abruzzo,Italy",9053423,IT,Postal Code,Active
9207368,Contrada Pantano d'Arci,"Contrada Pantano d'Arci,Sicily,Italy",9053438,IT,Neighborhood,Active
9207371,96013,"96013,Sicily,Italy",9053438,IT,Postal Code,Active
9207374,35043,"35043,Veneto,Italy",9053442,IT,Postal Code,Active
9207379,98053,"98053,Sicily,Italy",9053438,IT,Postal Code,Active
9207392,57025,"57025,Tuscany,Italy",9053440,IT,Postal Code,Active
9207393,Palazzolo Milanese,"Palazzolo Milanese,Lombardy,Italy",9053433,IT,Neighborhood,Active
9207414,55041,"55041,Tuscany,Italy",9053440,IT,Postal Code,Active
9207420,50056,"50056,Tuscany,Italy",9053440,IT,Postal Code,Active
9207430,20846,"20846,Lombardy,Italy",9053433,IT,Postal Code,Active
9207431,7037,"07037,Sardinia,Italy",9053437,IT,Postal Code,Active
9207434,96011,"96011,Sicily,Italy",9053438,IT,Postal Code,Active
9207448,73045,"73045,Apulia,Italy",9053425,IT,Postal Code,Active
9207457,71017,"71017,Apulia,Italy",9053425,IT,Postal Code,Active
9207482,7031,"07031,Sardinia,Italy",9053437,IT,Postal Code,Active
9207484,25028,"25028,Lombardy,Italy",9053433,IT,Postal Code,Active
9207488,50064,"50064,Tuscany,Italy",9053440,IT,Postal Code,Active
9207496,21055,"21055,Lombardy,Italy",9053433,IT,Postal Code,Active
9207526,191,"00191,Lazio,Italy",9053431,IT,Postal Code,Active
9207534,44123,"44123,Emilia-Romagna,Italy",9053429,IT,Postal Code,Active
9207550,86012,"86012,Molise,Italy",9053435,IT,Postal Code,Active
9207560,6030,"06030,Umbria,Italy",9053441,IT,Postal Code,Active
9207564,80069,"80069,Campania,Italy",9053428,IT,Postal Code,Active
9207573,82014,"82014,Campania,Italy",9053428,IT,Postal Code,Active
9207597,71016,"71016,Apulia,Italy",9053425,IT,Postal Code,Active
9207610,Aci Castello,"Aci Castello,Aci Castello,Sicily,Italy",9053438,IT,City,Active
9207616,85020,"85020,Basilicata,Italy",9053426,IT,Postal Code,Active
9207641,Bolzaneto,"Bolzaneto,Liguria,Italy",9053432,IT,Neighborhood,Active
9207643,73059,"73059,Apulia,Italy",9053425,IT,Postal Code,Active
9207648,27026,"27026,Lombardy,Italy",9053433,IT,Postal Code,Active
9207657,70129,"70129,Apulia,Italy",9053425,IT,Postal Code,Active
9207670,Bellaria-Igea Marina,"Bellaria-Igea Marina,Emilia-Romagna,Italy",9053429,IT,City,Active
9207680,42049,"42049,Emilia-Romagna,Italy",9053429,IT,Postal Code,Active
9207688,41051,"41051,Emilia-Romagna,Italy",9053429,IT,Postal Code,Active
9207691,57028,"57028,Tuscany,Italy",9053440,IT,Postal Code,Active
9207698,61,"00061,Lazio,Italy",9053431,IT,Postal Code,Active
9207731,43022,"43022,Emilia-Romagna,Italy",9053429,IT,Postal Code,Active
9207739,41012,"41012,Emilia-Romagna,Italy",9053429,IT,Postal Code,Active
9207766,96010,"96010,Sicily,Italy",9053438,IT,Postal Code,Active
9207779,50051,"50051,Tuscany,Italy",9053440,IT,Postal Code,Active
9207814,25018,"25018,Lombardy,Italy",9053433,IT,Postal Code,Active
9207826,86042,"86042,Molise,Italy",9053435,IT,Postal Code,Active
9207837,40033,"40033,Emilia-Romagna,Italy",9053429,IT,Postal Code,Active
9207853,26016,"26016,Lombardy,Italy",9053433,IT,Postal Code,Active
9207859,39027,"39027,Trentino-South Tyrol,Italy",9053439,IT,Postal Code,Active
9207878,57037,"57037,Tuscany,Italy",9053440,IT,Postal Code,Active
9207879,36042,"36042,Veneto,Italy",9053442,IT,Postal Code,Active
9207881,55035,"55035,Tuscany,Italy",9053440,IT,Postal Code,Active
9207883,3042,"03042,Lazio,Italy",9053431,IT,Postal Code,Active
9207894,10034,"10034,Piedmont,Italy",9053436,IT,Postal Code,Active
9207896,81020,"81020,Campania,Italy",9053428,IT,Postal Code,Active
9207906,67020,"67020,Abruzzo,Italy",9053423,IT,Postal Code,Active
9207923,62020,"62020,Marche,Italy",9053434,IT,Postal Code,Active
9207931,7052,"07052,Sardinia,Italy",9053437,IT,Postal Code,Active
9207940,96018,"96018,Sicily,Italy",9053438,IT,Postal Code,Active
9207944,62035,"62035,Marche,Italy",9053434,IT,Postal Code,Active
9207954,Lonato del Garda,"Lonato del Garda,Lonato del Garda,Lombardy,Italy",9053433,IT,City,Active
9207955,98070,"98070,Sicily,Italy",9053438,IT,Postal Code,Active
9207965,25046,"25046,Lombardy,Italy",9053433,IT,Postal Code,Active
9208075,80035,"80035,Campania,Italy",9053428,IT,Postal Code,Active
9208076,32041,"32041,Veneto,Italy",9053442,IT,Postal Code,Active
9208080,20867,"20867,Lombardy,Italy",9053433,IT,Postal Code,Active
9208109,Leverano,"Leverano,Leverano,Apulia,Italy",9053425,IT,City,Active
9208115,Porcia,"Porcia,Porcia,Friuli-Venezia Giulia,Italy",9053430,IT,City,Active
9208133,43038,"43038,Emilia-Romagna,Italy",9053429,IT,Postal Code,Active
9208150,Rivarolo Ligure,"Rivarolo Ligure,Liguria,Italy",9053432,IT,Neighborhood,Active
9208157,10137,"10137,Piedmont,Italy",9053436,IT,Postal Code,Active
9208172,10098,"10098,Piedmont,Italy",9053436,IT,Postal Code,Active
9208178,119,"00119,Lazio,Italy",9053431,IT,Postal Code,Active
9208180,30,"00030,Lazio,Italy",9053431,IT,Postal Code,Active
9208209,84131,"84131,Campania,Italy",9053428,IT,Postal Code,Active
9208219,63839,"63839,Marche,Italy",9053434,IT,Postal Code,Active
9208227,27030,"27030,Lombardy,Italy",9053433,IT,Postal Code,Active
9208241,80033,"80033,Campania,Italy",9053428,IT,Postal Code,Active
9208256,74013,"74013,Apulia,Italy",9053425,IT,Postal Code,Active
9208273,13030,"13030,Piedmont,Italy",9053436,IT,Postal Code,Active
9208294,51019,"51019,Tuscany,Italy",9053440,IT,Postal Code,Active
9208305,86092,"86092,Molise,Italy",9053435,IT,Postal Code,Active
9208307,87050,"87050,Calabria,Italy",9053427,IT,Postal Code,Active
9208311,Boscoreale,"Boscoreale,Boscoreale,Campania,Italy",9053428,IT,City,Active
9208334,10148,"10148,Piedmont,Italy",9053436,IT,Postal Code,Active
9208361,25082,"25082,Lombardy,Italy",9053433,IT,Postal Code,Active
9208363,75012,"75012,Basilicata,Italy",9053426,IT,Postal Code,Active
9208369,44022,"44022,Emilia-Romagna,Italy",9053429,IT,Postal Code,Active
9208372,3029,"03029,Lazio,Italy",9053431,IT,Postal Code,Active
9208390,64010,"64010,Abruzzo,Italy",9053423,IT,Postal Code,Active
9208395,44015,"44015,Emilia-Romagna,Italy",9053429,IT,Postal Code,Active
9208399,5017,"05017,Umbria,Italy",9053441,IT,Postal Code,Active
9208406,40037,"40037,Emilia-Romagna,Italy",9053429,IT,Postal Code,Active
9208412,74014,"74014,Apulia,Italy",9053425,IT,Postal Code,Active
9208428,76125,"76125,Apulia,Italy",9053425,IT,Postal Code,Active
9208465,1038,"01038,Lazio,Italy",9053431,IT,Postal Code,Active
9208473,17027,"17027,Liguria,Italy",9053432,IT,Postal Code,Active
9208499,31017,"31017,Veneto,Italy",9053442,IT,Postal Code,Active
9208522,84020,"84020,Campania,Italy",9053428,IT,Postal Code,Active
9208543,91015,"91015,Sicily,Italy",9053438,IT,Postal Code,Active
9208555,30176,"30176,Veneto,Italy",9053442,IT,Postal Code,Active
9208561,27028,"27028,Lombardy,Italy",9053433,IT,Postal Code,Active
9208572,20085,"20085,Lombardy,Italy",9053433,IT,Postal Code,Active
9208574,Nocera Superiore,"Nocera Superiore,Nocera Superiore,Campania,Italy",9053428,IT,City,Active
9208585,29020,"29020,Emilia-Romagna,Italy",9053429,IT,Postal Code,Active
9208586,90019,"90019,Sicily,Italy",9053438,IT,Postal Code,Active
9208591,56124,"56124,Tuscany,Italy",9053440,IT,Postal Code,Active
9208592,30013,"30013,Veneto,Italy",9053442,IT,Postal Code,Active
9208615,72012,"72012,Apulia,Italy",9053425,IT,Postal Code,Active
9208617,46045,"46045,Lombardy,Italy",9053433,IT,Postal Code,Active
9208621,57030,"57030,Tuscany,Italy",9053440,IT,Postal Code,Active
9208627,46023,"46023,Lombardy,Italy",9053433,IT,Postal Code,Active
9208645,40046,"40046,Emilia-Romagna,Italy",9053429,IT,Postal Code,Active
9208662,Municipalita di Chirignago-Zelarino,"Municipalita di Chirignago-Zelarino,Veneto,Italy",9053442,IT,Borough,Active
9208669,6038,"06038,Umbria,Italy",9053441,IT,Postal Code,Active
9208670,20061,"20061,Lombardy,Italy",9053433,IT,Postal Code,Active
9208675,47843,"47843,Emilia-Romagna,Italy",9053429,IT,Postal Code,Active
9208682,43035,"43035,Emilia-Romagna,Italy",9053429,IT,Postal Code,Active
9208690,36030,"36030,Veneto,Italy",9053442,IT,Postal Code,Active
9208695,80021,"80021,Campania,Italy",9053428,IT,Postal Code,Active
9208738,75019,"75019,Basilicata,Italy",9053426,IT,Postal Code,Active
9208747,25055,"25055,Lombardy,Italy",9053433,IT,Postal Code,Active
9208748,16137,"16137,Liguria,Italy",9053432,IT,Postal Code,Active
9208749,60037,"60037,Marche,Italy",9053434,IT,Postal Code,Active
9208759,8013,"08013,Sardinia,Italy",9053437,IT,Postal Code,Active
9208777,26010,"26010,Lombardy,Italy",9053433,IT,Postal Code,Active
9208782,2022,"02022,Lazio,Italy",9053431,IT,Postal Code,Active
9208786,44042,"44042,Emilia-Romagna,Italy",9053429,IT,Postal Code,Active
9208818,38035,"38035,Trentino-South Tyrol,Italy",9053439,IT,Postal Code,Active
9208822,23010,"23010,Lombardy,Italy",9053433,IT,Postal Code,Active
9208842,50142,"50142,Tuscany,Italy",9053440,IT,Postal Code,Active
9208859,98058,"98058,Sicily,Italy",9053438,IT,Postal Code,Active
9208866,73100,"73100,Apulia,Italy",9053425,IT,Postal Code,Active
9208884,50053,"50053,Tuscany,Italy",9053440,IT,Postal Code,Active
9208885,40011,"40011,Emilia-Romagna,Italy",9053429,IT,Postal Code,Active
9208890,66016,"66016,Abruzzo,Italy",9053423,IT,Postal Code,Active
9208891,16040,"16040,Liguria,Italy",9053432,IT,Postal Code,Active
9208897,80054,"80054,Campania,Italy",9053428,IT,Postal Code,Active
9208910,60033,"60033,Marche,Italy",9053434,IT,Postal Code,Active
9208912,44,"00044,Lazio,Italy",9053431,IT,Postal Code,Active
9208928,94100,"94100,Sicily,Italy",9053438,IT,Postal Code,Active
9208937,6063,"06063,Umbria,Italy",9053441,IT,Postal Code,Active
9208958,37141,"37141,Veneto,Italy",9053442,IT,Postal Code,Active
9208963,90041,"90041,Sicily,Italy",9053438,IT,Postal Code,Active
9208965,37026,"37026,Veneto,Italy",9053442,IT,Postal Code,Active
9208968,28924,"28924,Piedmont,Italy",9053436,IT,Postal Code,Active
9208975,90147,"90147,Sicily,Italy",9053438,IT,Postal Code,Active
9208984,53011,"53011,Tuscany,Italy",9053440,IT,Postal Code,Active
9208988,81010,"81010,Campania,Italy",9053428,IT,Postal Code,Active
9208993,San Cesareo,"San Cesareo,San Cesareo,Lazio,Italy",9053431,IT,City,Active
9209004,12023,"12023,Piedmont,Italy",9053436,IT,Postal Code,Active
9209012,10093,"10093,Piedmont,Italy",9053436,IT,Postal Code,Active
9209014,25040,"25040,Lombardy,Italy",9053433,IT,Postal Code,Active
9209017,87047,"87047,Calabria,Italy",9053427,IT,Postal Code,Active
9209020,67039,"67039,Abruzzo,Italy",9053423,IT,Postal Code,Active
9209032,48124,"48124,Emilia-Romagna,Italy",9053429,IT,Postal Code,Active
9209034,74123,"74123,Apulia,Italy",9053425,IT,Postal Code,Active
9209045,56031,"56031,Tuscany,Italy",9053440,IT,Postal Code,Active
9209048,25089,"25089,Lombardy,Italy",9053433,IT,Postal Code,Active
9209083,Zagarolo,"Zagarolo,Zagarolo,Lazio,Italy",9053431,IT,City,Active
9209085,53026,"53026,Tuscany,Italy",9053440,IT,Postal Code,Active
9209091,4012,"04012,Lazio,Italy",9053431,IT,Postal Code,Active
9209113,12020,"12020,Piedmont,Italy",9053436,IT,Postal Code,Active
9209123,65125,"65125,Abruzzo,Italy",9053423,IT,Postal Code,Active
9209131,8028,"08028,Sardinia,Italy",9053437,IT,Postal Code,Active
9209137,36015,"36015,Veneto,Italy",9053442,IT,Postal Code,Active
9209167,Palestrina,"Palestrina,Palestrina,Lazio,Italy",9053431,IT,City,Active
9209168,26029,"26029,Lombardy,Italy",9053433,IT,Postal Code,Active
9209170,10088,"10088,Piedmont,Italy",9053436,IT,Postal Code,Active
9209177,48122,"48122,Emilia-Romagna,Italy",9053429,IT,Postal Code,Active
9209190,33034,"33034,Friuli-Venezia Giulia,Italy",9053430,IT,Postal Code,Active
9209191,73028,"73028,Apulia,Italy",9053425,IT,Postal Code,Active
9209198,35133,"35133,Veneto,Italy",9053442,IT,Postal Code,Active
9209199,6081,"06081,Umbria,Italy",9053441,IT,Postal Code,Active
9209211,72017,"72017,Apulia,Italy",9053425,IT,Postal Code,Active
9209214,20089,"20089,Lombardy,Italy",9053433,IT,Postal Code,Active
9209221,Vigentino,"Vigentino,Lombardy,Italy",9053433,IT,Neighborhood,Active
9209222,57036,"57036,Tuscany,Italy",9053440,IT,Postal Code,Active
9209247,50028,"50028,Tuscany,Italy",9053440,IT,Postal Code,Active
9209261,65020,"65020,Abruzzo,Italy",9053423,IT,Postal Code,Active
9209263,23020,"23020,Lombardy,Italy",9053433,IT,Postal Code,Active
9209271,Barbaricina,"Barbaricina,Tuscany,Italy",9053440,IT,Neighborhood,Active
9209279,44049,"44049,Emilia-Romagna,Italy",9053429,IT,Postal Code,Active
9209280,37040,"37040,Veneto,Italy",9053442,IT,Postal Code,Active
9209287,23887,"23887,Lombardy,Italy",9053433,IT,Postal Code,Active
9209296,Zone 8 of Milan,"Zone 8 of Milan,Lombardy,Italy",9053433,IT,City,Active
9209305,93014,"93014,Sicily,Italy",9053438,IT,Postal Code,Active
9209314,25063,"25063,Lombardy,Italy",9053433,IT,Postal Code,Active
9209322,4011,"04011,Lazio,Italy",9053431,IT,Postal Code,Active
9209335,16010,"16010,Liguria,Italy",9053432,IT,Postal Code,Active
9209351,Milan Barrier,"Milan Barrier,Piedmont,Italy",9053436,IT,Neighborhood,Active
9209358,23854,"23854,Lombardy,Italy",9053433,IT,Postal Code,Active
9209359,38080,"38080,Trentino-South Tyrol,Italy",9053439,IT,Postal Code,Active
9209371,87041,"87041,Calabria,Italy",9053427,IT,Postal Code,Active
9209372,9126,"09126,Sardinia,Italy",9053437,IT,Postal Code,Active
9209387,21,"00021,Lazio,Italy",9053431,IT,Postal Code,Active
9209397,82010,"82010,Campania,Italy",9053428,IT,Postal Code,Active
9209414,33039,"33039,Friuli-Venezia Giulia,Italy",9053430,IT,Postal Code,Active
9209416,97018,"97018,Sicily,Italy",9053438,IT,Postal Code,Active
9209454,97019,"97019,Sicily,Italy",9053438,IT,Postal Code,Active
9209472,67030,"67030,Abruzzo,Italy",9053423,IT,Postal Code,Active
9209473,5010,"05010,Umbria,Italy",9053441,IT,Postal Code,Active
9209482,50139,"50139,Tuscany,Italy",9053440,IT,Postal Code,Active
9209486,Busto Garolfo,"Busto Garolfo,Busto Garolfo,Lombardy,Italy",9053433,IT,City,Active
9209489,41020,"41020,Emilia-Romagna,Italy",9053429,IT,Postal Code,Active
9209512,6035,"06035,Umbria,Italy",9053441,IT,Postal Code,Active
9209521,39052,"39052,Trentino-South Tyrol,Italy",9053439,IT,Postal Code,Active
9209529,36061,"36061,Veneto,Italy",9053442,IT,Postal Code,Active
9209535,48125,"48125,Emilia-Romagna,Italy",9053429,IT,Postal Code,Active
9209543,2049,"02049,Lazio,Italy",9053431,IT,Postal Code,Active
9209544,20031,"20031,Lombardy,Italy",9053433,IT,Postal Code,Active
9209587,37066,"37066,Veneto,Italy",9053442,IT,Postal Code,Active
9209636,31047,"31047,Veneto,Italy",9053442,IT,Postal Code,Active
9209649,25084,"25084,Lombardy,Italy",9053433,IT,Postal Code,Active
9209656,47864,"47864,Emilia-Romagna,Italy",9053429,IT,Postal Code,Active
9209750,88900,"88900,Calabria,Italy",9053427,IT,Postal Code,Active
9209754,65017,"65017,Abruzzo,Italy",9053423,IT,Postal Code,Active
9209760,46010,"46010,Lombardy,Italy",9053433,IT,Postal Code,Active
9209767,44028,"44028,Emilia-Romagna,Italy",9053429,IT,Postal Code,Active
9209770,90036,"90036,Sicily,Italy",9053438,IT,Postal Code,Active
9209783,84043,"84043,Campania,Italy",9053428,IT,Postal Code,Active
9209786,13835,"13835,Piedmont,Italy",9053436,IT,Postal Code,Active
9209792,20844,"20844,Lombardy,Italy",9053433,IT,Postal Code,Active
9209820,97014,"97014,Sicily,Italy",9053438,IT,Postal Code,Active
9209824,Galatina,"Galatina,Galatina,Apulia,Italy",9053425,IT,City,Active
9209839,31048,"31048,Veneto,Italy",9053442,IT,Postal Code,Active
9209857,50012,"50012,Tuscany,Italy",9053440,IT,Postal Code,Active
9209864,20882,"20882,Lombardy,Italy",9053433,IT,Postal Code,Active
9209867,Avola,"Avola,Avola,Sicily,Italy",9053438,IT,City,Active
9209888,Area Produttiva,"Area Produttiva,Lazio,Italy",9053431,IT,City,Active
9209897,46020,"46020,Lombardy,Italy",9053433,IT,Postal Code,Active
9209898,71013,"71013,Apulia,Italy",9053425,IT,Postal Code,Active
9209908,21051,"21051,Lombardy,Italy",9053433,IT,Postal Code,Active
9209923,Cornigliano,"Cornigliano,Liguria,Italy",9053432,IT,Neighborhood,Active
9209927,San Lazzaro,"San Lazzaro,Province of Parma,Emilia-Romagna,Italy",9053429,IT,Neighborhood,Active
9209931,6061,"06061,Umbria,Italy",9053441,IT,Postal Code,Active
9209934,37018,"37018,Veneto,Italy",9053442,IT,Postal Code,Active
9209939,64032,"64032,Abruzzo,Italy",9053423,IT,Postal Code,Active
9209940,63837,"63837,Marche,Italy",9053434,IT,Postal Code,Active
9209941,73040,"73040,Apulia,Italy",9053425,IT,Postal Code,Active
9209943,43013,"43013,Emilia-Romagna,Italy",9053429,IT,Postal Code,Active
9209946,10056,"10056,Piedmont,Italy",9053436,IT,Postal Code,Active
9209954,5020,"05020,Umbria,Italy",9053441,IT,Postal Code,Active
9209965,6039,"06039,Umbria,Italy",9053441,IT,Postal Code,Active
9209979,60044,"60044,Marche,Italy",9053434,IT,Postal Code,Active
9209998,87027,"87027,Calabria,Italy",9053427,IT,Postal Code,Active
9210016,31036,"31036,Veneto,Italy",9053442,IT,Postal Code,Active
9210030,32012,"32012,Veneto,Italy",9053442,IT,Postal Code,Active
9210041,20017,"20017,Lombardy,Italy",9053433,IT,Postal Code,Active
9210043,84060,"84060,Campania,Italy",9053428,IT,Postal Code,Active
9210058,61040,"61040,Marche,Italy",9053434,IT,Postal Code,Active
9210089,36040,"36040,Veneto,Italy",9053442,IT,Postal Code,Active
9210090,13,"00013,Lazio,Italy",9053431,IT,Postal Code,Active
9210093,34148,"34148,Friuli-Venezia Giulia,Italy",9053430,IT,Postal Code,Active
9210094,50019,"50019,Tuscany,Italy",9053440,IT,Postal Code,Active
9210119,34136,"34136,Friuli-Venezia Giulia,Italy",9053430,IT,Postal Code,Active
9210123,177,"00177,Lazio,Italy",9053431,IT,Postal Code,Active
9210125,24049,"24049,Lombardy,Italy",9053433,IT,Postal Code,Active
9210138,3043,"03043,Lazio,Italy",9053431,IT,Postal Code,Active
9210148,37134,"37134,Veneto,Italy",9053442,IT,Postal Code,Active
9210150,59015,"59015,Tuscany,Italy",9053440,IT,Postal Code,Active
9210153,37015,"37015,Veneto,Italy",9053442,IT,Postal Code,Active
9210156,23891,"23891,Lombardy,Italy",9053433,IT,Postal Code,Active
9210157,38050,"38050,Trentino-South Tyrol,Italy",9053439,IT,Postal Code,Active
9210164,4016,"04016,Lazio,Italy",9053431,IT,Postal Code,Active
9210165,87022,"87022,Calabria,Italy",9053427,IT,Postal Code,Active
9210175,22018,"22018,Lombardy,Italy",9053433,IT,Postal Code,Active
9210182,131,"00131,Lazio,Italy",9053431,IT,Postal Code,Active
9210196,27040,"27040,Lombardy,Italy",9053433,IT,Postal Code,Active
9210207,55051,"55051,Tuscany,Italy",9053440,IT,Postal Code,Active
9210211,43124,"43124,Emilia-Romagna,Italy",9053429,IT,Postal Code,Active
9210213,50041,"50041,Tuscany,Italy",9053440,IT,Postal Code,Active
9210219,84030,"84030,Campania,Italy",9053428,IT,Postal Code,Active
9210228,123,"00123,Lazio,Italy",9053431,IT,Postal Code,Active
9210240,80147,"80147,Campania,Italy",9053428,IT,Postal Code,Active
9210256,1036,"01036,Lazio,Italy",9053431,IT,Postal Code,Active
9210259,10036,"10036,Piedmont,Italy",9053436,IT,Postal Code,Active
9210276,36020,"36020,Veneto,Italy",9053442,IT,Postal Code,Active
9210277,Zentrum-Bozner Boden-Rentsch,"Zentrum-Bozner Boden-Rentsch,Trentino-South Tyrol,Italy",9053439,IT,Neighborhood,Active
9210294,44030,"44030,Emilia-Romagna,Italy",9053429,IT,Postal Code,Active
9210300,70038,"70038,Apulia,Italy",9053425,IT,Postal Code,Active
9210302,41019,"41019,Emilia-Romagna,Italy",9053429,IT,Postal Code,Active
9210306,46040,"46040,Lombardy,Italy",9053433,IT,Postal Code,Active
9210311,50013,"50013,Tuscany,Italy",9053440,IT,Postal Code,Active
9210323,46048,"46048,Lombardy,Italy",9053433,IT,Postal Code,Active
9210325,74024,"74024,Apulia,Italy",9053425,IT,Postal Code,Active
9210332,24061,"24061,Lombardy,Italy",9053433,IT,Postal Code,Active
9210348,67,"00067,Lazio,Italy",9053431,IT,Postal Code,Active
9210370,91023,"91023,Sicily,Italy",9053438,IT,Postal Code,Active
9210382,40131,"40131,Emilia-Romagna,Italy",9053429,IT,Postal Code,Active
9210413,25086,"25086,Lombardy,Italy",9053433,IT,Postal Code,Active
9210418,38018,"38018,Trentino-South Tyrol,Italy",9053439,IT,Postal Code,Active
9210419,57027,"57027,Tuscany,Italy",9053440,IT,Postal Code,Active
9210423,20152,"20152,Lombardy,Italy",9053433,IT,Postal Code,Active
9210433,32036,"32036,Veneto,Italy",9053442,IT,Postal Code,Active
9210434,80017,"80017,Campania,Italy",9053428,IT,Postal Code,Active
9210439,15122,"15122,Piedmont,Italy",9053436,IT,Postal Code,Active
9210468,57121,"57121,Tuscany,Italy",9053440,IT,Postal Code,Active
9210476,88065,"88065,Calabria,Italy",9053427,IT,Postal Code,Active
9210485,53042,"53042,Tuscany,Italy",9053440,IT,Postal Code,Active
9210490,50023,"50023,Tuscany,Italy",9053440,IT,Postal Code,Active
9210521,20074,"20074,Lombardy,Italy",9053433,IT,Postal Code,Active
9210522,70015,"70015,Apulia,Italy",9053425,IT,Postal Code,Active
9210542,25031,"25031,Lombardy,Italy",9053433,IT,Postal Code,Active
9210543,50135,"50135,Tuscany,Italy",9053440,IT,Postal Code,Active
9210567,13048,"13048,Piedmont,Italy",9053436,IT,Postal Code,Active
9210570,42028,"42028,Emilia-Romagna,Italy",9053429,IT,Postal Code,Active
9210573,50055,"50055,Tuscany,Italy",9053440,IT,Postal Code,Active
9210578,52017,"52017,Tuscany,Italy",9053440,IT,Postal Code,Active
9210588,31059,"31059,Veneto,Italy",9053442,IT,Postal Code,Active
9210592,37068,"37068,Veneto,Italy",9053442,IT,Postal Code,Active
9210593,90049,"90049,Sicily,Italy",9053438,IT,Postal Code,Active
9210605,40038,"40038,Emilia-Romagna,Italy",9053429,IT,Postal Code,Active
9210606,20058,"20058,Lombardy,Italy",9053433,IT,Postal Code,Active
9210632,83040,"83040,Campania,Italy",9053428,IT,Postal Code,Active
9210640,18039,"18039,Liguria,Italy",9053432,IT,Postal Code,Active
9210654,80070,"80070,Campania,Italy",9053428,IT,Postal Code,Active
9210673,36056,"36056,Veneto,Italy",9053442,IT,Postal Code,Active
9210674,50066,"50066,Tuscany,Italy",9053440,IT,Postal Code,Active
9210675,25126,"25126,Lombardy,Italy",9053433,IT,Postal Code,Active
9210685,52100,"52100,Tuscany,Italy",9053440,IT,Postal Code,Active
9210686,41028,"41028,Emilia-Romagna,Italy",9053429,IT,Postal Code,Active
9210697,67015,"67015,Abruzzo,Italy",9053423,IT,Postal Code,Active
9210709,56012,"56012,Tuscany,Italy",9053440,IT,Postal Code,Active
9210721,72021,"72021,Apulia,Italy",9053425,IT,Postal Code,Active
9210727,63833,"63833,Marche,Italy",9053434,IT,Postal Code,Active
9210728,4023,"04023,Lazio,Italy",9053431,IT,Postal Code,Active
9210729,33099,"33099,Friuli-Venezia Giulia,Italy",9053430,IT,Postal Code,Active
9210730,54029,"54029,Tuscany,Italy",9053440,IT,Postal Code,Active
9210732,40132,"40132,Emilia-Romagna,Italy",9053429,IT,Postal Code,Active
9210733,82020,"82020,Campania,Italy",9053428,IT,Postal Code,Active
9210739,148,"00148,Lazio,Italy",9053431,IT,Postal Code,Active
9210744,16157,"16157,Liguria,Italy",9053432,IT,Postal Code,Active
9210760,25124,"25124,Lombardy,Italy",9053433,IT,Postal Code,Active
9210766,Cinisi,"Cinisi,Cinisi,Sicily,Italy",9053438,IT,City,Active
9210780,90046,"90046,Sicily,Italy",9053438,IT,Postal Code,Active
9210793,20084,"20084,Lombardy,Italy",9053433,IT,Postal Code,Active
9210798,84044,"84044,Campania,Italy",9053428,IT,Postal Code,Active
9210799,37139,"37139,Veneto,Italy",9053442,IT,Postal Code,Active
9210843,60024,"60024,Marche,Italy",9053434,IT,Postal Code,Active
9210853,41014,"41014,Emilia-Romagna,Italy",9053429,IT,Postal Code,Active
9210863,33044,"33044,Friuli-Venezia Giulia,Italy",9053430,IT,Postal Code,Active
9210868,68,"00068,Lazio,Italy",9053431,IT,Postal Code,Active
9210877,84092,"84092,Campania,Italy",9053428,IT,Postal Code,Active
9210879,58043,"58043,Tuscany,Italy",9053440,IT,Postal Code,Active
9210889,37035,"37035,Veneto,Italy",9053442,IT,Postal Code,Active
9210894,45018,"45018,Veneto,Italy",9053442,IT,Postal Code,Active
9210901,84017,"84017,Campania,Italy",9053428,IT,Postal Code,Active
9210902,56017,"56017,Tuscany,Italy",9053440,IT,Postal Code,Active
9210903,10146,"10146,Piedmont,Italy",9053436,IT,Postal Code,Active
9210905,74020,"74020,Apulia,Italy",9053425,IT,Postal Code,Active
9210923,40141,"40141,Emilia-Romagna,Italy",9053429,IT,Postal Code,Active
9210932,98035,"98035,Sicily,Italy",9053438,IT,Postal Code,Active
9210942,Forio,"Forio,Forio,Campania,Italy",9053428,IT,City,Active
9210944,84073,"84073,Campania,Italy",9053428,IT,Postal Code,Active
9210951,62029,"62029,Marche,Italy",9053434,IT,Postal Code,Active
9210966,33018,"33018,Friuli-Venezia Giulia,Italy",9053430,IT,Postal Code,Active
9211018,27055,"27055,Lombardy,Italy",9053433,IT,Postal Code,Active
9211019,50068,"50068,Tuscany,Italy",9053440,IT,Postal Code,Active
9211020,37067,"37067,Veneto,Italy",9053442,IT,Postal Code,Active
9211034,65015,"65015,Abruzzo,Italy",9053423,IT,Postal Code,Active
9211049,5018,"05018,Umbria,Italy",9053441,IT,Postal Code,Active
9211058,71036,"71036,Apulia,Italy",9053425,IT,Postal Code,Active
9211060,80145,"80145,Campania,Italy",9053428,IT,Postal Code,Active
9211076,60018,"60018,Marche,Italy",9053434,IT,Postal Code,Active
9211094,74023,"74023,Apulia,Italy",9053425,IT,Postal Code,Active
9211105,Municipio III,"Municipio III,Lazio,Italy",9053431,IT,Borough,Active
9211121,45017,"45017,Veneto,Italy",9053442,IT,Postal Code,Active
9211127,50141,"50141,Tuscany,Italy",9053440,IT,Postal Code,Active
9211181,50038,"50038,Tuscany,Italy",9053440,IT,Postal Code,Active
9211189,40129,"40129,Emilia-Romagna,Italy",9053429,IT,Postal Code,Active
9211203,25038,"25038,Lombardy,Italy",9053433,IT,Postal Code,Active
9211217,81040,"81040,Campania,Italy",9053428,IT,Postal Code,Active
9211225,66054,"66054,Abruzzo,Italy",9053423,IT,Postal Code,Active
9211253,80075,"80075,Campania,Italy",9053428,IT,Postal Code,Active
9211255,88842,"88842,Calabria,Italy",9053427,IT,Postal Code,Active
9211260,29024,"29024,Emilia-Romagna,Italy",9053429,IT,Postal Code,Active
9211273,20072,"20072,Lombardy,Italy",9053433,IT,Postal Code,Active
9211274,41034,"41034,Emilia-Romagna,Italy",9053429,IT,Postal Code,Active
9211283,10043,"10043,Piedmont,Italy",9053436,IT,Postal Code,Active
9211305,81025,"81025,Campania,Italy",9053428,IT,Postal Code,Active
9211314,74026,"74026,Apulia,Italy",9053425,IT,Postal Code,Active
9211319,1033,"01033,Lazio,Italy",9053431,IT,Postal Code,Active
9211321,23806,"23806,Lombardy,Italy",9053433,IT,Postal Code,Active
9211324,87043,"87043,Calabria,Italy",9053427,IT,Postal Code,Active
9211330,12030,"12030,Piedmont,Italy",9053436,IT,Postal Code,Active
9211342,24067,"24067,Lombardy,Italy",9053433,IT,Postal Code,Active
9211343,24125,"24125,Lombardy,Italy",9053433,IT,Postal Code,Active
9211356,6053,"06053,Umbria,Italy",9053441,IT,Postal Code,Active
9211371,39032,"39032,Trentino-South Tyrol,Italy",9053439,IT,Postal Code,Active
9211399,61122,"61122,Marche,Italy",9053434,IT,Postal Code,Active
9211404,89058,"89058,Calabria,Italy",9053427,IT,Postal Code,Active
9211416,24020,"24020,Lombardy,Italy",9053433,IT,Postal Code,Active
9211419,86095,"86095,Molise,Italy",9053435,IT,Postal Code,Active
9211426,15050,"15050,Piedmont,Italy",9053436,IT,Postal Code,Active
9211430,37069,"37069,Veneto,Italy",9053442,IT,Postal Code,Active
9211435,17052,"17052,Liguria,Italy",9053432,IT,Postal Code,Active
9211447,62010,"62010,Marche,Italy",9053434,IT,Postal Code,Active
9211459,73031,"73031,Apulia,Italy",9053425,IT,Postal Code,Active
9211472,Ceglie Messapica,"Ceglie Messapica,Ceglie Messapica,Apulia,Italy",9053425,IT,City,Active
9211480,80124,"80124,Campania,Italy",9053428,IT,Postal Code,Active
9211492,81035,"81035,Campania,Italy",9053428,IT,Postal Code,Active
9211501,80020,"80020,Campania,Italy",9053428,IT,Postal Code,Active
9211510,22073,"22073,Lombardy,Italy",9053433,IT,Postal Code,Active
9211534,64023,"64023,Abruzzo,Italy",9053423,IT,Postal Code,Active
9211558,43043,"43043,Emilia-Romagna,Italy",9053429,IT,Postal Code,Active
9211589,37032,"37032,Veneto,Italy",9053442,IT,Postal Code,Active
9211613,28922,"28922,Piedmont,Italy",9053436,IT,Postal Code,Active
9211617,55032,"55032,Tuscany,Italy",9053440,IT,Postal Code,Active
9211641,63811,"63811,Marche,Italy",9053434,IT,Postal Code,Active
9211657,63100,"63100,Marche,Italy",9053434,IT,Postal Code,Active
9211669,9070,"09070,Sardinia,Italy",9053437,IT,Postal Code,Active
9211716,63900,"63900,Marche,Italy",9053434,IT,Postal Code,Active
9211719,82030,"82030,Campania,Italy",9053428,IT,Postal Code,Active
9211733,58014,"58014,Tuscany,Italy",9053440,IT,Postal Code,Active
9211740,84087,"84087,Campania,Italy",9053428,IT,Postal Code,Active
9211748,9026,"09026,Sardinia,Italy",9053437,IT,Postal Code,Active
9211759,40053,"40053,Emilia-Romagna,Italy",9053429,IT,Postal Code,Active
9211774,Procida,"Procida,Procida,Campania,Italy",9053428,IT,City,Active
9211781,98066,"98066,Sicily,Italy",9053438,IT,Postal Code,Active
9211782,45012,"45012,Veneto,Italy",9053442,IT,Postal Code,Active
9211791,86100,"86100,Molise,Italy",9053435,IT,Postal Code,Active
9211817,12070,"12070,Piedmont,Italy",9053436,IT,Postal Code,Active
9211819,63813,"63813,Marche,Italy",9053434,IT,Postal Code,Active
9211822,16032,"16032,Liguria,Italy",9053432,IT,Postal Code,Active
9211824,27029,"27029,Lombardy,Italy",9053433,IT,Postal Code,Active
9211831,37132,"37132,Veneto,Italy",9053442,IT,Postal Code,Active
9211836,87018,"87018,Calabria,Italy",9053427,IT,Postal Code,Active
9211837,22017,"22017,Lombardy,Italy",9053433,IT,Postal Code,Active
9211851,43126,"43126,Emilia-Romagna,Italy",9053429,IT,Postal Code,Active
9211853,39031,"39031,Trentino-South Tyrol,Italy",9053439,IT,Postal Code,Active
9211857,143,"00143,Lazio,Italy",9053431,IT,Postal Code,Active
9211859,58045,"58045,Tuscany,Italy",9053440,IT,Postal Code,Active
9211874,37,"00037,Lazio,Italy",9053431,IT,Postal Code,Active
9211909,37013,"37013,Veneto,Italy",9053442,IT,Postal Code,Active
9211942,43056,"43056,Emilia-Romagna,Italy",9053429,IT,Postal Code,Active
9211956,66050,"66050,Abruzzo,Italy",9053423,IT,Postal Code,Active
9211960,24057,"24057,Lombardy,Italy",9053433,IT,Postal Code,Active
9211988,60011,"60011,Marche,Italy",9053434,IT,Postal Code,Active
9211997,15049,"15049,Piedmont,Italy",9053436,IT,Postal Code,Active
9212009,9049,"09049,Sardinia,Italy",9053437,IT,Postal Code,Active
9212025,127,"00127,Lazio,Italy",9053431,IT,Postal Code,Active
9212033,32016,"32016,Veneto,Italy",9053442,IT,Postal Code,Active
9212045,22074,"22074,Lombardy,Italy",9053433,IT,Postal Code,Active
9212047,81030,"81030,Campania,Italy",9053428,IT,Postal Code,Active
9212053,10014,"10014,Piedmont,Italy",9053436,IT,Postal Code,Active
9212063,90011,"90011,Sicily,Italy",9053438,IT,Postal Code,Active
9212075,91019,"91019,Sicily,Italy",9053438,IT,Postal Code,Active
9212105,70023,"70023,Apulia,Italy",9053425,IT,Postal Code,Active
9212110,41046,"41046,Emilia-Romagna,Italy",9053429,IT,Postal Code,Active
9212133,14015,"14015,Piedmont,Italy",9053436,IT,Postal Code,Active
9212163,70017,"70017,Apulia,Italy",9053425,IT,Postal Code,Active
9212172,97100,"97100,Sicily,Italy",9053438,IT,Postal Code,Active
9212176,20041,"20041,Lombardy,Italy",9053433,IT,Postal Code,Active
9212189,80023,"80023,Campania,Italy",9053428,IT,Postal Code,Active
9212203,74019,"74019,Apulia,Italy",9053425,IT,Postal Code,Active
9212207,28060,"28060,Piedmont,Italy",9053436,IT,Postal Code,Active
9212215,46027,"46027,Lombardy,Italy",9053433,IT,Postal Code,Active
9212224,45030,"45030,Veneto,Italy",9053442,IT,Postal Code,Active
9212228,58023,"58023,Tuscany,Italy",9053440,IT,Postal Code,Active
9212250,84022,"84022,Campania,Italy",9053428,IT,Postal Code,Active
9212256,62100,"62100,Marche,Italy",9053434,IT,Postal Code,Active
9212261,48022,"48022,Emilia-Romagna,Italy",9053429,IT,Postal Code,Active
9212265,12089,"12089,Piedmont,Italy",9053436,IT,Postal Code,Active
9212271,37023,"37023,Veneto,Italy",9053442,IT,Postal Code,Active
9212274,Pietra Ligure,"Pietra Ligure,Pietra Ligure,Liguria,Italy",9053432,IT,City,Active
9212283,70043,"70043,Apulia,Italy",9053425,IT,Postal Code,Active
9212285,38030,"38030,Trentino-South Tyrol,Italy",9053439,IT,Postal Code,Active
9212314,2021,"02021,Lazio,Italy",9053431,IT,Postal Code,Active
9212349,38054,"38054,Trentino-South Tyrol,Italy",9053439,IT,Postal Code,Active
9212361,95125,"95125,Sicily,Italy",9053438,IT,Postal Code,Active
9212387,58012,"58012,Tuscany,Italy",9053440,IT,Postal Code,Active
9212402,56022,"56022,Tuscany,Italy",9053440,IT,Postal Code,Active
9212404,98122,"98122,Sicily,Italy",9053438,IT,Postal Code,Active
9212405,40054,"40054,Emilia-Romagna,Italy",9053429,IT,Postal Code,Active
9212419,Agliana,"Agliana,Agliana,Tuscany,Italy",9053440,IT,City,Active
9212432,80012,"80012,Campania,Italy",9053428,IT,Postal Code,Active
9212450,Gussago,"Gussago,Gussago,Lombardy,Italy",9053433,IT,City,Active
9212513,20156,"20156,Lombardy,Italy",9053433,IT,Postal Code,Active
9212514,66026,"66026,Abruzzo,Italy",9053423,IT,Postal Code,Active
9212526,71010,"71010,Apulia,Italy",9053425,IT,Postal Code,Active
9212543,46044,"46044,Lombardy,Italy",9053433,IT,Postal Code,Active
9212548,46030,"46030,Lombardy,Italy",9053433,IT,Postal Code,Active
9212549,38040,"38040,Trentino-South Tyrol,Italy",9053439,IT,Postal Code,Active
9212553,71037,"71037,Apulia,Italy",9053425,IT,Postal Code,Active
9212570,Lido di Camaiore,"Lido di Camaiore,Tuscany,Italy",9053440,IT,City,Active
9212584,Montemurlo,"Montemurlo,Montemurlo,Tuscany,Italy",9053440,IT,City,Active
9212600,15041,"15041,Piedmont,Italy",9053436,IT,Postal Code,Active
9212613,26012,"26012,Lombardy,Italy",9053433,IT,Postal Code,Active
9212615,38069,"38069,Trentino-South Tyrol,Italy",9053439,IT,Postal Code,Active
9212620,15040,"15040,Piedmont,Italy",9053436,IT,Postal Code,Active
9212624,23875,"23875,Lombardy,Italy",9053433,IT,Postal Code,Active
9212626,52037,"52037,Tuscany,Italy",9053440,IT,Postal Code,Active
9212632,25134,"25134,Lombardy,Italy",9053433,IT,Postal Code,Active
9212674,41124,"41124,Emilia-Romagna,Italy",9053429,IT,Postal Code,Active
9212679,22044,"22044,Lombardy,Italy",9053433,IT,Postal Code,Active
9212703,63081,"63081,Marche,Italy",9053434,IT,Postal Code,Active
9212719,62027,"62027,Marche,Italy",9053434,IT,Postal Code,Active
9212731,67045,"67045,Abruzzo,Italy",9053423,IT,Postal Code,Active
9212753,25049,"25049,Lombardy,Italy",9053433,IT,Postal Code,Active
9212757,80071,"80071,Campania,Italy",9053428,IT,Postal Code,Active
9212760,19017,"19017,Liguria,Italy",9053432,IT,Postal Code,Active
9212767,19012,"19012,Liguria,Italy",9053432,IT,Postal Code,Active
9212779,56033,"56033,Tuscany,Italy",9053440,IT,Postal Code,Active
9212784,6073,"06073,Umbria,Italy",9053441,IT,Postal Code,Active
9212787,34128,"34128,Friuli-Venezia Giulia,Italy",9053430,IT,Postal Code,Active
9212794,74016,"74016,Apulia,Italy",9053425,IT,Postal Code,Active
9212795,24014,"24014,Lombardy,Italy",9053433,IT,Postal Code,Active
9212808,20866,"20866,Lombardy,Italy",9053433,IT,Postal Code,Active
9212810,71015,"71015,Apulia,Italy",9053425,IT,Postal Code,Active
9212829,81038,"81038,Campania,Italy",9053428,IT,Postal Code,Active
9212841,84070,"84070,Campania,Italy",9053428,IT,Postal Code,Active
9212847,87011,"87011,Calabria,Italy",9053427,IT,Postal Code,Active
9212849,24043,"24043,Lombardy,Italy",9053433,IT,Postal Code,Active
9212850,33057,"33057,Friuli-Venezia Giulia,Italy",9053430,IT,Postal Code,Active
9212877,30142,"30142,Veneto,Italy",9053442,IT,Postal Code,Active
9212898,35022,"35022,Veneto,Italy",9053442,IT,Postal Code,Active
9212922,58024,"58024,Tuscany,Italy",9053440,IT,Postal Code,Active
9212934,1017,"01017,Lazio,Italy",9053431,IT,Postal Code,Active
9212942,24016,"24016,Lombardy,Italy",9053433,IT,Postal Code,Active
9212946,10044,"10044,Piedmont,Italy",9053436,IT,Postal Code,Active
9212957,28021,"28021,Piedmont,Italy",9053436,IT,Postal Code,Active
9212966,84039,"84039,Campania,Italy",9053428,IT,Postal Code,Active
9212973,45037,"45037,Veneto,Italy",9053442,IT,Postal Code,Active
9212976,26025,"26025,Lombardy,Italy",9053433,IT,Postal Code,Active
9213023,50126,"50126,Tuscany,Italy",9053440,IT,Postal Code,Active
9213035,25085,"25085,Lombardy,Italy",9053433,IT,Postal Code,Active
9213037,40064,"40064,Emilia-Romagna,Italy",9053429,IT,Postal Code,Active
9213043,10048,"10048,Piedmont,Italy",9053436,IT,Postal Code,Active
9213048,10071,"10071,Piedmont,Italy",9053436,IT,Postal Code,Active
9213091,39046,"39046,Trentino-South Tyrol,Italy",9053439,IT,Postal Code,Active
9213146,10040,"10040,Piedmont,Italy",9053436,IT,Postal Code,Active
9213157,12042,"12042,Piedmont,Italy",9053436,IT,Postal Code,Active
9213161,9012,"09012,Sardinia,Italy",9053437,IT,Postal Code,Active
9213182,63091,"63091,Marche,Italy",9053434,IT,Postal Code,Active
9213189,10077,"10077,Piedmont,Italy",9053436,IT,Postal Code,Active
9213200,73048,"73048,Apulia,Italy",9053425,IT,Postal Code,Active
9213220,89069,"89069,Calabria,Italy",9053427,IT,Postal Code,Active
9213224,33019,"33019,Friuli-Venezia Giulia,Italy",9053430,IT,Postal Code,Active
9213240,10070,"10070,Piedmont,Italy",9053436,IT,Postal Code,Active
9213262,2040,"02040,Lazio,Italy",9053431,IT,Postal Code,Active
9213266,51010,"51010,Tuscany,Italy",9053440,IT,Postal Code,Active
9213268,57021,"57021,Tuscany,Italy",9053440,IT,Postal Code,Active
9213276,Olgiate Comasco,"Olgiate Comasco,Olgiate Comasco,Lombardy,Italy",9053433,IT,City,Active
9213283,95013,"95013,Sicily,Italy",9053438,IT,Postal Code,Active
9213295,37017,"37017,Veneto,Italy",9053442,IT,Postal Code,Active
9213311,84095,"84095,Campania,Italy",9053428,IT,Postal Code,Active
9213316,84084,"84084,Campania,Italy",9053428,IT,Postal Code,Active
9213362,Chirignago-Zelarino,"Chirignago-Zelarino,Veneto,Italy",9053442,IT,City,Active
9213371,18,"00018,Lazio,Italy",9053431,IT,Postal Code,Active
9213375,23900,"23900,Lombardy,Italy",9053433,IT,Postal Code,Active
9213388,10090,"10090,Piedmont,Italy",9053436,IT,Postal Code,Active
9213390,39047,"39047,Trentino-South Tyrol,Italy",9053439,IT,Postal Code,Active
9213391,12025,"12025,Piedmont,Italy",9053436,IT,Postal Code,Active
9213403,San Biagio-Cazzaniga,"San Biagio-Cazzaniga,Lombardy,Italy",9053433,IT,Neighborhood,Active
9213410,10041,"10041,Piedmont,Italy",9053436,IT,Postal Code,Active
9213412,12010,"12010,Piedmont,Italy",9053436,IT,Postal Code,Active
9213426,98063,"98063,Sicily,Italy",9053438,IT,Postal Code,Active
9213448,Melito di Napoli,"Melito di Napoli,Melito di Napoli,Campania,Italy",9053428,IT,City,Active
9213454,37059,"37059,Veneto,Italy",9053442,IT,Postal Code,Active
9213461,85010,"85010,Basilicata,Italy",9053426,IT,Postal Code,Active
9213489,84081,"84081,Campania,Italy",9053428,IT,Postal Code,Active
9213509,6044,"06044,Umbria,Italy",9053441,IT,Postal Code,Active
9213513,86020,"86020,Molise,Italy",9053435,IT,Postal Code,Active
9213515,46100,"46100,Lombardy,Italy",9053433,IT,Postal Code,Active
9213531,73046,"73046,Apulia,Italy",9053425,IT,Postal Code,Active
9213539,40069,"40069,Emilia-Romagna,Italy",9053429,IT,Postal Code,Active
9213555,62026,"62026,Marche,Italy",9053434,IT,Postal Code,Active
9213559,47866,"47866,Emilia-Romagna,Italy",9053429,IT,Postal Code,Active
9213573,43015,"43015,Emilia-Romagna,Italy",9053429,IT,Postal Code,Active
9213574,23037,"23037,Lombardy,Italy",9053433,IT,Postal Code,Active
9213576,46049,"46049,Lombardy,Italy",9053433,IT,Postal Code,Active
9213590,24022,"24022,Lombardy,Italy",9053433,IT,Postal Code,Active
9213603,85100,"85100,Basilicata,Italy",9053426,IT,Postal Code,Active
9213604,20083,"20083,Lombardy,Italy",9053433,IT,Postal Code,Active
9213609,95022,"95022,Sicily,Italy",9053438,IT,Postal Code,Active
9213620,16149,"16149,Liguria,Italy",9053432,IT,Postal Code,Active
9213621,23030,"23030,Lombardy,Italy",9053433,IT,Postal Code,Active
9213637,87046,"87046,Calabria,Italy",9053427,IT,Postal Code,Active
9213647,9134,"09134,Sardinia,Italy",9053437,IT,Postal Code,Active
9213649,90135,"90135,Sicily,Italy",9053438,IT,Postal Code,Active
9213651,1030,"01030,Lazio,Italy",9053431,IT,Postal Code,Active
9213668,12014,"12014,Piedmont,Italy",9053436,IT,Postal Code,Active
9213672,57124,"57124,Tuscany,Italy",9053440,IT,Postal Code,Active
9213673,37029,"37029,Veneto,Italy",9053442,IT,Postal Code,Active
9213715,39044,"39044,Trentino-South Tyrol,Italy",9053439,IT,Postal Code,Active
9213722,83042,"83042,Campania,Italy",9053428,IT,Postal Code,Active
9213723,188,"00188,Lazio,Italy",9053431,IT,Postal Code,Active
9213728,20021,"20021,Lombardy,Italy",9053433,IT,Postal Code,Active
9213749,39048,"39048,Trentino-South Tyrol,Italy",9053439,IT,Postal Code,Active
9213754,4100,"04100,Lazio,Italy",9053431,IT,Postal Code,Active
9213757,37128,"37128,Veneto,Italy",9053442,IT,Postal Code,Active
9213760,80061,"80061,Campania,Italy",9053428,IT,Postal Code,Active
9213766,74122,"74122,Apulia,Italy",9053425,IT,Postal Code,Active
9213781,50060,"50060,Tuscany,Italy",9053440,IT,Postal Code,Active
9213782,15070,"15070,Piedmont,Italy",9053436,IT,Postal Code,Active
9213787,48121,"48121,Emilia-Romagna,Italy",9053429,IT,Postal Code,Active
9213822,54011,"54011,Tuscany,Italy",9053440,IT,Postal Code,Active
9213826,35136,"35136,Veneto,Italy",9053442,IT,Postal Code,Active
9213828,31023,"31023,Veneto,Italy",9053442,IT,Postal Code,Active
9213841,40059,"40059,Emilia-Romagna,Italy",9053429,IT,Postal Code,Active
9213848,Area Industriale,"Area Industriale,Emilia-Romagna,Italy",9053429,IT,City,Active
9213853,13060,"13060,Piedmont,Italy",9053436,IT,Postal Code,Active
9213861,29121,"29121,Emilia-Romagna,Italy",9053429,IT,Postal Code,Active
9213870,57014,"57014,Tuscany,Italy",9053440,IT,Postal Code,Active
9213871,19031,"19031,Liguria,Italy",9053432,IT,Postal Code,Active
9213879,48017,"48017,Emilia-Romagna,Italy",9053429,IT,Postal Code,Active
9213882,Fregenae,"Fregenae,Lazio,Italy",9053431,IT,City,Active
9213896,27049,"27049,Lombardy,Italy",9053433,IT,Postal Code,Active
9213898,34071,"34071,Friuli-Venezia Giulia,Italy",9053430,IT,Postal Code,Active
9213910,36016,"36016,Veneto,Italy",9053442,IT,Postal Code,Active
9213944,90124,"90124,Sicily,Italy",9053438,IT,Postal Code,Active
9213954,6069,"06069,Umbria,Italy",9053441,IT,Postal Code,Active
9213956,37024,"37024,Veneto,Italy",9053442,IT,Postal Code,Active
9213961,20077,"20077,Lombardy,Italy",9053433,IT,Postal Code,Active
9213988,47865,"47865,Emilia-Romagna,Italy",9053429,IT,Postal Code,Active
9214009,9129,"09129,Sardinia,Italy",9053437,IT,Postal Code,Active
9214010,12040,"12040,Piedmont,Italy",9053436,IT,Postal Code,Active
9214013,84091,"84091,Campania,Italy",9053428,IT,Postal Code,Active
9214017,Gries-San Quirino,"Gries-San Quirino,Trentino-South Tyrol,Italy",9053439,IT,Neighborhood,Active
9214018,20042,"20042,Lombardy,Italy",9053433,IT,Postal Code,Active
9214033,10156,"10156,Piedmont,Italy",9053436,IT,Postal Code,Active
9214036,Eighth Municipality of Naples,"Eighth Municipality of Naples,Campania,Italy",9053428,IT,Borough,Active
9214043,Alberobello,"Alberobello,Alberobello,Apulia,Italy",9053425,IT,City,Active
9214066,90129,"90129,Sicily,Italy",9053438,IT,Postal Code,Active
9214067,Massa Lubrense,"Massa Lubrense,Massa Lubrense,Campania,Italy",9053428,IT,City,Active
9214094,47842,"47842,Emilia-Romagna,Italy",9053429,IT,Postal Code,Active
9214098,37046,"37046,Veneto,Italy",9053442,IT,Postal Code,Active
9214112,25019,"25019,Lombardy,Italy",9053433,IT,Postal Code,Active
9214125,Sant'Antonio Abate,"Sant'Antonio Abate,Sant'Antonio Abate,Campania,Italy",9053428,IT,City,Active
9214137,22038,"22038,Lombardy,Italy",9053433,IT,Postal Code,Active
9214144,86019,"86019,Molise,Italy",9053435,IT,Postal Code,Active
9214149,90125,"90125,Sicily,Italy",9053438,IT,Postal Code,Active
9214156,98068,"98068,Sicily,Italy",9053438,IT,Postal Code,Active
9214157,42018,"42018,Emilia-Romagna,Italy",9053429,IT,Postal Code,Active
9214165,57022,"57022,Tuscany,Italy",9053440,IT,Postal Code,Active
9214177,81039,"81039,Campania,Italy",9053428,IT,Postal Code,Active
9214181,57034,"57034,Tuscany,Italy",9053440,IT,Postal Code,Active
9214201,4018,"04018,Lazio,Italy",9053431,IT,Postal Code,Active
9214207,98028,"98028,Sicily,Italy",9053438,IT,Postal Code,Active
9214221,80026,"80026,Campania,Italy",9053428,IT,Postal Code,Active
9214233,65129,"65129,Abruzzo,Italy",9053423,IT,Postal Code,Active
9214234,36033,"36033,Veneto,Italy",9053442,IT,Postal Code,Active
9214236,27045,"27045,Lombardy,Italy",9053433,IT,Postal Code,Active
9214242,20824,"20824,Lombardy,Italy",9053433,IT,Postal Code,Active
9214247,88060,"88060,Calabria,Italy",9053427,IT,Postal Code,Active
9214248,40010,"40010,Emilia-Romagna,Italy",9053429,IT,Postal Code,Active
9214274,84096,"84096,Campania,Italy",9053428,IT,Postal Code,Active
9214283,26015,"26015,Lombardy,Italy",9053433,IT,Postal Code,Active
9214290,6055,"06055,Umbria,Italy",9053441,IT,Postal Code,Active
9214299,52028,"52028,Tuscany,Italy",9053440,IT,Postal Code,Active
9214309,16152,"16152,Liguria,Italy",9053432,IT,Postal Code,Active
9214312,98125,"98125,Sicily,Italy",9053438,IT,Postal Code,Active
9214332,8029,"08029,Sardinia,Italy",9053437,IT,Postal Code,Active
9214345,Rocca di Papa,"Rocca di Papa,Rocca di Papa,Lazio,Italy",9053431,IT,City,Active
9214366,35017,"35017,Veneto,Italy",9053442,IT,Postal Code,Active
9214367,43049,"43049,Emilia-Romagna,Italy",9053429,IT,Postal Code,Active
9214381,29029,"29029,Emilia-Romagna,Italy",9053429,IT,Postal Code,Active
9214397,50143,"50143,Tuscany,Italy",9053440,IT,Postal Code,Active
9214416,50063,"50063,Tuscany,Italy",9053440,IT,Postal Code,Active
9214426,12038,"12038,Piedmont,Italy",9053436,IT,Postal Code,Active
9214439,84048,"84048,Campania,Italy",9053428,IT,Postal Code,Active
9214454,18038,"18038,Liguria,Italy",9053432,IT,Postal Code,Active
9214463,60040,"60040,Marche,Italy",9053434,IT,Postal Code,Active
9214471,24029,"24029,Lombardy,Italy",9053433,IT,Postal Code,Active
9214520,35045,"35045,Veneto,Italy",9053442,IT,Postal Code,Active
9214523,41023,"41023,Emilia-Romagna,Italy",9053429,IT,Postal Code,Active
9214546,60035,"60035,Marche,Italy",9053434,IT,Postal Code,Active
9214571,60126,"60126,Marche,Italy",9053434,IT,Postal Code,Active
9214583,7029,"07029,Sardinia,Italy",9053437,IT,Postal Code,Active
9214590,40135,"40135,Emilia-Romagna,Italy",9053429,IT,Postal Code,Active
9214597,12037,"12037,Piedmont,Italy",9053436,IT,Postal Code,Active
9214603,66038,"66038,Abruzzo,Italy",9053423,IT,Postal Code,Active
9214658,45024,"45024,Veneto,Italy",9053442,IT,Postal Code,Active
9214659,57031,"57031,Tuscany,Italy",9053440,IT,Postal Code,Active
9214662,20065,"20065,Lombardy,Italy",9053433,IT,Postal Code,Active
9214663,82034,"82034,Campania,Italy",9053428,IT,Postal Code,Active
9214708,61012,"61012,Marche,Italy",9053434,IT,Postal Code,Active
9214712,56019,"56019,Tuscany,Italy",9053440,IT,Postal Code,Active
9214724,2032,"02032,Lazio,Italy",9053431,IT,Postal Code,Active
9214728,90123,"90123,Sicily,Italy",9053438,IT,Postal Code,Active
9214730,20,"00020,Lazio,Italy",9053431,IT,Postal Code,Active
9214750,84046,"84046,Campania,Italy",9053428,IT,Postal Code,Active
9214754,35135,"35135,Veneto,Italy",9053442,IT,Postal Code,Active
9214759,20132,"20132,Lombardy,Italy",9053433,IT,Postal Code,Active
9214761,20073,"20073,Lombardy,Italy",9053433,IT,Postal Code,Active
9214766,42022,"42022,Emilia-Romagna,Italy",9053429,IT,Postal Code,Active
9214768,42013,"42013,Emilia-Romagna,Italy",9053429,IT,Postal Code,Active
9214791,63072,"63072,Marche,Italy",9053434,IT,Postal Code,Active
9214792,55023,"55023,Tuscany,Italy",9053440,IT,Postal Code,Active
9214813,8022,"08022,Sardinia,Italy",9053437,IT,Postal Code,Active
9214819,12045,"12045,Piedmont,Italy",9053436,IT,Postal Code,Active
9214825,83021,"83021,Campania,Italy",9053428,IT,Postal Code,Active
9214830,92100,"92100,Sicily,Italy",9053438,IT,Postal Code,Active
9214844,33036,"33036,Friuli-Venezia Giulia,Italy",9053430,IT,Postal Code,Active
9214846,21030,"21030,Lombardy,Italy",9053433,IT,Postal Code,Active
9214865,9040,"09040,Sardinia,Italy",9053437,IT,Postal Code,Active
9214892,41056,"41056,Emilia-Romagna,Italy",9053429,IT,Postal Code,Active
9214906,71011,"71011,Apulia,Italy",9053425,IT,Postal Code,Active
9214913,9122,"09122,Sardinia,Italy",9053437,IT,Postal Code,Active
9214919,6135,"06135,Umbria,Italy",9053441,IT,Postal Code,Active
9214927,31029,"31029,Veneto,Italy",9053442,IT,Postal Code,Active
9214944,30133,"30133,Veneto,Italy",9053442,IT,Postal Code,Active
9214954,4020,"04020,Lazio,Italy",9053431,IT,Postal Code,Active
9214963,73022,"73022,Apulia,Italy",9053425,IT,Postal Code,Active
9214969,132,"00132,Lazio,Italy",9053431,IT,Postal Code,Active
9214971,25056,"25056,Lombardy,Italy",9053433,IT,Postal Code,Active
9215002,73041,"73041,Apulia,Italy",9053425,IT,Postal Code,Active
9215005,27022,"27022,Lombardy,Italy",9053433,IT,Postal Code,Active
9215016,39058,"39058,Trentino-South Tyrol,Italy",9053439,IT,Postal Code,Active
9215025,20871,"20871,Lombardy,Italy",9053433,IT,Postal Code,Active
9215055,3031,"03031,Lazio,Italy",9053431,IT,Postal Code,Active
9215058,75100,"75100,Basilicata,Italy",9053426,IT,Postal Code,Active
9215073,62019,"62019,Marche,Italy",9053434,IT,Postal Code,Active
9215089,Nardo,"Nardo,Nardo,Apulia,Italy",9053425,IT,City,Active
9215115,65128,"65128,Abruzzo,Italy",9053423,IT,Postal Code,Active
9215125,95045,"95045,Sicily,Italy",9053438,IT,Postal Code,Active
9215133,40061,"40061,Emilia-Romagna,Italy",9053429,IT,Postal Code,Active
9215153,42035,"42035,Emilia-Romagna,Italy",9053429,IT,Postal Code,Active
9215162,30035,"30035,Veneto,Italy",9053442,IT,Postal Code,Active
9215177,33077,"33077,Friuli-Venezia Giulia,Italy",9053430,IT,Postal Code,Active
9215183,Ottavia,"Ottavia,Lazio,Italy",9053431,IT,City,Active
9215189,87036,"87036,Calabria,Italy",9053427,IT,Postal Code,Active
9215215,87040,"87040,Calabria,Italy",9053427,IT,Postal Code,Active
9215246,55047,"55047,Tuscany,Italy",9053440,IT,Postal Code,Active
9215251,24019,"24019,Lombardy,Italy",9053433,IT,Postal Code,Active
9215253,70027,"70027,Apulia,Italy",9053425,IT,Postal Code,Active
9215276,20865,"20865,Lombardy,Italy",9053433,IT,Postal Code,Active
9215282,25034,"25034,Lombardy,Italy",9053433,IT,Postal Code,Active
9215300,10072,"10072,Piedmont,Italy",9053436,IT,Postal Code,Active
9215303,64046,"64046,Abruzzo,Italy",9053423,IT,Postal Code,Active
9215333,35044,"35044,Veneto,Italy",9053442,IT,Postal Code,Active
9215335,71019,"71019,Apulia,Italy",9053425,IT,Postal Code,Active
9215349,2010,"02010,Lazio,Italy",9053431,IT,Postal Code,Active
9215356,43036,"43036,Emilia-Romagna,Italy",9053429,IT,Postal Code,Active
9215360,17026,"17026,Liguria,Italy",9053432,IT,Postal Code,Active
9215370,62018,"62018,Marche,Italy",9053434,IT,Postal Code,Active
9215377,6012,"06012,Umbria,Italy",9053441,IT,Postal Code,Active
9215391,6089,"06089,Umbria,Italy",9053441,IT,Postal Code,Active
9215397,88021,"88021,Calabria,Italy",9053427,IT,Postal Code,Active
9215407,24065,"24065,Lombardy,Italy",9053433,IT,Postal Code,Active
9215414,43014,"43014,Emilia-Romagna,Italy",9053429,IT,Postal Code,Active
9215437,20011,"20011,Lombardy,Italy",9053433,IT,Postal Code,Active
9215446,25080,"25080,Lombardy,Italy",9053433,IT,Postal Code,Active
9215468,20098,"20098,Lombardy,Italy",9053433,IT,Postal Code,Active
9215471,87064,"87064,Calabria,Italy",9053427,IT,Postal Code,Active
9215474,24051,"24051,Lombardy,Italy",9053433,IT,Postal Code,Active
9215490,6029,"06029,Umbria,Italy",9053441,IT,Postal Code,Active
9215510,25125,"25125,Lombardy,Italy",9053433,IT,Postal Code,Active
9215515,91014,"91014,Sicily,Italy",9053438,IT,Postal Code,Active
9215518,20836,"20836,Lombardy,Italy",9053433,IT,Postal Code,Active
9215532,21050,"21050,Lombardy,Italy",9053433,IT,Postal Code,Active
9215538,19021,"19021,Liguria,Italy",9053432,IT,Postal Code,Active
9215558,35142,"35142,Veneto,Italy",9053442,IT,Postal Code,Active
9215565,89018,"89018,Calabria,Italy",9053427,IT,Postal Code,Active
9215605,Cercola,"Cercola,Cercola,Campania,Italy",9053428,IT,City,Active
9215629,61034,"61034,Marche,Italy",9053434,IT,Postal Code,Active
9215638,70124,"70124,Apulia,Italy",9053425,IT,Postal Code,Active
9215674,Copertino,"Copertino,Copertino,Apulia,Italy",9053425,IT,City,Active
9215732,58011,"58011,Tuscany,Italy",9053440,IT,Postal Code,Active
9215744,40065,"40065,Emilia-Romagna,Italy",9053429,IT,Postal Code,Active
9215746,55,"00055,Lazio,Italy",9053431,IT,Postal Code,Active
9215755,41057,"41057,Emilia-Romagna,Italy",9053429,IT,Postal Code,Active
9215766,46041,"46041,Lombardy,Italy",9053433,IT,Postal Code,Active
9215767,55045,"55045,Tuscany,Italy",9053440,IT,Postal Code,Active
9215779,87015,"87015,Calabria,Italy",9053427,IT,Postal Code,Active
9215782,Travagliato,"Travagliato,Travagliato,Lombardy,Italy",9053433,IT,City,Active
9215804,96017,"96017,Sicily,Italy",9053438,IT,Postal Code,Active
9215806,83036,"83036,Campania,Italy",9053428,IT,Postal Code,Active
9215807,90039,"90039,Sicily,Italy",9053438,IT,Postal Code,Active
9215818,2024,"02024,Lazio,Italy",9053431,IT,Postal Code,Active
9215831,4013,"04013,Lazio,Italy",9053431,IT,Postal Code,Active
9215834,64026,"64026,Abruzzo,Italy",9053423,IT,Postal Code,Active
9215837,91021,"91021,Sicily,Italy",9053438,IT,Postal Code,Active
9215859,65010,"65010,Abruzzo,Italy",9053423,IT,Postal Code,Active
9215894,58,"00058,Lazio,Italy",9053431,IT,Postal Code,Active
9215955,47016,"47016,Emilia-Romagna,Italy",9053429,IT,Postal Code,Active
9215958,Spinea,"Spinea,Spinea,Veneto,Italy",9053442,IT,City,Active
9215959,32033,"32033,Veneto,Italy",9053442,IT,Postal Code,Active
9215967,52031,"52031,Tuscany,Italy",9053440,IT,Postal Code,Active
9215993,37011,"37011,Veneto,Italy",9053442,IT,Postal Code,Active
9216002,56128,"56128,Tuscany,Italy",9053440,IT,Postal Code,Active
9216028,24023,"24023,Lombardy,Italy",9053433,IT,Postal Code,Active
9216048,33081,"33081,Friuli-Venezia Giulia,Italy",9053430,IT,Postal Code,Active
9216065,Montegrotto Terme,"Montegrotto Terme,Montegrotto Terme,Veneto,Italy",9053442,IT,City,Active
9216072,18024,"18024,Liguria,Italy",9053432,IT,Postal Code,Active
9216081,23880,"23880,Lombardy,Italy",9053433,IT,Postal Code,Active
9216101,141,"00141,Lazio,Italy",9053431,IT,Postal Code,Active
9216104,61010,"61010,Marche,Italy",9053434,IT,Postal Code,Active
9216112,97013,"97013,Sicily,Italy",9053438,IT,Postal Code,Active
9216129,Licata,"Licata,Licata,Sicily,Italy",9053438,IT,City,Active
9216138,21010,"21010,Lombardy,Italy",9053433,IT,Postal Code,Active
9216140,47922,"47922,Emilia-Romagna,Italy",9053429,IT,Postal Code,Active
9216142,66037,"66037,Abruzzo,Italy",9053423,IT,Postal Code,Active
9216166,70132,"70132,Apulia,Italy",9053425,IT,Postal Code,Active
9216180,74017,"74017,Apulia,Italy",9053425,IT,Postal Code,Active
9216198,38077,"38077,Trentino-South Tyrol,Italy",9053439,IT,Postal Code,Active
9216200,87023,"87023,Calabria,Italy",9053427,IT,Postal Code,Active
9216221,50026,"50026,Tuscany,Italy",9053440,IT,Postal Code,Active
9216222,43024,"43024,Emilia-Romagna,Italy",9053429,IT,Postal Code,Active
9216248,42021,"42021,Emilia-Romagna,Italy",9053429,IT,Postal Code,Active
9216250,20047,"20047,Lombardy,Italy",9053433,IT,Postal Code,Active
9216259,70013,"70013,Apulia,Italy",9053425,IT,Postal Code,Active
9216261,35037,"35037,Veneto,Italy",9053442,IT,Postal Code,Active
9216275,24033,"24033,Lombardy,Italy",9053433,IT,Postal Code,Active
9216291,86021,"86021,Molise,Italy",9053435,IT,Postal Code,Active
9216301,9121,"09121,Sardinia,Italy",9053437,IT,Postal Code,Active
9216316,3022,"03022,Lazio,Italy",9053431,IT,Postal Code,Active
9216322,44029,"44029,Emilia-Romagna,Italy",9053429,IT,Postal Code,Active
9216336,21040,"21040,Lombardy,Italy",9053433,IT,Postal Code,Active
9216368,20076,"20076,Lombardy,Italy",9053433,IT,Postal Code,Active
9216374,95029,"95029,Sicily,Italy",9053438,IT,Postal Code,Active
9216380,83013,"83013,Campania,Italy",9053428,IT,Postal Code,Active
9216395,47021,"47021,Emilia-Romagna,Italy",9053429,IT,Postal Code,Active
9216398,51017,"51017,Tuscany,Italy",9053440,IT,Postal Code,Active
9216399,51037,"51037,Tuscany,Italy",9053440,IT,Postal Code,Active
9216402,24129,"24129,Lombardy,Italy",9053433,IT,Postal Code,Active
9216447,Oberau-Haslach,"Oberau-Haslach,Trentino-South Tyrol,Italy",9053439,IT,Neighborhood,Active
9216456,81032,"81032,Campania,Italy",9053428,IT,Postal Code,Active
9216464,Silvi,"Silvi,Silvi,Abruzzo,Italy",9053423,IT,City,Active
9216506,73044,"73044,Apulia,Italy",9053425,IT,Postal Code,Active
9216507,82019,"82019,Campania,Italy",9053428,IT,Postal Code,Active
9216531,16167,"16167,Liguria,Italy",9053432,IT,Postal Code,Active
9216533,57123,"57123,Tuscany,Italy",9053440,IT,Postal Code,Active
9216540,56123,"56123,Tuscany,Italy",9053440,IT,Postal Code,Active
9216542,19,"00019,Lazio,Italy",9053431,IT,Postal Code,Active
9216545,91016,"91016,Sicily,Italy",9053438,IT,Postal Code,Active
9216557,43,"00043,Lazio,Italy",9053431,IT,Postal Code,Active
9216571,126,"00126,Lazio,Italy",9053431,IT,Postal Code,Active
9216578,53045,"53045,Tuscany,Italy",9053440,IT,Postal Code,Active
9216581,38060,"38060,Trentino-South Tyrol,Italy",9053439,IT,Postal Code,Active
9216609,Sampierdarena,"Sampierdarena,Liguria,Italy",9053432,IT,Neighborhood,Active
9216640,7038,"07038,Sardinia,Italy",9053437,IT,Postal Code,Active
9216645,39056,"39056,Trentino-South Tyrol,Italy",9053439,IT,Postal Code,Active
9216662,9016,"09016,Sardinia,Italy",9053437,IT,Postal Code,Active
9216682,30122,"30122,Veneto,Italy",9053442,IT,Postal Code,Active
9216693,20147,"20147,Lombardy,Italy",9053433,IT,Postal Code,Active
9216705,20842,"20842,Lombardy,Italy",9053433,IT,Postal Code,Active
9216722,Mirafiori Nord,"Mirafiori Nord,Piedmont,Italy",9053436,IT,Neighborhood,Active
9216726,Nizza Millefonti,"Nizza Millefonti,Piedmont,Italy",9053436,IT,Neighborhood,Active
9216762,64025,"64025,Abruzzo,Italy",9053423,IT,Postal Code,Active
9216790,10131,"10131,Piedmont,Italy",9053436,IT,Postal Code,Active
9216794,Zona Industriale,"Zona Industriale,Campania,Italy",9053428,IT,Neighborhood,Active
9216803,85048,"85048,Basilicata,Italy",9053426,IT,Postal Code,Active
9216813,53036,"53036,Tuscany,Italy",9053440,IT,Postal Code,Active
9216824,98124,"98124,Sicily,Italy",9053438,IT,Postal Code,Active
9216834,25065,"25065,Lombardy,Italy",9053433,IT,Postal Code,Active
9216841,19020,"19020,Liguria,Italy",9053432,IT,Postal Code,Active
9216856,Mugnano di Napoli,"Mugnano di Napoli,Mugnano di Napoli,Campania,Italy",9053428,IT,City,Active
9216858,63076,"63076,Marche,Italy",9053434,IT,Postal Code,Active
9216865,32020,"32020,Veneto,Italy",9053442,IT,Postal Code,Active
9216867,15069,"15069,Piedmont,Italy",9053436,IT,Postal Code,Active
9216884,70019,"70019,Apulia,Italy",9053425,IT,Postal Code,Active
9216905,10080,"10080,Piedmont,Italy",9053436,IT,Postal Code,Active
9216914,80076,"80076,Campania,Italy",9053428,IT,Postal Code,Active
9216937,7021,"07021,Sardinia,Italy",9053437,IT,Postal Code,Active
9216940,24027,"24027,Lombardy,Italy",9053433,IT,Postal Code,Active
9216973,71122,"71122,Apulia,Italy",9053425,IT,Postal Code,Active
9216999,40057,"40057,Emilia-Romagna,Italy",9053429,IT,Postal Code,Active
9217029,Ospitaletto,"Ospitaletto,Ospitaletto,Lombardy,Italy",9053433,IT,City,Active
9217033,20900,"20900,Lombardy,Italy",9053433,IT,Postal Code,Active
9217088,64024,"64024,Abruzzo,Italy",9053423,IT,Postal Code,Active
9217099,15048,"15048,Piedmont,Italy",9053436,IT,Postal Code,Active
9217101,52045,"52045,Tuscany,Italy",9053440,IT,Postal Code,Active
9217103,19123,"19123,Liguria,Italy",9053432,IT,Postal Code,Active
9217114,33098,"33098,Friuli-Venezia Giulia,Italy",9053430,IT,Postal Code,Active
9217120,40018,"40018,Emilia-Romagna,Italy",9053429,IT,Postal Code,Active
9217135,82038,"82038,Campania,Italy",9053428,IT,Postal Code,Active
9217182,54012,"54012,Tuscany,Italy",9053440,IT,Postal Code,Active
9217187,Marghera,"Marghera,Veneto,Italy",9053442,IT,Borough,Active
9217194,75025,"75025,Basilicata,Italy",9053426,IT,Postal Code,Active
9217213,2014,"02014,Lazio,Italy",9053431,IT,Postal Code,Active
9217218,85059,"85059,Basilicata,Italy",9053426,IT,Postal Code,Active
9217239,40024,"40024,Emilia-Romagna,Italy",9053429,IT,Postal Code,Active
9217268,80030,"80030,Campania,Italy",9053428,IT,Postal Code,Active
9217270,29014,"29014,Emilia-Romagna,Italy",9053429,IT,Postal Code,Active
9217274,Santo Spirito-Catino-San Pio,"Santo Spirito-Catino-San Pio,Apulia,Italy",9053425,IT,Neighborhood,Active
9217278,72014,"72014,Apulia,Italy",9053425,IT,Postal Code,Active
9217285,73014,"73014,Apulia,Italy",9053425,IT,Postal Code,Active
9217290,Pegli,"Pegli,Liguria,Italy",9053432,IT,Neighborhood,Active
9217300,20142,"20142,Lombardy,Italy",9053433,IT,Postal Code,Active
9217329,10095,"10095,Piedmont,Italy",9053436,IT,Postal Code,Active
9217330,84074,"84074,Campania,Italy",9053428,IT,Postal Code,Active
9217370,20864,"20864,Lombardy,Italy",9053433,IT,Postal Code,Active
9217374,20052,"20052,Lombardy,Italy",9053433,IT,Postal Code,Active
9217391,163,"00163,Lazio,Italy",9053431,IT,Postal Code,Active
9217410,15060,"15060,Piedmont,Italy",9053436,IT,Postal Code,Active
9217416,50014,"50014,Tuscany,Italy",9053440,IT,Postal Code,Active
9217420,31057,"31057,Veneto,Italy",9053442,IT,Postal Code,Active
9217423,28010,"28010,Piedmont,Italy",9053436,IT,Postal Code,Active
9217454,46047,"46047,Lombardy,Italy",9053433,IT,Postal Code,Active
9217461,24060,"24060,Lombardy,Italy",9053433,IT,Postal Code,Active
9217476,89026,"89026,Calabria,Italy",9053427,IT,Postal Code,Active
9217479,158,"00158,Lazio,Italy",9053431,IT,Postal Code,Active
9217499,96100,"96100,Sicily,Italy",9053438,IT,Postal Code,Active
9217531,22070,"22070,Lombardy,Italy",9053433,IT,Postal Code,Active
9217536,30141,"30141,Veneto,Italy",9053442,IT,Postal Code,Active
9217542,35028,"35028,Veneto,Italy",9053442,IT,Postal Code,Active
9217543,3044,"03044,Lazio,Italy",9053431,IT,Postal Code,Active
9217549,23038,"23038,Lombardy,Italy",9053433,IT,Postal Code,Active
9217558,9033,"09033,Sardinia,Italy",9053437,IT,Postal Code,Active
9217566,80038,"80038,Campania,Italy",9053428,IT,Postal Code,Active
9217573,18018,"18018,Liguria,Italy",9053432,IT,Postal Code,Active
9217594,4022,"04022,Lazio,Italy",9053431,IT,Postal Code,Active
9217600,20872,"20872,Lombardy,Italy",9053433,IT,Postal Code,Active
9217604,63858,"63858,Marche,Italy",9053434,IT,Postal Code,Active
9217616,15054,"15054,Piedmont,Italy",9053436,IT,Postal Code,Active
9217621,35035,"35035,Veneto,Italy",9053442,IT,Postal Code,Active
9217622,64100,"64100,Abruzzo,Italy",9053423,IT,Postal Code,Active
9217625,92016,"92016,Sicily,Italy",9053438,IT,Postal Code,Active
9217631,84051,"84051,Campania,Italy",9053428,IT,Postal Code,Active
9217632,88833,"88833,Calabria,Italy",9053427,IT,Postal Code,Active
9217642,17100,"17100,Liguria,Italy",9053432,IT,Postal Code,Active
9217664,91022,"91022,Sicily,Italy",9053438,IT,Postal Code,Active
9217675,Pozzo Strada,"Pozzo Strada,Piedmont,Italy",9053436,IT,Neighborhood,Active
9217676,19018,"19018,Liguria,Italy",9053432,IT,Postal Code,Active
9217683,70044,"70044,Apulia,Italy",9053425,IT,Postal Code,Active
9217687,50067,"50067,Tuscany,Italy",9053440,IT,Postal Code,Active
9217712,95016,"95016,Sicily,Italy",9053438,IT,Postal Code,Active
9217719,95041,"95041,Sicily,Italy",9053438,IT,Postal Code,Active
9217724,Lavagna,"Lavagna,Lavagna,Liguria,Italy",9053432,IT,City,Active
9217766,10078,"10078,Piedmont,Italy",9053436,IT,Postal Code,Active
9217768,84069,"84069,Campania,Italy",9053428,IT,Postal Code,Active
9217769,15030,"15030,Piedmont,Italy",9053436,IT,Postal Code,Active
9217786,39012,"39012,Trentino-South Tyrol,Italy",9053439,IT,Postal Code,Active
9217802,64012,"64012,Abruzzo,Italy",9053423,IT,Postal Code,Active
9217810,37042,"37042,Veneto,Italy",9053442,IT,Postal Code,Active
9217828,16036,"16036,Liguria,Italy",9053432,IT,Postal Code,Active
9217853,95031,"95031,Sicily,Italy",9053438,IT,Postal Code,Active
9217859,42019,"42019,Emilia-Romagna,Italy",9053429,IT,Postal Code,Active
9217873,43059,"43059,Emilia-Romagna,Italy",9053429,IT,Postal Code,Active
9217880,42023,"42023,Emilia-Romagna,Italy",9053429,IT,Postal Code,Active
9217893,80123,"80123,Campania,Italy",9053428,IT,Postal Code,Active
9217896,31100,"31100,Veneto,Italy",9053442,IT,Postal Code,Active
9217907,81028,"81028,Campania,Italy",9053428,IT,Postal Code,Active
9217913,4014,"04014,Lazio,Italy",9053431,IT,Postal Code,Active
9217918,40062,"40062,Emilia-Romagna,Italy",9053429,IT,Postal Code,Active
9217934,6083,"06083,Umbria,Italy",9053441,IT,Postal Code,Active
9217937,159,"00159,Lazio,Italy",9053431,IT,Postal Code,Active
9217974,12056,"12056,Piedmont,Italy",9053436,IT,Postal Code,Active
9217977,60012,"60012,Marche,Italy",9053434,IT,Postal Code,Active
9217988,27025,"27025,Lombardy,Italy",9053433,IT,Postal Code,Active
9217997,47032,"47032,Emilia-Romagna,Italy",9053429,IT,Postal Code,Active
9217999,64041,"64041,Abruzzo,Italy",9053423,IT,Postal Code,Active
9218000,3037,"03037,Lazio,Italy",9053431,IT,Postal Code,Active
9218020,95025,"95025,Sicily,Italy",9053438,IT,Postal Code,Active
9218024,61039,"61039,Marche,Italy",9053434,IT,Postal Code,Active
9218036,73043,"73043,Apulia,Italy",9053425,IT,Postal Code,Active
9218038,74011,"74011,Apulia,Italy",9053425,IT,Postal Code,Active
9218044,7024,"07024,Sardinia,Italy",9053437,IT,Postal Code,Active
9218056,1016,"01016,Lazio,Italy",9053431,IT,Postal Code,Active
9218099,38061,"38061,Trentino-South Tyrol,Italy",9053439,IT,Postal Code,Active
9218115,46028,"46028,Lombardy,Italy",9053433,IT,Postal Code,Active
9218117,43125,"43125,Emilia-Romagna,Italy",9053429,IT,Postal Code,Active
9218127,38017,"38017,Trentino-South Tyrol,Italy",9053439,IT,Postal Code,Active
9218128,38122,"38122,Trentino-South Tyrol,Italy",9053439,IT,Postal Code,Active
9218141,36022,"36022,Veneto,Italy",9053442,IT,Postal Code,Active
9218153,95032,"95032,Sicily,Italy",9053438,IT,Postal Code,Active
9218157,76015,"76015,Apulia,Italy",9053425,IT,Postal Code,Active
9218172,38010,"38010,Trentino-South Tyrol,Italy",9053439,IT,Postal Code,Active
9218179,48123,"48123,Emilia-Romagna,Italy",9053429,IT,Postal Code,Active
9218181,35143,"35143,Veneto,Italy",9053442,IT,Postal Code,Active
9218194,60025,"60025,Marche,Italy",9053434,IT,Postal Code,Active
9218199,20874,"20874,Lombardy,Italy",9053433,IT,Postal Code,Active
9218212,88042,"88042,Calabria,Italy",9053427,IT,Postal Code,Active
9218219,65,"00065,Lazio,Italy",9053431,IT,Postal Code,Active
9218224,Altopascio,"Altopascio,Altopascio,Tuscany,Italy",9053440,IT,City,Active
9218248,1014,"01014,Lazio,Italy",9053431,IT,Postal Code,Active
9218258,38046,"38046,Trentino-South Tyrol,Italy",9053439,IT,Postal Code,Active
9218259,39057,"39057,Trentino-South Tyrol,Italy",9053439,IT,Postal Code,Active
9218272,87020,"87020,Calabria,Italy",9053427,IT,Postal Code,Active
9218273,21021,"21021,Lombardy,Italy",9053433,IT,Postal Code,Active
9218277,60026,"60026,Marche,Italy",9053434,IT,Postal Code,Active
9218303,73055,"73055,Apulia,Italy",9053425,IT,Postal Code,Active
9218332,40127,"40127,Emilia-Romagna,Italy",9053429,IT,Postal Code,Active
9218334,25083,"25083,Lombardy,Italy",9053433,IT,Postal Code,Active
9218337,56025,"56025,Tuscany,Italy",9053440,IT,Postal Code,Active
9218345,83049,"83049,Campania,Italy",9053428,IT,Postal Code,Active
9218354,63857,"63857,Marche,Italy",9053434,IT,Postal Code,Active
9218367,35040,"35040,Veneto,Italy",9053442,IT,Postal Code,Active
9218389,39054,"39054,Trentino-South Tyrol,Italy",9053439,IT,Postal Code,Active
9218390,17020,"17020,Liguria,Italy",9053432,IT,Postal Code,Active
9218394,21019,"21019,Lombardy,Italy",9053433,IT,Postal Code,Active
9218400,168,"00168,Lazio,Italy",9053431,IT,Postal Code,Active
9218427,Favaro Veneto,"Favaro Veneto,Veneto,Italy",9053442,IT,City,Active
9218433,82100,"82100,Campania,Italy",9053428,IT,Postal Code,Active
9218465,66034,"66034,Abruzzo,Italy",9053423,IT,Postal Code,Active
9218472,36054,"36054,Veneto,Italy",9053442,IT,Postal Code,Active
9218476,46026,"46026,Lombardy,Italy",9053433,IT,Postal Code,Active
9218491,84013,"84013,Campania,Italy",9053428,IT,Postal Code,Active
9218502,35024,"35024,Veneto,Italy",9053442,IT,Postal Code,Active
9218508,41043,"41043,Emilia-Romagna,Italy",9053429,IT,Postal Code,Active
9218509,Romano d'Ezzelino,"Romano d'Ezzelino,Romano d'Ezzelino,Veneto,Italy",9053442,IT,City,Active
9218521,73026,"73026,Apulia,Italy",9053425,IT,Postal Code,Active
9218525,22075,"22075,Lombardy,Italy",9053433,IT,Postal Code,Active
9218558,33037,"33037,Friuli-Venezia Giulia,Italy",9053430,IT,Postal Code,Active
9218559,65013,"65013,Abruzzo,Italy",9053423,IT,Postal Code,Active
9218560,97015,"97015,Sicily,Italy",9053438,IT,Postal Code,Active
9218565,10081,"10081,Piedmont,Italy",9053436,IT,Postal Code,Active
9218582,41126,"41126,Emilia-Romagna,Italy",9053429,IT,Postal Code,Active
9218613,98037,"98037,Sicily,Italy",9053438,IT,Postal Code,Active
9218644,28028,"28028,Piedmont,Italy",9053436,IT,Postal Code,Active
9218651,6024,"06024,Umbria,Italy",9053441,IT,Postal Code,Active
9218665,6059,"06059,Umbria,Italy",9053441,IT,Postal Code,Active
9218696,6062,"06062,Umbria,Italy",9053441,IT,Postal Code,Active
9218703,40068,"40068,Emilia-Romagna,Italy",9053429,IT,Postal Code,Active
9218707,72024,"72024,Apulia,Italy",9053425,IT,Postal Code,Active
9218716,6134,"06134,Umbria,Italy",9053441,IT,Postal Code,Active
9218721,71042,"71042,Apulia,Italy",9053425,IT,Postal Code,Active
9218724,38032,"38032,Trentino-South Tyrol,Italy",9053439,IT,Postal Code,Active
9218725,3010,"03010,Lazio,Italy",9053431,IT,Postal Code,Active
9218769,27010,"27010,Lombardy,Italy",9053433,IT,Postal Code,Active
9218774,135,"00135,Lazio,Italy",9053431,IT,Postal Code,Active
9218776,20855,"20855,Lombardy,Italy",9053433,IT,Postal Code,Active
9218794,10015,"10015,Piedmont,Italy",9053436,IT,Postal Code,Active
9218798,80036,"80036,Campania,Italy",9053428,IT,Postal Code,Active
9218800,50145,"50145,Tuscany,Italy",9053440,IT,Postal Code,Active
9218806,42033,"42033,Emilia-Romagna,Italy",9053429,IT,Postal Code,Active
9218807,10050,"10050,Piedmont,Italy",9053436,IT,Postal Code,Active
9218812,90030,"90030,Sicily,Italy",9053438,IT,Postal Code,Active
9218826,84125,"84125,Campania,Italy",9053428,IT,Postal Code,Active
9218828,38039,"38039,Trentino-South Tyrol,Italy",9053439,IT,Postal Code,Active
9218831,35013,"35013,Veneto,Italy",9053442,IT,Postal Code,Active
9218833,1010,"01010,Lazio,Italy",9053431,IT,Postal Code,Active
9218902,73020,"73020,Apulia,Italy",9053425,IT,Postal Code,Active
9218907,27046,"27046,Lombardy,Italy",9053433,IT,Postal Code,Active
9218941,34018,"34018,Friuli-Venezia Giulia,Italy",9053430,IT,Postal Code,Active
9218944,86010,"86010,Molise,Italy",9053435,IT,Postal Code,Active
9218949,70037,"70037,Apulia,Italy",9053425,IT,Postal Code,Active
9218953,84085,"84085,Campania,Italy",9053428,IT,Postal Code,Active
9218960,58031,"58031,Tuscany,Italy",9053440,IT,Postal Code,Active
9218979,31050,"31050,Veneto,Italy",9053442,IT,Postal Code,Active
9218988,37131,"37131,Veneto,Italy",9053442,IT,Postal Code,Active
9218991,42122,"42122,Emilia-Romagna,Italy",9053429,IT,Postal Code,Active
9218995,36078,"36078,Veneto,Italy",9053442,IT,Postal Code,Active
9218999,20015,"20015,Lombardy,Italy",9053433,IT,Postal Code,Active
9219050,70128,"70128,Apulia,Italy",9053425,IT,Postal Code,Active
9219059,15010,"15010,Piedmont,Italy",9053436,IT,Postal Code,Active
9219073,81054,"81054,Campania,Italy",9053428,IT,Postal Code,Active
9219076,42124,"42124,Emilia-Romagna,Italy",9053429,IT,Postal Code,Active
9219079,10022,"10022,Piedmont,Italy",9053436,IT,Postal Code,Active
9219087,34151,"34151,Friuli-Venezia Giulia,Italy",9053430,IT,Postal Code,Active
9219099,3025,"03025,Lazio,Italy",9053431,IT,Postal Code,Active
9219102,50050,"50050,Tuscany,Italy",9053440,IT,Postal Code,Active
9219108,40017,"40017,Emilia-Romagna,Italy",9053429,IT,Postal Code,Active
9219144,59100,"59100,Tuscany,Italy",9053440,IT,Postal Code,Active
9219164,33076,"33076,Friuli-Venezia Giulia,Italy",9053430,IT,Postal Code,Active
9219173,14030,"14030,Piedmont,Italy",9053436,IT,Postal Code,Active
9219200,26026,"26026,Lombardy,Italy",9053433,IT,Postal Code,Active
9219206,43052,"43052,Emilia-Romagna,Italy",9053429,IT,Postal Code,Active
9219226,38023,"38023,Trentino-South Tyrol,Italy",9053439,IT,Postal Code,Active
9219248,28921,"28921,Piedmont,Italy",9053436,IT,Postal Code,Active
9219260,40055,"40055,Emilia-Romagna,Italy",9053429,IT,Postal Code,Active
9219269,44122,"44122,Emilia-Romagna,Italy",9053429,IT,Postal Code,Active
9219273,20068,"20068,Lombardy,Italy",9053433,IT,Postal Code,Active
9219274,24126,"24126,Lombardy,Italy",9053433,IT,Postal Code,Active
9219275,26022,"26022,Lombardy,Italy",9053433,IT,Postal Code,Active
9219283,134,"00134,Lazio,Italy",9053431,IT,Postal Code,Active
9219286,Castel Volturno,"Castel Volturno,Castel Volturno,Campania,Italy",9053428,IT,City,Active
9219317,43040,"43040,Emilia-Romagna,Italy",9053429,IT,Postal Code,Active
9219335,41122,"41122,Emilia-Romagna,Italy",9053429,IT,Postal Code,Active
9219345,81037,"81037,Campania,Italy",9053428,IT,Postal Code,Active
9219355,15053,"15053,Piedmont,Italy",9053436,IT,Postal Code,Active
9219357,60027,"60027,Marche,Italy",9053434,IT,Postal Code,Active
9219359,25068,"25068,Lombardy,Italy",9053433,IT,Postal Code,Active
9219361,12061,"12061,Piedmont,Italy",9053436,IT,Postal Code,Active
9219373,12035,"12035,Piedmont,Italy",9053436,IT,Postal Code,Active
9219375,20162,"20162,Lombardy,Italy",9053433,IT,Postal Code,Active
9219385,40056,"40056,Emilia-Romagna,Italy",9053429,IT,Postal Code,Active
9219390,73013,"73013,Apulia,Italy",9053425,IT,Postal Code,Active
9219398,53014,"53014,Tuscany,Italy",9053440,IT,Postal Code,Active
9219402,58015,"58015,Tuscany,Italy",9053440,IT,Postal Code,Active
9219426,84083,"84083,Campania,Italy",9053428,IT,Postal Code,Active
9219429,Casbeno,"Casbeno,Lombardy,Italy",9053433,IT,Neighborhood,Active
9219469,95011,"95011,Sicily,Italy",9053438,IT,Postal Code,Active
9219471,25045,"25045,Lombardy,Italy",9053433,IT,Postal Code,Active
9219485,52043,"52043,Tuscany,Italy",9053440,IT,Postal Code,Active
9219501,22010,"22010,Lombardy,Italy",9053433,IT,Postal Code,Active
9219512,48026,"48026,Emilia-Romagna,Italy",9053429,IT,Postal Code,Active
9219538,31044,"31044,Veneto,Italy",9053442,IT,Postal Code,Active
9219540,48018,"48018,Emilia-Romagna,Italy",9053429,IT,Postal Code,Active
9219551,63086,"63086,Marche,Italy",9053434,IT,Postal Code,Active
9219567,12034,"12034,Piedmont,Italy",9053436,IT,Postal Code,Active
9219574,22020,"22020,Lombardy,Italy",9053433,IT,Postal Code,Active
9219580,5032,"05032,Umbria,Italy",9053441,IT,Postal Code,Active
9219585,31039,"31039,Veneto,Italy",9053442,IT,Postal Code,Active
9219632,25017,"25017,Lombardy,Italy",9053433,IT,Postal Code,Active
9219641,Volla,"Volla,Volla,Campania,Italy",9053428,IT,City,Active
9219708,10020,"10020,Piedmont,Italy",9053436,IT,Postal Code,Active
9219721,21020,"21020,Lombardy,Italy",9053433,IT,Postal Code,Active
9219723,85044,"85044,Basilicata,Italy",9053426,IT,Postal Code,Active
9219725,23829,"23829,Lombardy,Italy",9053433,IT,Postal Code,Active
9219729,44034,"44034,Emilia-Romagna,Italy",9053429,IT,Postal Code,Active
9219736,25024,"25024,Lombardy,Italy",9053433,IT,Postal Code,Active
9219740,50022,"50022,Tuscany,Italy",9053440,IT,Postal Code,Active
9219744,23851,"23851,Lombardy,Italy",9053433,IT,Postal Code,Active
9219749,29027,"29027,Emilia-Romagna,Italy",9053429,IT,Postal Code,Active
9219754,9028,"09028,Sardinia,Italy",9053437,IT,Postal Code,Active
9219755,44124,"44124,Emilia-Romagna,Italy",9053429,IT,Postal Code,Active
9219760,38037,"38037,Trentino-South Tyrol,Italy",9053439,IT,Postal Code,Active
9219763,52041,"52041,Tuscany,Italy",9053440,IT,Postal Code,Active
9219768,37054,"37054,Veneto,Italy",9053442,IT,Postal Code,Active
9219773,10059,"10059,Piedmont,Italy",9053436,IT,Postal Code,Active
9219774,42048,"42048,Emilia-Romagna,Italy",9053429,IT,Postal Code,Active
9219781,21015,"21015,Lombardy,Italy",9053433,IT,Postal Code,Active
9219801,20843,"20843,Lombardy,Italy",9053433,IT,Postal Code,Active
9219803,31032,"31032,Veneto,Italy",9053442,IT,Postal Code,Active
9219808,6132,"06132,Umbria,Italy",9053441,IT,Postal Code,Active
9219840,30031,"30031,Veneto,Italy",9053442,IT,Postal Code,Active
9219846,36026,"36026,Veneto,Italy",9053442,IT,Postal Code,Active
9219853,22031,"22031,Lombardy,Italy",9053433,IT,Postal Code,Active
9219865,31022,"31022,Veneto,Italy",9053442,IT,Postal Code,Active
9219886,39038,"39038,Trentino-South Tyrol,Italy",9053439,IT,Postal Code,Active
9219892,93015,"93015,Sicily,Italy",9053438,IT,Postal Code,Active
9219896,71012,"71012,Apulia,Italy",9053425,IT,Postal Code,Active
9219906,76012,"76012,Apulia,Italy",9053425,IT,Postal Code,Active
9219910,23828,"23828,Lombardy,Italy",9053433,IT,Postal Code,Active
9219914,14034,"14034,Piedmont,Italy",9053436,IT,Postal Code,Active
9219926,11028,"11028,Aosta Valley,Italy",9053424,IT,Postal Code,Active
9219941,72013,"72013,Apulia,Italy",9053425,IT,Postal Code,Active
9219948,Rodi Garganico,"Rodi Garganico,Rodi Garganico,Apulia,Italy",9053425,IT,City,Active
9219964,83058,"83058,Campania,Italy",9053428,IT,Postal Code,Active
9219969,90142,"90142,Sicily,Italy",9053438,IT,Postal Code,Active
9219980,37030,"37030,Veneto,Italy",9053442,IT,Postal Code,Active
9219997,13899,"13899,Piedmont,Italy",9053436,IT,Postal Code,Active
9220021,50032,"50032,Tuscany,Italy",9053440,IT,Postal Code,Active
9220040,9048,"09048,Sardinia,Italy",9053437,IT,Postal Code,Active
9220042,6046,"06046,Umbria,Italy",9053441,IT,Postal Code,Active
9220045,24010,"24010,Lombardy,Italy",9053433,IT,Postal Code,Active
9220057,Sant'Anastasia,"Sant'Anastasia,Sant'Anastasia,Campania,Italy",9053428,IT,City,Active
9220068,73024,"73024,Apulia,Italy",9053425,IT,Postal Code,Active
9220075,37016,"37016,Veneto,Italy",9053442,IT,Postal Code,Active
9220088,6034,"06034,Umbria,Italy",9053441,IT,Postal Code,Active
9220094,31049,"31049,Veneto,Italy",9053442,IT,Postal Code,Active
9220101,50039,"50039,Tuscany,Italy",9053440,IT,Postal Code,Active
9220109,69,"00069,Lazio,Italy",9053431,IT,Postal Code,Active
9220110,53049,"53049,Tuscany,Italy",9053440,IT,Postal Code,Active
9220111,7028,"07028,Sardinia,Italy",9053437,IT,Postal Code,Active
9220124,89866,"89866,Calabria,Italy",9053427,IT,Postal Code,Active
9220137,31010,"31010,Veneto,Italy",9053442,IT,Postal Code,Active
9220142,Gallaratese,"Gallaratese,Lombardy,Italy",9053433,IT,Neighborhood,Active
9220144,16154,"16154,Liguria,Italy",9053432,IT,Postal Code,Active
9220157,23873,"23873,Lombardy,Italy",9053433,IT,Postal Code,Active
9220166,12100,"12100,Piedmont,Italy",9053436,IT,Postal Code,Active
9220174,22021,"22021,Lombardy,Italy",9053433,IT,Postal Code,Active
9220182,29013,"29013,Emilia-Romagna,Italy",9053429,IT,Postal Code,Active
9220203,Conversano,"Conversano,Conversano,Apulia,Italy",9053425,IT,City,Active
9220217,Vico Equense,"Vico Equense,Vico Equense,Campania,Italy",9053428,IT,City,Active
9220229,8020,"08020,Sardinia,Italy",9053437,IT,Postal Code,Active
9220232,Anguillara Sabazia,"Anguillara Sabazia,Anguillara Sabazia,Lazio,Italy",9053431,IT,City,Active
9220250,43010,"43010,Emilia-Romagna,Italy",9053429,IT,Postal Code,Active
9220314,San Giuseppe,"San Giuseppe,Campania,Italy",9053428,IT,City,Active
9220319,84010,"84010,Campania,Italy",9053428,IT,Postal Code,Active
9220324,48033,"48033,Emilia-Romagna,Italy",9053429,IT,Postal Code,Active
9220330,Monserrato,"Monserrato,Monserrato,Sardinia,Italy",9053437,IT,City,Active
9220333,23017,"23017,Lombardy,Italy",9053433,IT,Postal Code,Active
9220345,67069,"67069,Abruzzo,Italy",9053423,IT,Postal Code,Active
9220346,84068,"84068,Campania,Italy",9053428,IT,Postal Code,Active
9220355,64020,"64020,Abruzzo,Italy",9053423,IT,Postal Code,Active
9220387,90017,"90017,Sicily,Italy",9053438,IT,Postal Code,Active
9220393,23823,"23823,Lombardy,Italy",9053433,IT,Postal Code,Active
9220408,38064,"38064,Trentino-South Tyrol,Italy",9053439,IT,Postal Code,Active
9220434,1100,"01100,Lazio,Italy",9053431,IT,Postal Code,Active
9220436,169,"00169,Lazio,Italy",9053431,IT,Postal Code,Active
9220445,39017,"39017,Trentino-South Tyrol,Italy",9053439,IT,Postal Code,Active
9220495,Castelvetrano,"Castelvetrano,Castelvetrano,Sicily,Italy",9053438,IT,City,Active
9220504,4026,"04026,Lazio,Italy",9053431,IT,Postal Code,Active
9220527,3011,"03011,Lazio,Italy",9053431,IT,Postal Code,Active
9220545,39034,"39034,Trentino-South Tyrol,Italy",9053439,IT,Postal Code,Active
9220548,52,"00052,Lazio,Italy",9053431,IT,Postal Code,Active
9220561,40012,"40012,Emilia-Romagna,Italy",9053429,IT,Postal Code,Active
9220562,36047,"36047,Veneto,Italy",9053442,IT,Postal Code,Active
9220566,25047,"25047,Lombardy,Italy",9053433,IT,Postal Code,Active
9220574,Laura,"Laura,Campania,Italy",9053428,IT,City,Active
9220585,33035,"33035,Friuli-Venezia Giulia,Italy",9053430,IT,Postal Code,Active
9220597,95040,"95040,Sicily,Italy",9053438,IT,Postal Code,Active
9220598,67100,"67100,Abruzzo,Italy",9053423,IT,Postal Code,Active
9220626,81027,"81027,Campania,Italy",9053428,IT,Postal Code,Active
9220630,9032,"09032,Sardinia,Italy",9053437,IT,Postal Code,Active
9220651,Mondragone,"Mondragone,Mondragone,Campania,Italy",9053428,IT,City,Active
9220692,55054,"55054,Tuscany,Italy",9053440,IT,Postal Code,Active
9220720,38020,"38020,Trentino-South Tyrol,Italy",9053439,IT,Postal Code,Active
9220723,Pontedecimo,"Pontedecimo,Liguria,Italy",9053432,IT,Neighborhood,Active
9220737,16132,"16132,Liguria,Italy",9053432,IT,Postal Code,Active
9220738,26900,"26900,Lombardy,Italy",9053433,IT,Postal Code,Active
9220743,31030,"31030,Veneto,Italy",9053442,IT,Postal Code,Active
9220772,34073,"34073,Friuli-Venezia Giulia,Italy",9053430,IT,Postal Code,Active
9220799,56028,"56028,Tuscany,Italy",9053440,IT,Postal Code,Active
9220824,19126,"19126,Liguria,Italy",9053432,IT,Postal Code,Active
9220837,12016,"12016,Piedmont,Italy",9053436,IT,Postal Code,Active
9220846,72015,"72015,Apulia,Italy",9053425,IT,Postal Code,Active
9220848,47854,"47854,Emilia-Romagna,Italy",9053429,IT,Postal Code,Active
9220864,42025,"42025,Emilia-Romagna,Italy",9053429,IT,Postal Code,Active
9220877,189,"00189,Lazio,Italy",9053431,IT,Postal Code,Active
9220944,80011,"80011,Campania,Italy",9053428,IT,Postal Code,Active
9220946,24034,"24034,Lombardy,Italy",9053433,IT,Postal Code,Active
9220948,7033,"07033,Sardinia,Italy",9053437,IT,Postal Code,Active
9220953,6049,"06049,Umbria,Italy",9053441,IT,Postal Code,Active
9220958,28838,"28838,Piedmont,Italy",9053436,IT,Postal Code,Active
9220966,37133,"37133,Veneto,Italy",9053442,IT,Postal Code,Active
9220969,Genzano di Roma,"Genzano di Roma,Genzano di Roma,Lazio,Italy",9053431,IT,City,Active
9220976,39036,"39036,Trentino-South Tyrol,Italy",9053439,IT,Postal Code,Active
9220985,33010,"33010,Friuli-Venezia Giulia,Italy",9053430,IT,Postal Code,Active
9220988,19016,"19016,Liguria,Italy",9053432,IT,Postal Code,Active
9221050,95028,"95028,Sicily,Italy",9053438,IT,Postal Code,Active
9221056,52011,"52011,Tuscany,Italy",9053440,IT,Postal Code,Active
9221062,16016,"16016,Liguria,Italy",9053432,IT,Postal Code,Active
9221072,30126,"30126,Veneto,Italy",9053442,IT,Postal Code,Active
9221073,66010,"66010,Abruzzo,Italy",9053423,IT,Postal Code,Active
9221076,44011,"44011,Emilia-Romagna,Italy",9053429,IT,Postal Code,Active
9221095,89134,"89134,Calabria,Italy",9053427,IT,Postal Code,Active
9221132,88050,"88050,Calabria,Italy",9053427,IT,Postal Code,Active
9221145,62,"00062,Lazio,Italy",9053431,IT,Postal Code,Active
9221146,20845,"20845,Lombardy,Italy",9053433,IT,Postal Code,Active
9221147,9036,"09036,Sardinia,Italy",9053437,IT,Postal Code,Active
9221187,83031,"83031,Campania,Italy",9053428,IT,Postal Code,Active
9221210,7100,"07100,Sardinia,Italy",9053437,IT,Postal Code,Active
9221220,Monterusciello,"Monterusciello,Campania,Italy",9053428,IT,City,Active
9221221,89812,"89812,Calabria,Italy",9053427,IT,Postal Code,Active
9221259,62011,"62011,Marche,Italy",9053434,IT,Postal Code,Active
9221271,80146,"80146,Campania,Italy",9053428,IT,Postal Code,Active
9221283,89843,"89843,Calabria,Italy",9053427,IT,Postal Code,Active
9221291,67050,"67050,Abruzzo,Italy",9053423,IT,Postal Code,Active
9221326,42123,"42123,Emilia-Romagna,Italy",9053429,IT,Postal Code,Active
9221335,50031,"50031,Tuscany,Italy",9053440,IT,Postal Code,Active
9221339,84025,"84025,Campania,Italy",9053428,IT,Postal Code,Active
9221346,Creazzo,"Creazzo,Creazzo,Veneto,Italy",9053442,IT,City,Active
9221351,43012,"43012,Emilia-Romagna,Italy",9053429,IT,Postal Code,Active
9221355,25014,"25014,Lombardy,Italy",9053433,IT,Postal Code,Active
9221383,10133,"10133,Piedmont,Italy",9053436,IT,Postal Code,Active
9221391,84079,"84079,Campania,Italy",9053428,IT,Postal Code,Active
9221397,6023,"06023,Umbria,Italy",9053441,IT,Postal Code,Active
9221401,85024,"85024,Basilicata,Italy",9053426,IT,Postal Code,Active
9221402,25050,"25050,Lombardy,Italy",9053433,IT,Postal Code,Active
9221418,52044,"52044,Tuscany,Italy",9053440,IT,Postal Code,Active
9221419,80074,"80074,Campania,Italy",9053428,IT,Postal Code,Active
9221422,Marina di Massa,"Marina di Massa,Tuscany,Italy",9053440,IT,City,Active
9221431,31045,"31045,Veneto,Italy",9053442,IT,Postal Code,Active
9221435,34011,"34011,Friuli-Venezia Giulia,Italy",9053430,IT,Postal Code,Active
9221445,84050,"84050,Campania,Italy",9053428,IT,Postal Code,Active
9221448,56020,"56020,Tuscany,Italy",9053440,IT,Postal Code,Active
9221460,29015,"29015,Emilia-Romagna,Italy",9053429,IT,Postal Code,Active
9221476,86040,"86040,Molise,Italy",9053435,IT,Postal Code,Active
9221482,21011,"21011,Lombardy,Italy",9053433,IT,Postal Code,Active
9221499,Municipality Lido-Pellestrina,"Municipality Lido-Pellestrina,Veneto,Italy",9053442,IT,Borough,Active
9221510,74015,"74015,Apulia,Italy",9053425,IT,Postal Code,Active
9221514,50052,"50052,Tuscany,Italy",9053440,IT,Postal Code,Active
9221518,138,"00138,Lazio,Italy",9053431,IT,Postal Code,Active
9221520,47923,"47923,Emilia-Romagna,Italy",9053429,IT,Postal Code,Active
9221524,39011,"39011,Trentino-South Tyrol,Italy",9053439,IT,Postal Code,Active
9221547,31024,"31024,Veneto,Italy",9053442,IT,Postal Code,Active
9221552,60,"00060,Lazio,Italy",9053431,IT,Postal Code,Active
9221556,37036,"37036,Veneto,Italy",9053442,IT,Postal Code,Active
9221562,21027,"21027,Lombardy,Italy",9053433,IT,Postal Code,Active
9221564,Borgo Po,"Borgo Po,Piedmont,Italy",9053436,IT,Neighborhood,Active
9221579,50036,"50036,Tuscany,Italy",9053440,IT,Postal Code,Active
9221592,84019,"84019,Campania,Italy",9053428,IT,Postal Code,Active
9221595,62032,"62032,Marche,Italy",9053434,IT,Postal Code,Active
9221606,20040,"20040,Lombardy,Italy",9053433,IT,Postal Code,Active
9221614,Ceccano,"Ceccano,Ceccano,Lazio,Italy",9053431,IT,City,Active
9221631,38062,"38062,Trentino-South Tyrol,Italy",9053439,IT,Postal Code,Active
9221647,40034,"40034,Emilia-Romagna,Italy",9053429,IT,Postal Code,Active
9221677,37014,"37014,Veneto,Italy",9053442,IT,Postal Code,Active
9221693,26839,"26839,Lombardy,Italy",9053433,IT,Postal Code,Active
9221710,33020,"33020,Friuli-Venezia Giulia,Italy",9053430,IT,Postal Code,Active
9221713,Alba Adriatica,"Alba Adriatica,Alba Adriatica,Abruzzo,Italy",9053423,IT,City,Active
9221723,9170,"09170,Sardinia,Italy",9053437,IT,Postal Code,Active
9221737,10082,"10082,Piedmont,Italy",9053436,IT,Postal Code,Active
9221762,54015,"54015,Tuscany,Italy",9053440,IT,Postal Code,Active
9221765,87021,"87021,Calabria,Italy",9053427,IT,Postal Code,Active
9221775,50025,"50025,Tuscany,Italy",9053440,IT,Postal Code,Active
9221791,37050,"37050,Veneto,Italy",9053442,IT,Postal Code,Active
9221805,83020,"83020,Campania,Italy",9053428,IT,Postal Code,Active
9221811,43058,"43058,Emilia-Romagna,Italy",9053429,IT,Postal Code,Active
9221837,83030,"83030,Campania,Italy",9053428,IT,Postal Code,Active
9221850,12022,"12022,Piedmont,Italy",9053436,IT,Postal Code,Active
9221853,24064,"24064,Lombardy,Italy",9053433,IT,Postal Code,Active
9221865,81059,"81059,Campania,Italy",9053428,IT,Postal Code,Active
9221871,17051,"17051,Liguria,Italy",9053432,IT,Postal Code,Active
9221875,7026,"07026,Sardinia,Italy",9053437,IT,Postal Code,Active
9221890,Ronchi dei Legionari,"Ronchi dei Legionari,Ronchi dei Legionari,Friuli-Venezia Giulia,Italy",9053430,IT,City,Active
9221912,66041,"66041,Abruzzo,Italy",9053423,IT,Postal Code,Active
9221917,5023,"05023,Umbria,Italy",9053441,IT,Postal Code,Active
9221918,20001,"20001,Lombardy,Italy",9053433,IT,Postal Code,Active
9221925,27015,"27015,Lombardy,Italy",9053433,IT,Postal Code,Active
9221929,20043,"20043,Lombardy,Italy",9053433,IT,Postal Code,Active
9221938,34,"00034,Lazio,Italy",9053431,IT,Postal Code,Active
9221946,71045,"71045,Apulia,Italy",9053425,IT,Postal Code,Active
9221957,25048,"25048,Lombardy,Italy",9053433,IT,Postal Code,Active
9221959,84098,"84098,Campania,Italy",9053428,IT,Postal Code,Active
9221967,40052,"40052,Emilia-Romagna,Italy",9053429,IT,Postal Code,Active
9221971,97017,"97017,Sicily,Italy",9053438,IT,Postal Code,Active
9221972,Santa Marinella,"Santa Marinella,Santa Marinella,Lazio,Italy",9053431,IT,City,Active
9221973,56035,"56035,Tuscany,Italy",9053440,IT,Postal Code,Active
9221975,31037,"31037,Veneto,Italy",9053442,IT,Postal Code,Active
9222014,90015,"90015,Sicily,Italy",9053438,IT,Postal Code,Active
9222017,28,"00028,Lazio,Italy",9053431,IT,Postal Code,Active
9222039,81057,"81057,Campania,Italy",9053428,IT,Postal Code,Active
9222051,39055,"39055,Trentino-South Tyrol,Italy",9053439,IT,Postal Code,Active
9222073,70010,"70010,Apulia,Italy",9053425,IT,Postal Code,Active
9222078,40016,"40016,Emilia-Romagna,Italy",9053429,IT,Postal Code,Active
9222110,62017,"62017,Marche,Italy",9053434,IT,Postal Code,Active
9222117,20097,"20097,Lombardy,Italy",9053433,IT,Postal Code,Active
9222122,23032,"23032,Lombardy,Italy",9053433,IT,Postal Code,Active
9222133,59013,"59013,Tuscany,Italy",9053440,IT,Postal Code,Active
9222140,38067,"38067,Trentino-South Tyrol,Italy",9053439,IT,Postal Code,Active
9222145,Termini Imerese,"Termini Imerese,Termini Imerese,Sicily,Italy",9053438,IT,City,Active
9222154,25069,"25069,Lombardy,Italy",9053433,IT,Postal Code,Active
9222156,87067,"87067,Calabria,Italy",9053427,IT,Postal Code,Active
9222185,53037,"53037,Tuscany,Italy",9053440,IT,Postal Code,Active
9222223,Sestri Ponente,"Sestri Ponente,Liguria,Italy",9053432,IT,Neighborhood,Active
9222226,16038,"16038,Liguria,Italy",9053432,IT,Postal Code,Active
9222242,64043,"64043,Abruzzo,Italy",9053423,IT,Postal Code,Active
9222251,3041,"03041,Lazio,Italy",9053431,IT,Postal Code,Active
9222258,75015,"75015,Basilicata,Italy",9053426,IT,Postal Code,Active
9222259,6125,"06125,Umbria,Italy",9053441,IT,Postal Code,Active
9222270,43021,"43021,Emilia-Romagna,Italy",9053429,IT,Postal Code,Active
9222280,45100,"45100,Veneto,Italy",9053442,IT,Postal Code,Active
9222300,12041,"12041,Piedmont,Italy",9053436,IT,Postal Code,Active
9222322,25032,"25032,Lombardy,Italy",9053433,IT,Postal Code,Active
9222323,3018,"03018,Lazio,Italy",9053431,IT,Postal Code,Active
9222338,83059,"83059,Campania,Italy",9053428,IT,Postal Code,Active
9222345,40136,"40136,Emilia-Romagna,Italy",9053429,IT,Postal Code,Active
9222353,50037,"50037,Tuscany,Italy",9053440,IT,Postal Code,Active
9222370,57023,"57023,Tuscany,Italy",9053440,IT,Postal Code,Active
9222372,61029,"61029,Marche,Italy",9053434,IT,Postal Code,Active
9222389,70126,"70126,Apulia,Italy",9053425,IT,Postal Code,Active
9222391,88841,"88841,Calabria,Italy",9053427,IT,Postal Code,Active
9222406,62025,"62025,Marche,Italy",9053434,IT,Postal Code,Active
9222409,81013,"81013,Campania,Italy",9053428,IT,Postal Code,Active
9222422,47043,"47043,Emilia-Romagna,Italy",9053429,IT,Postal Code,Active
9222423,20091,"20091,Lombardy,Italy",9053433,IT,Postal Code,Active
9222425,25081,"25081,Lombardy,Italy",9053433,IT,Postal Code,Active
9222470,30135,"30135,Veneto,Italy",9053442,IT,Postal Code,Active
9222490,20028,"20028,Lombardy,Italy",9053433,IT,Postal Code,Active
9222495,98050,"98050,Sicily,Italy",9053438,IT,Postal Code,Active
9222498,27100,"27100,Lombardy,Italy",9053433,IT,Postal Code,Active
9222501,26867,"26867,Lombardy,Italy",9053433,IT,Postal Code,Active
9222505,50018,"50018,Tuscany,Italy",9053440,IT,Postal Code,Active
9222511,10132,"10132,Piedmont,Italy",9053436,IT,Postal Code,Active
9222520,63088,"63088,Marche,Italy",9053434,IT,Postal Code,Active
9222522,24052,"24052,Lombardy,Italy",9053433,IT,Postal Code,Active
9222547,Stradella,"Stradella,Stradella,Lombardy,Italy",9053433,IT,City,Active
9222566,43030,"43030,Emilia-Romagna,Italy",9053429,IT,Postal Code,Active
9222580,67017,"67017,Abruzzo,Italy",9053423,IT,Postal Code,Active
9222609,53013,"53013,Tuscany,Italy",9053440,IT,Postal Code,Active
9222627,41048,"41048,Emilia-Romagna,Italy",9053429,IT,Postal Code,Active
9222632,40060,"40060,Emilia-Romagna,Italy",9053429,IT,Postal Code,Active
9222653,81100,"81100,Campania,Italy",9053428,IT,Postal Code,Active
9222667,Sarno,"Sarno,Sarno,Campania,Italy",9053428,IT,City,Active
9222673,40013,"40013,Emilia-Romagna,Italy",9053429,IT,Postal Code,Active
9222680,Boretto,"Boretto,Boretto,Emilia-Romagna,Italy",9053429,IT,City,Active
9222681,166,"00166,Lazio,Italy",9053431,IT,Postal Code,Active
9222686,92020,"92020,Sicily,Italy",9053438,IT,Postal Code,Active
9222701,89816,"89816,Calabria,Italy",9053427,IT,Postal Code,Active
9222711,Bettola-Zeloforomagno,"Bettola-Zeloforomagno,Lombardy,Italy",9053433,IT,City,Active
9222720,30036,"30036,Veneto,Italy",9053442,IT,Postal Code,Active
9222723,5035,"05035,Umbria,Italy",9053441,IT,Postal Code,Active
9222741,37142,"37142,Veneto,Italy",9053442,IT,Postal Code,Active
9222766,S. G. La Rena - Zia Lisa,"S. G. La Rena - Zia Lisa,Sicily,Italy",9053438,IT,Neighborhood,Active
9222776,42020,"42020,Emilia-Romagna,Italy",9053429,IT,Postal Code,Active
9222788,3048,"03048,Lazio,Italy",9053431,IT,Postal Code,Active
9222790,10010,"10010,Piedmont,Italy",9053436,IT,Postal Code,Active
9222801,60022,"60022,Marche,Italy",9053434,IT,Postal Code,Active
9222803,41013,"41013,Emilia-Romagna,Italy",9053429,IT,Postal Code,Active
9222810,20875,"20875,Lombardy,Italy",9053433,IT,Postal Code,Active
9222825,52014,"52014,Tuscany,Italy",9053440,IT,Postal Code,Active
9222876,31058,"31058,Veneto,Italy",9053442,IT,Postal Code,Active
9222883,86070,"86070,Molise,Italy",9053435,IT,Postal Code,Active
9222891,56048,"56048,Tuscany,Italy",9053440,IT,Postal Code,Active
9222900,82021,"82021,Campania,Italy",9053428,IT,Postal Code,Active
9222901,51039,"51039,Tuscany,Italy",9053440,IT,Postal Code,Active
1008305,Associazione Amici della Badia di Settimo,"Associazione Amici della Badia di Settimo,Tuscany,Italy",9053440,IT,City,Removal Planned
1008318,Sesto Fiorentino Polo Scientifico,"Sesto Fiorentino Polo Scientifico,Tuscany,Italy",9053440,IT,City,Removal Planned
1008881,Lancenigo,"Lancenigo,Lancenigo,Veneto,Italy",9053442,IT,Neighborhood,Removal Planned
9041245,Giovan Battista Pastine International Airport,"Giovan Battista Pastine International Airport,Lazio,Italy",9053431,IT,Airport,Removal Planned
9041246,Genova City Airport,"Genova City Airport,Liguria,Italy",9053432,IT,Airport,Removal Planned
9041247,Leonardo da Vinci International Airport,"Leonardo da Vinci International Airport,Lazio,Italy",9053431,IT,Airport,Removal Planned
9041248,Milan Linate Airport,"Milan Linate Airport,Lombardy,Italy",9053433,IT,Airport,Removal Planned
9041249,Brindisi Airport,"Brindisi Airport,Apulia,Italy",9053425,IT,Airport,Removal Planned
9041250,Il Caravaggio International Airport,"Il Caravaggio International Airport,Lombardy,Italy",9053433,IT,Airport,Removal Planned
9041252,Cagliari Elmas Airport,"Cagliari Elmas Airport,Sardinia,Italy",9053437,IT,Airport,Removal Planned
9041253,Milano Malpensa Airport,"Milano Malpensa Airport,Lombardy,Italy",9053433,IT,Airport,Removal Planned
9041254,Naples International Airport,"Naples International Airport,Campania,Italy",9053428,IT,Airport,Removal Planned
9041255,Palermo Airport,"Palermo Airport,Sicily,Italy",9053438,IT,Airport,Removal Planned
9041256,Pisa International Airport,"Pisa International Airport,Tuscany,Italy",9053440,IT,Airport,Removal Planned
9041257,Reggio Calabria Airport,"Reggio Calabria Airport,Calabria,Italy",9053427,IT,Airport,Removal Planned
9041258,Federico Fellini International Airport,"Federico Fellini International Airport,Emilia-Romagna,Italy",9053429,IT,Airport,Removal Planned
9041259,Torino Airport,"Torino Airport,Piedmont,Italy",9053436,IT,Airport,Removal Planned
9041261,Venice Marco Polo Airport,"Venice Marco Polo Airport,Veneto,Italy",9053442,IT,Airport,Removal Planned
9050609,Fiorano Modenese,"Fiorano Modenese,Emilia-Romagna,Italy",9053429,IT,City,Removal Planned
